Workbook

Sheet Diseño
A2: =VALUE(LEFT(C4,FIND(" - ",C4)-1)) -> 964 | B2: Diseño de Contenido Curricular
B4: Curso | C4: 964 - Organización Computacional
B5: Periodo al que aplica | C5: Primer Semestre 2026
B8: No. | C8: Competencia | D8: Nombre de la Unidad | E8: Tema | F8: Subtema | G8: Mes | H8: Semana
B9: 1 | C9: Diseña Circuitos digitales combinacionales para operaciones aritméticas y lógicas mediante el uso de Proteus, Logisim y Arduino IDE para construir una Unidad Aritmética Lógica (ALU) funcional que ejecute suma, resta, multiplicación y potencias | D9: Conceptos básicos de la Electrónica | E9: Representación de datos en una computadora digital | F9: Sistemas numéricos posicionales. | G9: Enero | H9: 2
B10: 2 | C10: Diseña Circuitos digitales combinacionales para operaciones aritméticas y lógicas mediante el uso de Proteus, Logisim y Arduino IDE para construir una Unidad Aritmética Lógica (ALU) funcional que ejecute suma, resta, multiplicación y potencias | D10: Conceptos básicos de la Electrónica | E10: Representación de datos en una computadora digital | F10: Sistemas numéricos base 2, 8 y 16. | G10: Enero | H10: 3
B11: 3 | C11: Diseña Circuitos digitales combinacionales para operaciones aritméticas y lógicas mediante el uso de Proteus, Logisim y Arduino IDE para construir una Unidad Aritmética Lógica (ALU) funcional que ejecute suma, resta, multiplicación y potencias | D11: Conceptos básicos de la Electrónica | E11: Representación de datos en una computadora digital | F11: Sistemas numéricos base 2, 8 y 16. | G11: Enero | H11: 3
B12: 4 | C12: Diseña Circuitos digitales combinacionales para operaciones aritméticas y lógicas mediante el uso de Proteus, Logisim y Arduino IDE para construir una Unidad Aritmética Lógica (ALU) funcional que ejecute suma, resta, multiplicación y potencias | D12: Conceptos básicos de la Electrónica | E12: Representación de datos en una computadora digital | F12: Sistemas numéricos base 2, 8 y 16. | G12: Enero | H12: 4
B13: 5 | C13: Define los sistemas numéricos posicionales (binario, octal y decimal) y los componentes básicos de la electrónica digital (puertas lógicas, transistores, LEDs) ofreciendo explicaciones sobre su función y relación en la representación de la información en dispositivos digitales con precisión | D13: Lógica Binaria y Operaciones Básicas | E13: Lógica Binaria y Operaciones Básicas | F13: Formas de Minimización de funciones booleanas | G13: Enero | H13: 3
B14: 6 | C14: Define los sistemas numéricos posicionales (binario, octal y decimal) y los componentes básicos de la electrónica digital (puertas lógicas, transistores, LEDs) ofreciendo explicaciones sobre su función y relación en la representación de la información en dispositivos digitales con precisión | D14: Lógica Binaria y Operaciones Básicas | E14: Lógica Binaria y Operaciones Básicas | F14: Mapas de Karnaugh | G14: Enero | H14: 3
B15: 7 | C15: Define los sistemas numéricos posicionales (binario, octal y decimal) y los componentes básicos de la electrónica digital (puertas lógicas, transistores, LEDs) ofreciendo explicaciones sobre su función y relación en la representación de la información en dispositivos digitales con precisión | D15: Lógica Binaria y Operaciones Básicas | E15: Lógica Binaria y Operaciones Básicas | F15: Circuitos Lógicos Binarios | G15: Enero | H15: 3
B16: 8 | C16: Define los sistemas numéricos posicionales (binario, octal y decimal) y los componentes básicos de la electrónica digital (puertas lógicas, transistores, LEDs) ofreciendo explicaciones sobre su función y relación en la representación de la información en dispositivos digitales con precisión | D16: Lógica Binaria y Operaciones Básicas | E16: Lógica Binaria y Operaciones Básicas | F16: Operaciones combinadas (Xor, Xnor, Nand, Nor) | G16: Enero | H16: 3
B17: 9 | C17: Define los sistemas numéricos posicionales (binario, octal y decimal) y los componentes básicos de la electrónica digital (puertas lógicas, transistores, LEDs) ofreciendo explicaciones sobre su función y relación en la representación de la información en dispositivos digitales con precisión | D17: Lógica Combinacional | E17: Diseño de Lógica Combinacional | F17: Comparadores | G17: Febrero | H17: 4
B18: 10 | C18: Define los sistemas numéricos posicionales (binario, octal y decimal) y los componentes básicos de la electrónica digital (puertas lógicas, transistores, LEDs) ofreciendo explicaciones sobre su función y relación en la representación de la información en dispositivos digitales con precisión | D18: Lógica Combinacional | E18: Diseño de Lógica Combinacional | F18: Multiplexador | G18: Febrero | H18: 4
B19: 11 | C19: Define los sistemas numéricos posicionales (binario, octal y decimal) y los componentes básicos de la electrónica digital (puertas lógicas, transistores, LEDs) ofreciendo explicaciones sobre su función y relación en la representación de la información en dispositivos digitales con precisión | D19: Lógica Combinacional | E19: Diseño de Lógica Combinacional | F19: Demultiplexador | G19: Febrero | H19: 4
B20: 12 | C20: Define los sistemas numéricos posicionales (binario, octal y decimal) y los componentes básicos de la electrónica digital (puertas lógicas, transistores, LEDs) ofreciendo explicaciones sobre su función y relación en la representación de la información en dispositivos digitales con precisión | D20: Lógica Combinacional | E20: Diseño de Lógica Combinacional | F20: De binario a BCD | G20: Febrero | H20: 4
... B24: 16 | C24: Implementa Circuitos digitales secuenciales utilizando flip-flops SR, D, JK y T mediante simulación en Proteus y montaje en protoboard aplicando técnicas de diseño lógico para crear y comprobar aplicaciones de almacenamiento, conteo y control de estados en sistemas electrónicos digitales | D24: Bloques Digitales y Lógica Secuencial | E24: Introduccion a la logica secuencial | F24: Latches | G24: Febrero | H24: 6
B25: 17
B26: 18
B27: 19 | C27: Implementa Circuitos digitales secuenciales utilizando flip-flops SR, D, JK y T mediante simulación en Proteus y montaje en protoboard aplicando técnicas de diseño lógico para crear y comprobar aplicaciones de almacenamiento, conteo y control de estados en sistemas electrónicos digitales | D27: Bloques Digitales y Logica Secuencial | E27: Introduccion a la logica secuencial | F27: Flip-flop tipo SR | G27: Febrero | H27: 7
B28: 20 | C28: Implementa Circuitos digitales secuenciales utilizando flip-flops SR, D, JK y T mediante simulación en Proteus y montaje en protoboard aplicando técnicas de diseño lógico para crear y comprobar aplicaciones de almacenamiento, conteo y control de estados en sistemas electrónicos digitales | D28: Bloques Digitales y Logica Secuencial | E28: Introduccion a la logica secuencial | F28: Flip-flop tipo D | G28: Febrero | H28: 7
B29: 21 | C29: Implementa Circuitos digitales secuenciales utilizando flip-flops SR, D, JK y T mediante simulación en Proteus y montaje en protoboard aplicando técnicas de diseño lógico para crear y comprobar aplicaciones de almacenamiento, conteo y control de estados en sistemas electrónicos digitales | D29: Bloques Digitales y Logica Secuencial | E29: Introduccion a la logica secuencial | F29: Flip-flop tipo JK | G29: Febrero | H29: 7
B30: 22 | C30: Implementa Circuitos digitales secuenciales utilizando flip-flops SR, D, JK y T mediante simulación en Proteus y montaje en protoboard aplicando técnicas de diseño lógico para crear y comprobar aplicaciones de almacenamiento, conteo y control de estados en sistemas electrónicos digitales | D30: Bloques Digitales y Logica Secuencial | E30: Introduccion a la logica secuencial | F30: Flip-flop tipo T | G30: Febrero | H30: 7
B31: 23 | C31: Implementa Circuitos digitales secuenciales utilizando flip-flops SR, D, JK y T mediante simulación en Proteus y montaje en protoboard aplicando técnicas de diseño lógico para crear y comprobar aplicaciones de almacenamiento, conteo y control de estados en sistemas electrónicos digitales | D31: Bloques Digitales y Logica Secuencial | E31: Flip-Flops | F31: Aplicaciones de flip-flops en circuitos digitales | H31: 7
B32: 24 | C32: Integra circuitos digitales y sistemas embebidos mediante el uso de bases numéricas, transistores, compuertas lógicas, bloques combinacionales y secuenciales, registros, memoria RAM, Arduino, actuadores, controladores y sensores para la resolución de problemas prácticos de automatización y control en contextos académicos y tecnológicos | D32: Bloques Digitales y Logica Secuencial | E32: Contadores | F32: Contadorres | G32: Marzo | H32: 8
B33: 25 | C33: Integra circuitos digitales y sistemas embebidos mediante el uso de bases numéricas, transistores, compuertas lógicas, bloques combinacionales y secuenciales, registros, memoria RAM, Arduino, actuadores, controladores y sensores para la resolución de problemas prácticos de automatización y control en contextos académicos y tecnológicos | D33: Bloques Digitales y Logica Secuencial | E33: Contadores | F33: Contadorres | G33: Marzo | H33: 8
B34: 26
B35: 27
B36: 28
B37: 29
B38: 30 | C38: Implementa soluciones de almacenamiento y conteo digital utilizando registros y contadores apoyándose en simuladores de circuitos digitales como Proteus para optimizar el manejo de datos y eventos secuenciales en sistemas electrónicos | D38: Registros Digitales, Actuadores y Controladores Avanzados | E38: Registros digitales | F38: Registro en paralelo | G38: Marzo | H38: 9
B39: 31 | C39: Implementa soluciones de almacenamiento y conteo digital utilizando registros y contadores apoyándose en simuladores de circuitos digitales como Proteus para optimizar el manejo de datos y eventos secuenciales en sistemas electrónicos | D39: Registros Digitales, Actuadores y Controladores Avanzados | E39: Registros digitales | F39: Registro en serie | G39: Marzo | H39: 9
B40: 32 | C40: Implementa soluciones de almacenamiento y conteo digital utilizando registros y contadores apoyándose en simuladores de circuitos digitales como Proteus para optimizar el manejo de datos y eventos secuenciales en sistemas electrónicos | D40: Registros Digitales, Actuadores y Controladores Avanzados | E40: Registros digitales | F40: Registros en almacenamiento | G40: Marzo | H40: 9
B41: 33 | C41: Implementa soluciones de almacenamiento y conteo digital utilizando registros y contadores apoyándose en simuladores de circuitos digitales como Proteus para optimizar el manejo de datos y eventos secuenciales en sistemas electrónicos | D41: Registros Digitales, Actuadores y Controladores Avanzados | E41: Registros digitales | F41: Transferencia de datos | G41: Marzo | H41: 9
B42: 34 | C42: Implementa soluciones de almacenamiento y conteo digital utilizando registros y contadores apoyándose en simuladores de circuitos digitales como Proteus para optimizar el manejo de datos y eventos secuenciales en sistemas electrónicos | D42: Registros Digitales, Actuadores y Controladores Avanzados | E42: Registros digitales | F42: Memoria RAM | G42: Marzo | H42: 9
B43: 35 | C43: Diseña sistemas de control interactivos con microcontroladores y sensores mediante el uso de Arduino IDE y librerías de comunicación (Serial, I2C, SPI) para automatizar procesos de monitoreo y control en tiempo real en dispositivos electrónicos | D43: Arduino | E43: Introduccion a Arduino | F43: Funcionamiento y partes de un Arduino | G43: Marzo | H43: 10
B44: 36 | C44: Diseña sistemas de control interactivos con microcontroladores y sensores mediante el uso de Arduino IDE y librerías de comunicación (Serial, I2C, SPI) para automatizar procesos de monitoreo y control en tiempo real en dispositivos electrónicos | D44: Arduino | E44: Introduccion a Arduino | F44: Codigo de Arduino y su implementación | G44: Marzo | H44: 10
B45: 37 | C45: Diseña sistemas de control interactivos con microcontroladores y sensores mediante el uso de Arduino IDE y librerías de comunicación (Serial, I2C, SPI) para automatizar procesos de monitoreo y control en tiempo real en dispositivos electrónicos | D45: Arduino | E45: Introduccion a Arduino | F45: Protocolos de Comunicación (Serial, I2C, SPI) | G45: Marzo | H45: 10
B46: 38 | C46: Diseña sistemas de control interactivos con microcontroladores y sensores mediante el uso de Arduino IDE y librerías de comunicación (Serial, I2C, SPI) para automatizar procesos de monitoreo y control en tiempo real en dispositivos electrónicos | D46: Arduino | E46: Introduccion a Arduino | F46: Actuadores | G46: Marzo | H46: 10
B47: 39
B48: 40 | C48: Diseña Circuitos digitales combinacionales para operaciones aritméticas y lógicas mediante el uso de Proteus, Logisim y Arduino IDE para construir una Unidad Aritmética Lógica (ALU) funcional que ejecute suma, resta, multiplicación y potencias | D48: Bloques Digitales y Lógica Secuencial | E48: Bloques Combinacionales | F48: Circuitos de Control | H48: 5
B49: 41 | C49: Diseña Circuitos digitales combinacionales para operaciones aritméticas y lógicas mediante el uso de Proteus, Logisim y Arduino IDE para construir una Unidad Aritmética Lógica (ALU) funcional que ejecute suma, resta, multiplicación y potencias | D49: Bloques Digitales y Lógica Secuencial | E49: Bloques Combinacionales | F49: Sumador | H49: 5
B50: 42 | C50: Diseña Circuitos digitales combinacionales para operaciones aritméticas y lógicas mediante el uso de Proteus, Logisim y Arduino IDE para construir una Unidad Aritmética Lógica (ALU) funcional que ejecute suma, resta, multiplicación y potencias | D50: Bloques Digitales y Lógica Secuencial | E50: Bloques Combinacionales | F50: Restador | H50: 5
B51: 43 | C51: Diseña Circuitos digitales combinacionales para operaciones aritméticas y lógicas mediante el uso de Proteus, Logisim y Arduino IDE para construir una Unidad Aritmética Lógica (ALU) funcional que ejecute suma, resta, multiplicación y potencias | D51: Bloques Digitales y Lógica Secuencial | E51: Bloques Combinacionales | F51: Multiplicador | H51: 5
B52: 44 | C52: Diseña sistemas de control interactivos con microcontroladores y sensores mediante el uso de Arduino IDE y librerías de comunicación (Serial, I2C, SPI) para automatizar procesos de monitoreo y control en tiempo real en dispositivos electrónicos | D52: Dispositivos Electromecánicos | E52: Actuadores Avanzados | F52: Librerías en Arduino y su funcionamiento | H52: 11
B53: 45 | C53: Diseña sistemas de control interactivos con microcontroladores y sensores mediante el uso de Arduino IDE y librerías de comunicación (Serial, I2C, SPI) para automatizar procesos de monitoreo y control en tiempo real en dispositivos electrónicos | D53: Dispositivos Electromecánicos | E53: Actuadores Avanzados | F53: Servomotor | H53: 11
B54: 46 | C54: Diseña sistemas de control interactivos con microcontroladores y sensores mediante el uso de Arduino IDE y librerías de comunicación (Serial, I2C, SPI) para automatizar procesos de monitoreo y control en tiempo real en dispositivos electrónicos | D54: Dispositivos Electromecánicos | E54: Actuadores Avanzados | F54: Motor Stepper | H54: 11
B55: 47 | C55: Diseña sistemas de control interactivos con microcontroladores y sensores mediante el uso de Arduino IDE y librerías de comunicación (Serial, I2C, SPI) para automatizar procesos de monitoreo y control en tiempo real en dispositivos electrónicos | D55: Dispositivos Electromecánicos | E55: Actuadores Avanzados | F55: Sensor de Temperatura | H55: 11
B56: 48 | C56: Diseña sistemas de control interactivos con microcontroladores y sensores mediante el uso de Arduino IDE y librerías de comunicación (Serial, I2C, SPI) para automatizar procesos de monitoreo y control en tiempo real en dispositivos electrónicos | D56: Dispositivos Electromecánicos | E56: Actuadores Avanzados | F56: Sensor Fotoresistencia | H56: 11
B57: 49 | C57: Diseña sistemas de control interactivos con microcontroladores y sensores mediante el uso de Arduino IDE y librerías de comunicación (Serial, I2C, SPI) para automatizar procesos de monitoreo y control en tiempo real en dispositivos electrónicos | D57: Dispositivos Electromecánicos | E57: Actuadores Avanzados | F57: Sensor de Dióxido de Carbono | H57: 11
B58: 50 | C58: Diseña sistemas de control interactivos con microcontroladores y sensores mediante el uso de Arduino IDE y librerías de comunicación (Serial, I2C, SPI) para automatizar procesos de monitoreo y control en tiempo real en dispositivos electrónicos | D58: Dispositivos Electromecánicos | E58: Actuadores Avanzados | F58: Sensor de Proximidad | H58: 11

Sheet Semana Diagnostico
B2: Diseño de Contenido Curricular
B4: Curso | C4: ='Diseño'!C4 -> 964 - Organización Computacional
B5: Semana | C5: 1
B6: Tiempo | C6: =B15+B22+B29+B41+B47+C48 -> 100
A9: 1. Bienvenida y Presentación | G9: Tiempo Aproximado | H9: 15
G10: No puedes excederte mas de 15 minutos
A11: Nombre y Formacion Academica | B11: Me presentaré diciendo mi nombre completo. Compartiré mi formación académica, la carrera que estudié y resaltaré la experiencia que tengo en el área de sistemas y organización computacional. Mencionaré que mi preparación me da las bases necesarias para acompañarlos en el aprendizaje de la materia.
A12: Experiencia docente y profecional | B12: Hablaré de mi experiencia dando clases en el área de computación e informática. Mencionaré los cursos o asignaturas en los que he trabajado previamente. Compartiré también mi experiencia profesional fuera de la docencia, como proyectos, trabajos en empresas o colaboraciones relacionadas con sistemas y computación. Resaltaré cómo esta experiencia me permite vincular la teoría con la práctica y enriquecer la clase. | K12: Estos puntos son recomendaciones de los puntos a tratar durante tu presentacion, si no usaras estos eres libre de agregar mas filas para indicar que haras. En los recuadros de la derecha colocar breve resumen de lo que planeas decir. No debes ser muy especifico seran pequeñas anotaciones que te ayudaran a recordar lo que planeaste
A13: Rol del auxiliar dentro del curso (funciones, actividades y apoyo a los estudiantes). | B13: Explicaré que como auxiliar mi función principal es acompañar y apoyar tanto al docente como a los estudiantes. Mencionaré que estaré disponible para resolver dudas, orientar en el uso de materiales, guiar en actividades prácticas y reforzar los temas vistos en clase. Aclararé que mi objetivo es facilitar el aprendizaje y servir como un puente entre el profesor y los alumnos.
A14: Expectativas sobre la dinámica del curso | B14: Compartiré que espero que el curso sea participativo y dinámico. Mencionaré que deseo que los estudiantes se involucren activamente en clase, planteen preguntas y aporten ideas. Resaltaré que la práctica y la colaboración serán claves para el aprendizaje. Explicaré que mi expectativa es que trabajemos en un ambiente de respeto, compromiso y motivación mutua.
A15: Tiempo que emplearas | B15: 15
A18: 2. Evaluación de Conocimientos Previos | G18: Tiempo Aproximado | H18: 25
G19: No puedes excederte mas de 45 minutos
A20: Redactaras de 15 a 20 preguntas con sus respectivas respuestas , por lo que debes escoge los temas que evaluaras | B20: ¿Qué es el sistema binario y por qué se usa en computación digital? → Es el sistema que usa dos símbolos (0 y 1). Se utiliza porque los circuitos electrónicos trabajan con dos estados: encendido y apagado. ¿Cuál es la diferencia entre un nivel lógico alto (1) y un nivel lógico bajo (0)? → El 1 representa presencia de voltaje y el 0 ausencia de voltaje. ¿Qué es una compuerta lógica? Menciona tres tipos. → Son circuitos básicos que realizan operaciones lógicas; ejemplos: AND, OR, NOT. ¿Cuál es la tabla de verdad de una compuerta AND? → Solo da 1 si ambas entradas son 1. ¿Qué función realiza una compuerta OR? → Da 1 si al menos una entrada es 1. ¿Qué es una compuerta NOT y qué hace? → Invierte el valor de entrada; de 1 a 0 y de 0 a 1. ¿Qué diferencia hay entre combinacional y secuencial en circuitos digitales? → Los combinacionales dependen solo de entradas actuales; los secuenciales también dependen de estados previos. ¿Qué es un flip-flop y para qué se usa? → Es un circuito secuencial que almacena un bit de información. ¿Qué es un multiplexor (MUX) y cuál es su utilidad? → Selecciona una de varias entradas y la dirige a la salida. ¿Qué es un sumador binario y cómo se utiliza en la ALU? → Es un circuito que realiza sumas binarias; en la ALU sirve para operaciones aritméticas. ¿Qué es la memoria RAM y para qué sirve? → Es una memoria de acceso rápido y temporal que almacena datos e instrucciones mientras el equipo está en uso. ¿Cuál es la diferencia entre hardware y software? → El hardware son los componentes físicos, mientras que el software son los programas e instrucciones que los hacen funcionar. ¿Qué es un bus en arquitectura computacional? → Es un sistema de comunicación que transporta datos, direcciones y señales de control entre los componentes del computador. ¿Qué es la unidad de control (UC) en la CPU? → Es la parte que coordina y dirige las operaciones, interpretando instrucciones y controlando el flujo de datos. ¿Cuál es la diferencia entre memoria caché y memoria principal? → La caché es más rápida y almacena datos de uso frecuente; la principal (RAM) es más grande pero más lenta en comparación. | K20: En los recuadors de la derecha deberas colocar las preguntas que planeas realizar con sus respectivas respuestas. En el segundo recuadro deberas colocar un breve resumne de lo que tines planificado para la parte practica del curso previo al que estas impartiendo.
A21: Redactaras una parte practica | B21: Planifico un repaso práctico de conceptos básicos de circuitos digitales: - Identificación de valores binarios en ejemplos sencillos. - Resolución de tablas de verdad para AND, OR y NOT. - Ejercicios de simulación con compuertas lógicas. - Ejemplo breve de sumador binario de 1 bit. - Actividad en parejas para diferenciar circuitos combinacionales y secuenciales.
A22: Tiempo que emplearas | B22: 25
A25: 3. Presentación de los Estudiantes | G25: Tiempo Aproximado | H25: 30
G26: No puedes excederte mas de 30 minutos
A27: Seleccion al Azar de 5 Estudiantes | B27: Explicaré que la dinámica será mediante selección al azar. Los estudiantes serán elegidos al final de la actividad inicial para garantizar imparcialidad y fomentar la participación. Se usarán números asignados a cada estudiante o una aplicación sencilla de sorteo en línea. Serán seleccionados 5 estudiantes al azar, quienes responderán preguntas específicas frente al grupo. | K27: En el primer recuadro colocaras la metodollogia que adoptaras para la eleccion de los estudiantes. En el segundo recuadro colocaras la redaccion de las preguntas que comprendan los siguientes puntos respecto al estudiante: Nombre. Intereses y expectativas sobre el curso. Experiencia previa relacionada con el curso (si aplica). Un dato curioso sobre sí mismo. Consideras que la prueba de conociminetos previos esta acorde al conocimiento que se te brindo en su momento Que tan comodo se sintio con la prueba anterior.
A28: Preguntas que responderan los estudiantes afortunados | B28: 1. ¿Cuál es tu nombre? 2. ¿Cuáles son tus intereses y expectativas sobre el curso? 3. ¿Tienes experiencia previa relacionada con este curso? (si aplica) 4. Cuéntanos un dato curioso sobre ti. 5. ¿Consideras que la prueba de conocimientos previos estuvo acorde con lo que habías aprendido antes? 6. ¿Qué tan cómodo(a) te sentiste con la prueba anterior?
A29: Tiempo que emplearas | B29: 30
A32: 4. Senso de Horarios de Calificación | G32: Tiempo Aproximado | H32: 5
A33: Deberas estar recordando que deben contestar el formulario asi mismo dejar el link fijado en la llamada | G33: Esta actividad quedara abierta hasta el fin de la clase. pero emplearas 5 min especificos para la actividad
A34: Link de google forms donde este el cuestionario | B34: Compartiré un Google Form con mis estudiantes. Configuraré el formulario para que solo puedan responder con su correo institucional, así garantizaré que cada estudiante envíe únicamente una respuesta. El cuestionario pedirá su nombre, grupo, día y horario preferido para la calificación. | K34: Esta actividad te ayudara a realizar un senso de posibles horarios de calificacion y que tus estudiantes esten enterados y puedan preveer los dias de calificacion y asi mismo el horario. Deberas colocar en los reacuadros de la derecha link de Google form libre para correos intitucionales, esto para garantizar una sola respuesta por estudiante. TAmbien deberas colocar los posibles horarios y dias que tentativamente tendrias disponibles. para colocarlos en el google form.
A35: Dias y posibles Horarios de calificacion | B35: Tendré disponibles los siguientes horarios tentativos: - Sábado: 9:00 – 10:30 h, 11:00 – 12:30 h, 13:00 – 14:30 h Explicaré que estos horarios serán tentativos y que podré ajustarlos según la disponibilidad del grupo.
A36: Tiempo que emplearas | B36: 5
A39: 4. Mostrar Programa del Curso | G39: Tiempo Aproximado | H39: 20
G40: No puedes excederte mas de 30 minutos
A41: Tiempo que emplearas | B41: 20
A44: 2. Evaluación de Conocimientos del Curso Actual | G44: Tiempo Aproximado | H44: 10
G45: No puedes excederte mas de 15 minutos
A46: Redactaras 20 preguntas con sus respectivas respuestas | B46: Pregunta: ¿Cuál es el objetivo principal del laboratorio? Respuesta: Aplicar principios de electrónica digital en el diseño y análisis de circuitos combinacionales y secuenciales. Pregunta: Menciona dos sistemas numéricos posicionales utilizados en el curso. Respuesta: Binario y octal. Pregunta: ¿Qué software se utiliza para simular circuitos digitales? Respuesta: Proteus, Logisim o Multisim. Pregunta: ¿Qué es el álgebra booleana? Respuesta: Un sistema matemático para representar y simplificar operaciones lógicas. Pregunta: ¿Qué herramienta se usa para minimizar funciones booleanas? Respuesta: Mapas de Karnaugh. Pregunta: Nombra dos compuertas lógicas básicas. Respuesta: AND y OR. Pregunta: ¿Cuál es la diferencia principal entre lógica combinacional y lógica secuencial? Respuesta: La combinacional depende solo de las entradas actuales, la secuencial depende de entradas y estados previos. Pregunta: Menciona un ejemplo de circuito combinacional estudiado en el curso. Respuesta: Sumador. Pregunta: ¿Qué componente es fundamental para almacenar estados en lógica secuencial? Respuesta: Flip-flop. Pregunta: Escribe un tipo de flip-flop visto en el laboratorio. Respuesta: Flip-flop tipo JK. Pregunta: ¿Qué es un contador síncrono? Respuesta: Un contador en el que todos los flip-flops cambian de estado al mismo tiempo. Pregunta: Menciona un tipo de registro digital. Respuesta: Registro en paralelo. Pregunta: ¿Qué plataforma se utiliza para programar y controlar sensores en Arduino? Respuesta: Arduino IDE. Pregunta: Nombra un actuador utilizado en las prácticas de Arduino. Respuesta: Servomotor. Pregunta: ¿Cuál es el porcentaje mínimo de asistencia requerido para aprobar el laboratorio? Respuesta: 80%.
A47: Tiempo que emplearas | B47: 10

Sheet S.2
B2: Diseño de la Sesión de Laboratorio
B4: Curso | C4: ='Diseño'!C4 -> 964 - Organización Computacional
B5: Semana | C5: 2
B6: Tiempo | C6: =H10+H21+H44+H68 -> 100
B7: Ponderación | C7: =B49+B60 -> 0
B8: Validación de Tiempo | C8: =IF(H44<=0, "❌ ERROR: La Actividad 1 debe tener un tiempo mayor a 0.", IF(H21>60, "❌ ERROR: El 'Área de Conocimiento' no puede exceder los 60 min.", IF(C6<100, "❌ ERROR: El tiempo total debe ser de al menos 100 min.", "✅ VALIDACIÓN CORRECTA"))) -> ✅ VALIDACIÓN CORRECTA
A10: 1. Área Actitudinal (Saber Ser) | G10: Tiempo Aproximado | H10: 5
G11: Tiene que estar en un rango de 3 a 5 minutos
A12: Nombre del Valor | B12: Reponsabilidad
A13: Tiempo Aproximado | B13: 5
A14: Descripcion
A15: La responsabilidad se manifiesta en el compromiso del estudiante con sus entregables, su participación activa en la clase y el cumplimiento de las actividades propuestas. Es fundamental para el desarrollo exitoso de proyectos prácticos como el diseño de circuitos digitales.
A17: Como se relaciona con los conocimientos de la sesion y se aplicaria
A18: La responsabilidad se aplica al momento de entregar los diseños de circuitos a tiempo, revisar simulaciones, y participar en la construcción del ALU. El estudiante debe comprometerse con su aprendizaje y con el uso correcto de las herramientas como Proteus, Logisim y Arduino IDE.
A21: 2. Área Conocimiento (Saber) | G21: Tiempo Aproximado | H21: 50
G22: No puede exceder los 60 minutos
A23: Competencia a desarrollar | B23: Diseña Circuitos digitales combinacionales para operaciones aritméticas y lógicas mediante el uso de Proteus, Logisim y Arduino IDE para construir una Unidad Aritmética Lógica (ALU) funcional que ejecute suma, resta, multiplicación y potencias
A24: Competencia a desarrollar
A26: 2.1 Contenido
A27: No. | B27: Unidad | D27: Tema | F27: Sub Tema
A28: 1 | B28: =IFERROR(__xludf.DUMMYFUNCTION("FILTER('Diseño'!D:D,'Diseño'!H:H=$C$5)"),"Conceptos básicos de la Electrónica") -> Conceptos básicos de la Electrónica | D28: =IFERROR(__xludf.DUMMYFUNCTION("FILTER('Diseño'!E:E,'Diseño'!H:H=$C$5)"),"Representación de datos en una computadora digital") -> Representación de datos en una computadora digital | F28: =IFERROR(__xludf.DUMMYFUNCTION("FILTER('Diseño'!F:F,'Diseño'!H:H=$C$5)"),"Sistemas numéricos posicionales.") -> Sistemas numéricos posicionales.
A29: 2 | B29: =IFERROR(__xludf.DUMMYFUNCTION("FILTER('Diseño'!D:D,'Diseño'!H:H=$C$5)"),"Conceptos básicos de la Electrónica") -> Conceptos básicos de la Electrónica | D29: =IFERROR(__xludf.DUMMYFUNCTION("FILTER('Diseño'!E:E,'Diseño'!H:H=$C$5)"),"Representación de datos en una computadora digital") -> Representación de datos en una computadora digital | F29: Sistemas numéricos base 2, 8 y 16.
A30: 3
A31: 4
A32: 5
A33: 6
A34: 7
A36: 2.2 Recursos Educativos
A38: Tipo de Recurso a utilizar | B38: Tipo | C38: Rango Aproximando | D38: Tiempo Aproximado
A39: Presentacion | B39: Obligatorio | D39: 40
A40: Video | B40: Obligatorio | C40: 3 a 6 minutos | D40: 10
A41: Lectura | B41: Optativo | D41: 10
A42: Ejercicio Demostrativo | B42: Obligatorio
A44: 3. Área de Habilidades (Saber Hacer) | G44: Tiempo Aproximado | H44: =B50 -> 40
G45: Tiene que estar en un rango de 30 a 50 minutos
A46: Actividad 1 (Obligatoria)
A47: Competencia que predomina en la actividad | B47: Diseña Circuitos digitales combinacionales para operaciones aritméticas y lógicas mediante el uso de Proteus, Logisim y Arduino IDE para construir una Unidad Aritmética Lógica (ALU) funcional que ejecute suma, resta, multiplicación y potencias
A48: Tipo de Actividad | B48: Ejercicio practico
A49: Ponderación | B49: 0
A50: Tiempo Aproximado | B50: 40
A51: Coloca el tiempo que usar en la actividad, un tiempo sugerido 30 minutos
A52: Descripcion de la Actividad
A53: Los estudiantes deberán construir un circuito digital en Proteus que simule una ALU capaz de realizar operaciones aritméticas (suma, resta) y lógicas (AND, OR, NOT). Luego, deberán implementar parte del circuito en Arduino IDE para verificar su funcionamiento. Se evaluará la correcta implementación y la simulación funcional.
A57: Actividad 2 (Optativa puedes hacerla si lo consideras apropiado)
A58: Competencia que predomina en la actividad
A59: Tipo de Actividad
A60: Ponderación
A61: Tiempo Aproximado
A62: Coloca el tiempo que usar en la actividad, un tiempo sugerido 20 minutos
A63: Descripcion de la Actividad
A68: 3. Cierre | G68: Tiempo Aproximado | H68: =B70 -> 5
G69: Tiene que estar en un rango de 10 a 15 minutos
A70: Tiempo Aproximado | B70: 5
A71: Asignacion de Actividades
A72: Despedida y resolución de dudas.
A74: Resuelve alguna duda, asigna las actividades que deben realizar, dudas de proyectos, etc

Sheet S.3
B2: Diseño de la Sesión de Laboratorio
B4: Curso | C4: ='Diseño'!C4 -> 964 - Organización Computacional
B5: Semana | C5: 3
B6: Tiempo | C6: =H10+H21+H44+H68 -> 110
B7: Ponderación | C7: =B49+B60 -> 0
B8: Validación de Tiempo | C8: =IF(H44<=0, "❌ ERROR: La Actividad 1 debe tener un tiempo mayor a 0.", IF(H21>60, "❌ ERROR: El 'Área de Conocimiento' no puede exceder los 60 min.", IF((H10+H21+H44)<100, "❌ ERROR: El tiempo total debe ser de al menos 100 min.", "✅ VALIDACIÓN CORRECTA"))) -> ✅ VALIDACIÓN CORRECTA
A10: 1. Área Actitudinal (Saber Ser) | G10: Tiempo Aproximado | H10: 5
G11: Tiene que estar en un rango de 3 a 5 minutos
A12: Nombre del Valor | B12: Trabajo en equipo
A13: Tiempo Aproximado | B13: 5
A14: Descripcion
A15: Fomentar la colaboración y comunicación efectiva entre los miembros del equipo para lograr objetivos comunes en el diseño y desarrollo de circuitos combinacionales y sistemas electrónicos.
A17: Como se relaciona con los conocimientos de la sesion y se aplicaria
A18: El trabajo en equipo se relaciona con los conocimientos de la sesión al permitir a los estudiantes colaborar para analizar, diseñar y simular circuitos combinacionales, asegurando que cada integrante aporte y comprenda la función y requerimientos del sistema, mejorando así la calidad y efectividad del proyecto.
A21: 2. Área Conocimiento (Saber) | G21: Tiempo Aproximado | H21: 50
G22: No puede exceder los 60 minutos
A23: Competencia a desarrollar | B23: Define los sistemas numéricos posicionales (binario, octal y decimal) y los componentes básicos de la electrónica digital (puertas lógicas, transistores, LEDs) ofreciendo explicaciones sobre su función y relación en la representación de la información en dispositivos digitales con precisión
A24: Competencia a desarrollar
A26: 2.1 Contenido
A27: No. | B27: Unidad | D27: Tema | F27: Sub Tema
A28: 1 | B28: Lógica Binaria y Operaciones Básicas | D28: Lógica Binaria y Operaciones Básicas | F28: Formas de Minimización de funciones booleanas
A29: 2 | B29: Lógica Binaria y Operaciones Básicas | D29: Lógica Binaria y Operaciones Básicas | F29: Mapas de Karnaugh
A30: 3 | B30: Lógica Binaria y Operaciones Básicas | D30: Lógica Binaria y Operaciones Básicas | F30: Circuitos Lógicos Binarios
A31: 4 | B31: Lógica Binaria y Operaciones Básicas | D31: Lógica Binaria y Operaciones Básicas | F31: Operaciones combinadas (Xor, Xnor, Nand, Nor)
A32: 5
A33: 6
A34: 7
A36: 2.2 Recursos Educativos
A38: Tipo de Recurso a utilizar | B38: Tipo | C38: Rango Aproximando | D38: Tiempo Aproximado
A39: Presentacion | B39: Obligatorio
A40: Video | B40: Obligatorio | C40: 3 a 6 minutos
A41: Lectura | B41: Optativo
A42: Ejercicio Demostrativo | B42: Obligatorio
A44: 3. Área de Habilidades (Saber Hacer) | G44: Tiempo Aproximado | H44: 45
G45: Tiene que estar en un rango de 30 a 50 minutos
A46: Actividad 1 (Obligatoria)
A47: Competencia que predomina en la actividad | B47: Define los sistemas numéricos posicionales (binario, octal y decimal) y los componentes básicos de la electrónica digital (puertas lógicas, transistores, LEDs) ofreciendo explicaciones sobre su función y relación en la representación de la información en dispositivos digitales con precisión
A48: Tipo de Actividad | B48: Ejercicio practico
A49: Ponderación | B49: 0
A50: Tiempo Aproximado | B50: 10
A51: Coloca el tiempo que usar en la actividad, un tiempo sugerido 30 minutos
A52: Descripcion de la Actividad
A53: Ejercicio practico de simplificaciones de funciones booleanas aplicando el algebra de bool y mapas de karnaugh
A57: Actividad 2 (Optativa puedes hacerla si lo consideras apropiado)
A58: Competencia que predomina en la actividad
A59: Tipo de Actividad
A60: Ponderación
A61: Tiempo Aproximado
A62: Coloca el tiempo que usar en la actividad, un tiempo sugerido 20 minutos
A63: Descripcion de la Actividad
A68: 3. Cierre | G68: Tiempo Aproximado | H68: 10
G69: Tiene que estar en un rango de 10 a 15 minutos
A70: Tiempo Aproximado | B70: 10
A71: Asignacion de Actividades
A72: Despedida y resolución de dudas.
A74: Resuelve alguna duda, asigna las actividades que deben realizar, dudas de proyectos, etc

Sheet S.4
B2: Diseño de la Sesión de Laboratorio
B4: Curso | C4: ='Diseño'!C4 -> 964 - Organización Computacional
B5: Semana | C5: 4
B6: Tiempo | C6: 100
B7: Ponderación | C7: 1
B8: Validación de Tiempo | C8: =IF(H44<=0, "❌ ERROR: La Actividad 1 debe tener un tiempo mayor a 0.", IF(H21>60, "❌ ERROR: El 'Área de Conocimiento' no puede exceder los 60 min.", IF((H10+H21+H44)<100, "❌ ERROR: El tiempo total debe ser de al menos 100 min.", "✅ VALIDACIÓN CORRECTA"))) -> ✅ VALIDACIÓN CORRECTA
A10: 1. Área Actitudinal (Saber Ser) | G10: Tiempo Aproximado | H10: 5
G11: Tiene que estar en un rango de 3 a 5 minutos
A12: Nombre del Valor | B12: Pensamiento lógico
A13: Tiempo Aproximado | B13: 5
A14: Descripcion
A15: Utilizar el pensamiento lógico para analizar y estructurar el diseño de circuitos combinacionales, como comparadores, multiplexores, demultiplexores y conversores binario–BCD, asegurando soluciones claras y funcionales.
A17: Como se relaciona con los conocimientos de la sesion y se aplicaria
A18: El pensamiento lógico se relaciona con los conocimientos de la sesión al permitir al estudiante analizar y estructurar el funcionamiento de comparadores, multiplexores, demultiplexores y conversores binario–BCD. Se aplica al diseñar y simular circuitos combinacionales, asegurando que la implementación cumpla con los requerimientos y funcione correctamente.
A21: 2. Área Conocimiento (Saber) | G21: Tiempo Aproximado | H21: 50
G22: No puede exceder los 60 minutos
A23: Competencia a desarrollar | B23: Define los sistemas numéricos posicionales (binario, octal y decimal) y los componentes básicos de la electrónica digital (puertas lógicas, transistores, LEDs) ofreciendo explicaciones sobre su función y relación en la representación de la información en dispositivos digitales con precisión
A24: Competencia a desarrollar
A26: 2.1 Contenido
A27: No. | B27: Unidad | D27: Tema | F27: Sub Tema
A28: 1 | B28: =IFERROR(__xludf.DUMMYFUNCTION("FILTER('Diseño'!D:D,'Diseño'!H:H=$C$5)"),"Conceptos básicos de la Electrónica") -> Conceptos básicos de la Electrónica | D28: =IFERROR(__xludf.DUMMYFUNCTION("FILTER('Diseño'!E:E,'Diseño'!H:H=$C$5)"),"Representación de datos en una computadora digital") -> Representación de datos en una computadora digital | F28: =IFERROR(__xludf.DUMMYFUNCTION("FILTER('Diseño'!F:F,'Diseño'!H:H=$C$5)"),"Sistemas numéricos base 2, 8 y 16.") -> Sistemas numéricos base 2, 8 y 16.
A29: 2 | B29: =IFERROR(__xludf.DUMMYFUNCTION("""COMPUTED_VALUE"""),"Lógica Combinacional") -> Lógica Combinacional | D29: =IFERROR(__xludf.DUMMYFUNCTION("""COMPUTED_VALUE"""),"Diseño de Lógica Combinacional") -> Diseño de Lógica Combinacional | F29: =IFERROR(__xludf.DUMMYFUNCTION("""COMPUTED_VALUE"""),"Comparadores") -> Comparadores
A30: 3 | B30: =IFERROR(__xludf.DUMMYFUNCTION("""COMPUTED_VALUE"""),"Lógica Combinacional") -> Lógica Combinacional | D30: =IFERROR(__xludf.DUMMYFUNCTION("""COMPUTED_VALUE"""),"Diseño de Lógica Combinacional") -> Diseño de Lógica Combinacional | F30: =IFERROR(__xludf.DUMMYFUNCTION("""COMPUTED_VALUE"""),"Multiplexador") -> Multiplexador
A31: 4 | B31: =IFERROR(__xludf.DUMMYFUNCTION("""COMPUTED_VALUE"""),"Lógica Combinacional") -> Lógica Combinacional | D31: =IFERROR(__xludf.DUMMYFUNCTION("""COMPUTED_VALUE"""),"Diseño de Lógica Combinacional") -> Diseño de Lógica Combinacional | F31: =IFERROR(__xludf.DUMMYFUNCTION("""COMPUTED_VALUE"""),"Demultiplexador") -> Demultiplexador
A32: 5 | B32: =IFERROR(__xludf.DUMMYFUNCTION("""COMPUTED_VALUE"""),"Lógica Combinacional") -> Lógica Combinacional | D32: =IFERROR(__xludf.DUMMYFUNCTION("""COMPUTED_VALUE"""),"Diseño de Lógica Combinacional") -> Diseño de Lógica Combinacional | F32: =IFERROR(__xludf.DUMMYFUNCTION("""COMPUTED_VALUE"""),"De binario a BCD") -> De binario a BCD
A33: 6
A34: 7
A36: 2.2 Recursos Educativos
A38: Tipo de Recurso a utilizar | B38: Tipo | C38: Rango Aproximando | D38: Tiempo Aproximado
A39: Presentacion | B39: Obligatorio | D39: 35
A40: Video | B40: Obligatorio | C40: 3 a 6 minutos | D40: 5
A41: Lectura | B41: Optativo
A42: Ejercicio Demostrativo | B42: Obligatorio | D42: 10
A44: 3. Área de Habilidades (Saber Hacer) | G44: Tiempo Aproximado | H44: 45
G45: Tiene que estar en un rango de 30 a 50 minutos
A46: Actividad 1 (Obligatoria)
A47: Competencia que predomina en la actividad | B47: Define los sistemas numéricos posicionales (binario, octal y decimal) y los componentes básicos de la electrónica digital (puertas lógicas, transistores, LEDs) ofreciendo explicaciones sobre su función y relación en la representación de la información en dispositivos digitales con precisión
A48: Tipo de Actividad | B48: Analisis
A49: Ponderación | B49: 0
A50: Tiempo Aproximado | B50: 35
A51: Coloca el tiempo que usar en la actividad, un tiempo sugerido 30 minutos
A52: Descripcion de la Actividad
A53: Analizar el funcionamiento de comparadores, multiplexores, demultiplexores y conversores binario–BCD para identificar relaciones entre entradas y salidas, simplificar expresiones lógicas y optimizar el diseño de circuitos combinacionales.
A57: Actividad 2 (Optativa puedes hacerla si lo consideras apropiado)
A58: Competencia que predomina en la actividad
A59: Tipo de Actividad
A60: Ponderación
A61: Tiempo Aproximado
A62: Coloca el tiempo que usar en la actividad, un tiempo sugerido 20 minutos
A63: Descripcion de la Actividad
A68: 3. Cierre | G68: Tiempo Aproximado | H68: 10
G69: Tiene que estar en un rango de 10 a 15 minutos
A70: Tiempo Aproximado | B70: 10
A71: Asignacion de Actividades
A72: Despedida y resolución de dudas.
A74: Resuelve alguna duda, asigna las actividades que deben realizar, dudas de proyectos, etc

Sheet S.5
B2: Diseño de la Sesión de Laboratorio
B4: Curso | C4: ='Diseño'!C4 -> 964 - Organización Computacional
B5: Semana | C5: 5
B6: Tiempo | C6: 100
B7: Ponderación | C7: 1
B8: Validación de Tiempo | C8: =IF(H44<=0, "❌ ERROR: La Actividad 1 debe tener un tiempo mayor a 0.", IF(H21>60, "❌ ERROR: El 'Área de Conocimiento' no puede exceder los 60 min.", IF((H10+H21+H44)<100, "❌ ERROR: El tiempo total debe ser de al menos 100 min.", "✅ VALIDACIÓN CORRECTA"))) -> ✅ VALIDACIÓN CORRECTA
A10: 1. Área Actitudinal (Saber Ser) | G10: Tiempo Aproximado | H10: 5
G11: Tiene que estar en un rango de 3 a 5 minutos
A12: Nombre del Valor | B12: Pensamiento crítico
A13: Tiempo Aproximado | B13: 5
A14: Descripcion
A15: El pensamiento crítico permite al estudiante analizar el funcionamiento de los circuitos combinacionales de manera objetiva, cuestionando resultados y validando el diseño de sumadores, restadores y multiplicadores mediante herramientas de simulación digital. Fomenta la precisión y la honestidad al momento de interpretar los resultados obtenidos.
A17: Como se relaciona con los conocimientos de la sesion y se aplicaria
A18: Se aplica en la evaluación de los bloques combinacionales estudiados (sumador, restador, multiplicador y circuitos de control), ya que el estudiante debe comparar los resultados de la simulación con el diseño teórico, identificar posibles errores y proponer mejoras fundamentadas en un análisis lógico.
A21: 2. Área Conocimiento (Saber) | G21: Tiempo Aproximado | H21: 50
G22: No puede exceder los 60 minutos
A23: Competencia a desarrollar | B23: Diseña Circuitos digitales combinacionales para operaciones aritméticas y lógicas mediante el uso de Proteus, Logisim y Arduino IDE para construir una Unidad Aritmética Lógica (ALU) funcional que ejecute suma, resta, multiplicación y potencias
A24: Competencia a desarrollar
A26: 2.1 Contenido
A27: No. | B27: Unidad | D27: Tema | F27: Sub Tema
A28: 1 | B28: =IFERROR(__xludf.DUMMYFUNCTION("FILTER('Diseño'!D:D,'Diseño'!H:H=$C$5)"),"Bloques Digitales y Lógica Secuencial") -> Bloques Digitales y Lógica Secuencial | D28: =IFERROR(__xludf.DUMMYFUNCTION("FILTER('Diseño'!E:E,'Diseño'!H:H=$C$5)"),"Bloques Combinacionales") -> Bloques Combinacionales | F28: =IFERROR(__xludf.DUMMYFUNCTION("FILTER('Diseño'!F:F,'Diseño'!H:H=$C$5)"),"Circuitos de Control") -> Circuitos de Control
A29: 2 | B29: =IFERROR(__xludf.DUMMYFUNCTION("""COMPUTED_VALUE"""),"Bloques Digitales y Lógica Secuencial") -> Bloques Digitales y Lógica Secuencial | D29: =IFERROR(__xludf.DUMMYFUNCTION("""COMPUTED_VALUE"""),"Bloques Combinacionales") -> Bloques Combinacionales | F29: =IFERROR(__xludf.DUMMYFUNCTION("""COMPUTED_VALUE"""),"Sumador") -> Sumador
A30: 3 | B30: =IFERROR(__xludf.DUMMYFUNCTION("""COMPUTED_VALUE"""),"Bloques Digitales y Lógica Secuencial") -> Bloques Digitales y Lógica Secuencial | D30: =IFERROR(__xludf.DUMMYFUNCTION("""COMPUTED_VALUE"""),"Bloques Combinacionales") -> Bloques Combinacionales | F30: =IFERROR(__xludf.DUMMYFUNCTION("""COMPUTED_VALUE"""),"Restador") -> Restador
A31: 4 | B31: =IFERROR(__xludf.DUMMYFUNCTION("""COMPUTED_VALUE"""),"Bloques Digitales y Lógica Secuencial") -> Bloques Digitales y Lógica Secuencial | D31: =IFERROR(__xludf.DUMMYFUNCTION("""COMPUTED_VALUE"""),"Bloques Combinacionales") -> Bloques Combinacionales | F31: =IFERROR(__xludf.DUMMYFUNCTION("""COMPUTED_VALUE"""),"Multiplicador") -> Multiplicador
A32: 5
A33: 6
A34: 7
A36: 2.2 Recursos Educativos
A38: Tipo de Recurso a utilizar | B38: Tipo | C38: Rango Aproximando | D38: Tiempo Aproximado
A39: Presentacion | B39: Obligatorio | D39: 35
A40: Video | B40: Obligatorio | C40: 3 a 6 minutos | D40: 5
A41: Lectura | B41: Optativo
A42: Ejercicio Demostrativo | B42: Obligatorio | D42: 10
A44: 3. Área de Habilidades (Saber Hacer) | G44: Tiempo Aproximado | H44: 45
G45: Tiene que estar en un rango de 30 a 50 minutos
A46: Actividad 1 (Obligatoria)
A47: Competencia que predomina en la actividad | B47: Diseña Circuitos digitales combinacionales para operaciones aritméticas y lógicas mediante el uso de Proteus, Logisim y Arduino IDE para construir una Unidad Aritmética Lógica (ALU) funcional que ejecute suma, resta, multiplicación y potencias
A48: Tipo de Actividad | B48: Analisis
A49: Ponderación | B49: 0
A50: Tiempo Aproximado | B50: 35
A51: Coloca el tiempo que usar en la actividad, un tiempo sugerido 30 minutos
A52: Descripcion de la Actividad
A53: El estudiante analiza el funcionamiento de circuitos combinacionales como sumadores, restadores y multiplicadores utilizando herramientas de simulación digital, para implementar soluciones eficientes en sistemas de procesamiento digital de señales
A57: Actividad 2 (Optativa puedes hacerla si lo consideras apropiado)
A58: Competencia que predomina en la actividad
A59: Tipo de Actividad
A60: Ponderación
A61: Tiempo Aproximado
A62: Coloca el tiempo que usar en la actividad, un tiempo sugerido 20 minutos
A63: Descripcion de la Actividad
A68: 3. Cierre | G68: Tiempo Aproximado | H68: 10
G69: Tiene que estar en un rango de 10 a 15 minutos
A70: Tiempo Aproximado
A71: Asignacion de Actividades
A72: Despedida y resolución de dudas.
A74: Resuelve alguna duda, asigna las actividades que deben realizar, dudas de proyectos, etc

Sheet S.6
B2: Diseño de la Sesión de Laboratorio
B4: Curso | C4: ='Diseño'!C4 -> 964 - Organización Computacional
B5: Semana | C5: 6
B6: Tiempo | C6: =H10+H21+H44+H68 -> 110
B7: Ponderación | C7: =B49+B60 -> 0
B8: Validación de Tiempo | C8: =IF(H44<=0, "❌ ERROR: La Actividad 1 debe tener un tiempo mayor a 0.", IF(H21>60, "❌ ERROR: El 'Área de Conocimiento' no puede exceder los 60 min.", IF((H10+H21+H44)<100, "❌ ERROR: El tiempo total debe ser de al menos 100 min.", "✅ VALIDACIÓN CORRECTA"))) -> ✅ VALIDACIÓN CORRECTA
A10: 1. Área Actitudinal (Saber Ser) | G10: Tiempo Aproximado | H10: 5
G11: Tiene que estar en un rango de 3 a 5 minutos
A12: Nombre del Valor | B12: Pensamiento logico y critico
A13: Tiempo Aproximado | B13: 5
A14: Descripcion
A15: Fomenta el pensamiento lógico y crítico en los estudiantes mediante el análisis y diseño de sistemas digitales secuenciales para la toma de decisiones
A17: Como se relaciona con los conocimientos de la sesion y se aplicaria
A18: Promover la capacidad de razonar sobre el comportamiento temporal de los circuitos y tomar decisiones fundamentadas en su funcionamiento.
A21: 2. Área Conocimiento (Saber) | G21: Tiempo Aproximado | H21: 60
G22: No puede exceder los 60 minutos
A23: Competencia a desarrollar | B23: Diseña Circuitos digitales combinacionales para operaciones aritméticas y lógicas mediante el uso de Proteus, Logisim y Arduino IDE para construir una Unidad Aritmética Lógica (ALU) funcional que ejecute suma, resta, multiplicación y potencias
A24: Competencia a desarrollar | B24: Implementa Circuitos digitales secuenciales utilizando flip-flops SR, D, JK y T mediante simulación en Proteus y montaje en protoboard aplicando técnicas de diseño lógico para crear y comprobar aplicaciones de almacenamiento, conteo y control de estados en sistemas electrónicos digitales
A26: 2.1 Contenido
A27: No. | B27: Unidad | D27: Tema | F27: Sub Tema
A28: 1 | B28: =IFERROR(__xludf.DUMMYFUNCTION("FILTER('Diseño'!D:D,'Diseño'!H:H=$C$5)"),"Bloques Digitales y Lógica Secuencial") -> Bloques Digitales y Lógica Secuencial | D28: =IFERROR(__xludf.DUMMYFUNCTION("FILTER('Diseño'!E:E,'Diseño'!H:H=$C$5)"),"Bloques Combinacionales") -> Bloques Combinacionales | F28: =IFERROR(__xludf.DUMMYFUNCTION("FILTER('Diseño'!F:F,'Diseño'!H:H=$C$5)"),"Display 7 segmentos (anodo y catodo comun)") -> Display 7 segmentos (anodo y catodo comun)
A29: 2 | B29: =IFERROR(__xludf.DUMMYFUNCTION("""COMPUTED_VALUE"""),"Bloques Digitales y Lógica Secuencial") -> Bloques Digitales y Lógica Secuencial | D29: =IFERROR(__xludf.DUMMYFUNCTION("""COMPUTED_VALUE"""),"Introduccion a la logica secuencial") -> Introduccion a la logica secuencial | F29: =IFERROR(__xludf.DUMMYFUNCTION("""COMPUTED_VALUE"""),"Circuitos Sincronicos") -> Circuitos Sincronicos
A30: 3 | B30: =IFERROR(__xludf.DUMMYFUNCTION("""COMPUTED_VALUE"""),"Bloques Digitales y Lógica Secuencial") -> Bloques Digitales y Lógica Secuencial | D30: =IFERROR(__xludf.DUMMYFUNCTION("""COMPUTED_VALUE"""),"Introduccion a la logica secuencial") -> Introduccion a la logica secuencial | F30: =IFERROR(__xludf.DUMMYFUNCTION("""COMPUTED_VALUE"""),"Circuitos Asincronicos") -> Circuitos Asincronicos
A31: 4 | B31: =IFERROR(__xludf.DUMMYFUNCTION("""COMPUTED_VALUE"""),"Bloques Digitales y Lógica Secuencial") -> Bloques Digitales y Lógica Secuencial | D31: =IFERROR(__xludf.DUMMYFUNCTION("""COMPUTED_VALUE"""),"Introduccion a la logica secuencial") -> Introduccion a la logica secuencial | F31: =IFERROR(__xludf.DUMMYFUNCTION("""COMPUTED_VALUE"""),"Latches") -> Latches
A32: 5
A33: 6
A34: 7
A36: 2.2 Recursos Educativos
A38: Tipo de Recurso a utilizar | B38: Tipo | C38: Rango Aproximando | D38: Tiempo Aproximado
A39: Presentacion | B39: Obligatorio | D39: 35
A40: Video | B40: Obligatorio | C40: 3 a 6 minutos | D40: 5
A41: Lectura | B41: Optativo
A42: Ejercicio Demostrativo | B42: Obligatorio | D42: 15
A44: 3. Área de Habilidades (Saber Hacer) | G44: Tiempo Aproximado | H44: 35
G45: Tiene que estar en un rango de 30 a 50 minutos
A46: Actividad 1 (Obligatoria)
A47: Competencia que predomina en la actividad | B47: Diseña Circuitos digitales combinacionales para operaciones aritméticas y lógicas mediante el uso de Proteus, Logisim y Arduino IDE para construir una Unidad Aritmética Lógica (ALU) funcional que ejecute suma, resta, multiplicación y potencias
A48: Tipo de Actividad | B48: actividades
A49: Ponderación | B49: 0
A50: Tiempo Aproximado | B50: 15
A51: Coloca el tiempo que usar en la actividad, un tiempo sugerido 30 minutos
A52: Descripcion de la Actividad
A53: Realizar un ejemplo de en proteus sobre los circuitos sincronos y asincronos
A57: Actividad 2 (Optativa puedes hacerla si lo consideras apropiado)
A58: Competencia que predomina en la actividad | B58: Implementa Circuitos digitales secuenciales utilizando flip-flops SR, D, JK y T mediante simulación en Proteus y montaje en protoboard aplicando técnicas de diseño lógico para crear y comprobar aplicaciones de almacenamiento, conteo y control de estados en sistemas electrónicos digitales
A59: Tipo de Actividad | B59: actividades
A60: Ponderación | B60: 0
A61: Tiempo Aproximado | B61: 20
A62: Coloca el tiempo que usar en la actividad, un tiempo sugerido 20 minutos
A63: Descripcion de la Actividad
A64: Realizar un ejemplo de como funcionan los latches, al igual que los relojes, para posteriormente darles una breve descripcion de los flip flops
A68: 3. Cierre | G68: Tiempo Aproximado | H68: 10
G69: Tiene que estar en un rango de 10 a 15 minutos
A70: Tiempo Aproximado | B70: 15
A71: Asignacion de Actividades
A72: Dar un espacio para dudas o preguntas que se tenga sobre los ejemplos dados o alguna teoria que no les quedo claro
A74: Resuelve alguna duda, asigna las actividades que deben realizar, dudas de proyectos, etc

Sheet S.7
B2: Diseño de la Sesión de Laboratorio
B4: Curso | C4: ='Diseño'!C4 -> 964 - Organización Computacional
B5: Semana | C5: 7
B6: Tiempo | C6: =H10+H21+H44+H68 -> 110
B7: Ponderación | C7: =B49+B60 -> 0
B8: Validación de Tiempo | C8: =IF(H44<=0, "❌ ERROR: La Actividad 1 debe tener un tiempo mayor a 0.", IF(H21>60, "❌ ERROR: El 'Área de Conocimiento' no puede exceder los 60 min.", IF((H10+H21+H44)<100, "❌ ERROR: El tiempo total debe ser de al menos 100 min.", "✅ VALIDACIÓN CORRECTA"))) -> ✅ VALIDACIÓN CORRECTA
A10: 1. Área Actitudinal (Saber Ser) | G10: Tiempo Aproximado | H10: 10
G11: Tiene que estar en un rango de 3 a 5 minutos
A12: Nombre del Valor | B12: Responsabilidad y Precisión
A13: Tiempo Aproximado | B13: 5
A14: Descripcion
A15: Fomentar el compromiso y la exactitud en cada etapa del diseño, simulación y montaje de circuitos secuenciales, verificando que las conexiones y resultados sean correctos antes de su presentación.
A17: Como se relaciona con los conocimientos de la sesion y se aplicaria
A18: En la práctica de flip-flops SR, D, JK y T, la responsabilidad asegura que el estudiante siga las especificaciones del diseño y documente adecuadamente su trabajo, mientras que la precisión permite configurar correctamente las entradas y salidas para que los estados lógicos se comporten de acuerdo con la teoría de la lógica secuencial.
A21: 2. Área Conocimiento (Saber) | G21: Tiempo Aproximado | H21: 60
G22: No puede exceder los 60 minutos
A23: Competencia a desarrollar | B23: Implementa Circuitos digitales secuenciales utilizando flip-flops SR, D, JK y T mediante simulación en Proteus y montaje en protoboard aplicando técnicas de diseño lógico para crear y comprobar aplicaciones de almacenamiento, conteo y control de estados en sistemas electrónicos digitales
A24: Competencia a desarrollar
A26: 2.1 Contenido
A27: No. | B27: Unidad | D27: Tema | F27: Sub Tema
A28: 1 | B28: =IFERROR(__xludf.DUMMYFUNCTION("FILTER('Diseño'!D:D,'Diseño'!H:H=$C$5)"),"Bloques Digitales y Logica Secuencial") -> Bloques Digitales y Logica Secuencial | D28: =IFERROR(__xludf.DUMMYFUNCTION("FILTER('Diseño'!E:E,'Diseño'!H:H=$C$5)"),"Introduccion a la logica secuencial") -> Introduccion a la logica secuencial | F28: =IFERROR(__xludf.DUMMYFUNCTION("FILTER('Diseño'!F:F,'Diseño'!H:H=$C$5)"),"Flip-flop tipo SR") -> Flip-flop tipo SR
A29: 2 | B29: =IFERROR(__xludf.DUMMYFUNCTION("""COMPUTED_VALUE"""),"Bloques Digitales y Logica Secuencial") -> Bloques Digitales y Logica Secuencial | D29: =IFERROR(__xludf.DUMMYFUNCTION("""COMPUTED_VALUE"""),"Introduccion a la logica secuencial") -> Introduccion a la logica secuencial | F29: =IFERROR(__xludf.DUMMYFUNCTION("""COMPUTED_VALUE"""),"Flip-flop tipo D") -> Flip-flop tipo D
A30: 3 | B30: =IFERROR(__xludf.DUMMYFUNCTION("""COMPUTED_VALUE"""),"Bloques Digitales y Logica Secuencial") -> Bloques Digitales y Logica Secuencial | D30: =IFERROR(__xludf.DUMMYFUNCTION("""COMPUTED_VALUE"""),"Introduccion a la logica secuencial") -> Introduccion a la logica secuencial | F30: =IFERROR(__xludf.DUMMYFUNCTION("""COMPUTED_VALUE"""),"Flip-flop tipo JK") -> Flip-flop tipo JK
A31: 4 | B31: =IFERROR(__xludf.DUMMYFUNCTION("""COMPUTED_VALUE"""),"Bloques Digitales y Logica Secuencial") -> Bloques Digitales y Logica Secuencial | D31: =IFERROR(__xludf.DUMMYFUNCTION("""COMPUTED_VALUE"""),"Introduccion a la logica secuencial") -> Introduccion a la logica secuencial | F31: =IFERROR(__xludf.DUMMYFUNCTION("""COMPUTED_VALUE"""),"Flip-flop tipo T") -> Flip-flop tipo T
A32: 5 | B32: =IFERROR(__xludf.DUMMYFUNCTION("""COMPUTED_VALUE"""),"Bloques Digitales y Logica Secuencial") -> Bloques Digitales y Logica Secuencial | D32: =IFERROR(__xludf.DUMMYFUNCTION("""COMPUTED_VALUE"""),"Flip-Flops") -> Flip-Flops | F32: =IFERROR(__xludf.DUMMYFUNCTION("""COMPUTED_VALUE"""),"Aplicaciones de flip-flops en circuitos digitales") -> Aplicaciones de flip-flops en circuitos digitales
A33: 6
A34: 7
A36: 2.2 Recursos Educativos
A38: Tipo de Recurso a utilizar | B38: Tipo | C38: Rango Aproximando | D38: Tiempo Aproximado
A39: Presentacion | B39: Obligatorio | D39: 25
A40: Video | B40: Obligatorio | C40: 3 a 6 minutos | D40: 5
A41: Lectura | B41: Optativo | D41: 5
A42: Ejercicio Demostrativo | B42: Obligatorio | D42: 15
A44: 3. Área de Habilidades (Saber Hacer) | G44: Tiempo Aproximado | H44: 30
G45: Tiene que estar en un rango de 30 a 50 minutos
A46: Actividad 1 (Obligatoria)
A47: Competencia que predomina en la actividad | B47: Implementa Circuitos digitales secuenciales utilizando flip-flops SR, D, JK y T mediante simulación en Proteus y montaje en protoboard aplicando técnicas de diseño lógico para crear y comprobar aplicaciones de almacenamiento, conteo y control de estados en sistemas electrónicos digitales
A48: Tipo de Actividad | B48: actividades
A49: Ponderación | B49: 0
A50: Tiempo Aproximado | B50: 30
A51: Coloca el tiempo que usar en la actividad, un tiempo sugerido 30 minutos
A52: Descripcion de la Actividad
A53: En esta actividad, el estudiante diseñará y comprobará un circuito digital secuencial utilizando flip-flops (SR, D, JK y T) mediante simulación en Proteus y montaje en protoboard. Se enfocará en la implementación de aplicaciones de almacenamiento, conteo y control de estados en sistemas electrónicos digitales. El estudiante deberá: Simular un circuito secuencial en Proteus, como un contador binario o un registro de almacenamiento, verificando su correcto funcionamiento a través de LEDs u osciloscopio virtual. Montar el circuito en protoboard y probar su operación en la vida real, comparando los resultados con la simulación. Al finalizar, el estudiante será capaz de comprender el funcionamiento de cada tipo de flip-flop y cómo se aplican en sistemas digitales para controlar estados y almacenar información.
A57: Actividad 2 (Optativa puedes hacerla si lo consideras apropiado)
A58: Competencia que predomina en la actividad
A59: Tipo de Actividad
A60: Ponderación
A61: Tiempo Aproximado
A62: Coloca el tiempo que usar en la actividad, un tiempo sugerido 20 minutos
A63: Descripcion de la Actividad
A68: 3. Cierre | G68: Tiempo Aproximado | H68: 10
G69: Tiene que estar en un rango de 10 a 15 minutos
A70: Tiempo Aproximado | B70: 5
A71: Asignacion de Actividades
A72: n este espacio se resolverán dudas de los estudiantes sobre la actividad realizada. Se hará un repaso de los conceptos clave relacionados con flip-flops y circuitos secuenciales, se discutirán errores comunes y se reforzarán las estrategias de diseño lógico aplicadas durante la práctica. Además, se orientará a los estudiantes sobre cómo aplicar estos conocimientos en futuras actividades y proyectos.
A74: Resuelve alguna duda, asigna las actividades que deben realizar, dudas de proyectos, etc

Sheet S.8
B2: Diseño de la Sesión de Laboratorio
B4: Curso | C4: ='Diseño'!C4 -> 964 - Organización Computacional
B5: Semana | C5: 8
B6: Tiempo | C6: =H10+H21+H44+H68 -> 100
B7: Ponderación | C7: =B49+B60 -> 0
B8: Validación de Tiempo | C8: =IF(H44<=0, "❌ ERROR: La Actividad 1 debe tener un tiempo mayor a 0.", IF(H21>60, "❌ ERROR: El 'Área de Conocimiento' no puede exceder los 60 min.", IF(C6<100, "❌ ERROR: El tiempo total debe ser de al menos 100 min.", "✅ VALIDACIÓN CORRECTA"))) -> ✅ VALIDACIÓN CORRECTA
A10: 1. Área Actitudinal (Saber Ser) | G10: Tiempo Aproximado | H10: =B13 -> 5
G11: Tiene que estar en un rango de 3 a 5 minutos
A12: Nombre del Valor | B12: Equidad
A13: Tiempo Aproximado | B13: 5
A14: Descripcion
A15: La equidad implica repartir de forma justa y equitativa las responsabilidades y actividades entre los integrantes del grupo, fomentando la colaboración y el respeto mutuo.
A17: Como se relaciona con los conocimientos de la sesion y se aplicaria
A18: En el desarrollo de proyectos de automatización con Arduino, es fundamental que todos los miembros del equipo participen de manera equitativa en las tareas de diseño, simulación y programación. Esto promueve un ambiente de aprendizaje inclusivo y colaborativo.
A21: 2. Área Conocimiento (Saber) | G21: Tiempo Aproximado | H21: =D39+D40+D41+D42 -> 50
G22: No puede exceder los 60 minutos
A23: Competencia a desarrollar | B23: Integra circuitos digitales y sistemas embebidos mediante el uso de bases numéricas, transistores, compuertas lógicas, bloques combinacionales y secuenciales, registros, memoria RAM, Arduino, actuadores, controladores y sensores para la resolución de problemas prácticos de automatización y control en contextos académicos y tecnológicos
A24: Competencia a desarrollar
A26: 2.1 Contenido
A27: No. | B27: Unidad | D27: Tema | F27: Sub Tema
A28: 1 | B28: =IFERROR(__xludf.DUMMYFUNCTION("FILTER('Diseño'!D:D,'Diseño'!H:H=$C$5)"),"Bloques Digitales y Logica Secuencial") -> Bloques Digitales y Logica Secuencial | D28: =IFERROR(__xludf.DUMMYFUNCTION("FILTER('Diseño'!E:E,'Diseño'!H:H=$C$5)"),"Contadores") -> Contadores | F28: =IFERROR(__xludf.DUMMYFUNCTION("FILTER('Diseño'!F:F,'Diseño'!H:H=$C$5)"),"Contadorres") -> Contadorres
A29: 2 | B29: =IFERROR(__xludf.DUMMYFUNCTION("""COMPUTED_VALUE"""),"Bloques Digitales y Logica Secuencial") -> Bloques Digitales y Logica Secuencial | D29: =IFERROR(__xludf.DUMMYFUNCTION("""COMPUTED_VALUE"""),"Contadores") -> Contadores | F29: =IFERROR(__xludf.DUMMYFUNCTION("""COMPUTED_VALUE"""),"Contadorres") -> Contadorres
A30: 3
A31: 4
A32: 5
A33: 6
A34: 7
A36: 2.2 Recursos Educativos
A38: Tipo de Recurso a utilizar | B38: Tipo | C38: Rango Aproximando | D38: Tiempo Aproximado
A39: Presentacion | B39: Obligatorio | D39: 35
A40: Video | B40: Obligatorio | C40: 3 a 6 minutos | D40: 5
A41: Lectura | B41: Optativo | D41: 0
A42: Ejercicio Demostrativo | B42: Obligatorio | D42: 10
A44: 3. Área de Habilidades (Saber Hacer) | G44: Tiempo Aproximado | H44: =B50+B61 -> 40
G45: Tiene que estar en un rango de 30 a 50 minutos
A46: Actividad 1 (Obligatoria)
A47: Competencia que predomina en la actividad | B47: Integra circuitos digitales y sistemas embebidos mediante el uso de bases numéricas, transistores, compuertas lógicas, bloques combinacionales y secuenciales, registros, memoria RAM, Arduino, actuadores, controladores y sensores para la resolución de problemas prácticos de automatización y control en contextos académicos y tecnológicos
A48: Tipo de Actividad | B48: Analisis
A49: Ponderación | B49: 0
A50: Tiempo Aproximado | B50: 40
A51: Coloca el tiempo que usar en la actividad, un tiempo sugerido 30 minutos
A52: Descripcion de la Actividad
A53: Los estudiantes analizarán el funcionamiento de circuitos secuenciales como contadores y registros, y aplicarán Arduino para simular un sistema de control sencillo (por ejemplo, un semáforo o un contador de pulsos). Se espera que comprendan la interacción entre hardware y software.
A57: Actividad 2 (Optativa puedes hacerla si lo consideras apropiado)
A58: Competencia que predomina en la actividad | B58: Integra circuitos digitales y sistemas embebidos mediante el uso de bases numéricas, transistores, compuertas lógicas, bloques combinacionales y secuenciales, registros, memoria RAM, Arduino, actuadores, controladores y sensores para la resolución de problemas prácticos de automatización y control en contextos académicos y tecnológicos
A59: Tipo de Actividad
A60: Ponderación
A61: Tiempo Aproximado
A62: Coloca el tiempo que usar en la actividad, un tiempo sugerido 20 minutos
A63: Descripcion de la Actividad
A68: 3. Cierre | G68: Tiempo Aproximado | H68: =B70 -> 5
G69: Tiene que estar en un rango de 10 a 15 minutos
A70: Tiempo Aproximado | B70: 5
A71: Asignacion de Actividades
A72: Despedida y resolución de dudas.
A74: Resuelve alguna duda, asigna las actividades que deben realizar, dudas de proyectos, etc

Sheet S.9
B2: Diseño de la Sesión de Laboratorio
B4: Curso | C4: ='Diseño'!C4 -> 964 - Organización Computacional
B5: Semana | C5: 9
B6: Tiempo | C6: =H10+H21+H44+H68 -> 110
B7: Ponderación | C7: =B49+B60 -> 3
B8: Validación de Tiempo | C8: =IF(H44<=0, "❌ ERROR: La Actividad 1 debe tener un tiempo mayor a 0.", IF(H21>60, "❌ ERROR: El 'Área de Conocimiento' no puede exceder los 60 min.", IF((H10+H21+H44)<100, "❌ ERROR: El tiempo total debe ser de al menos 100 min.", "✅ VALIDACIÓN CORRECTA"))) -> ✅ VALIDACIÓN CORRECTA
A10: 1. Área Actitudinal (Saber Ser) | G10: Tiempo Aproximado | H10: 5
G11: Tiene que estar en un rango de 3 a 5 minutos
A12: Nombre del Valor | B12: Responsabilidad, paciencia, disciplina
A13: Tiempo Aproximado | B13: 5
A14: Descripcion
A15: Desarrollar la capacidad de asumir compromisos con el aprendizaje y manejo adecuado de componentes electrónicos, mantener perseverancia ante la complejidad de los sistemas de almacenamiento y transferencia de datos, y establecer métodos organizados para el análisis y implementación de registros y memorias.
A17: Como se relaciona con los conocimientos de la sesion y se aplicaria
A18: La responsabilidad, paciencia y disciplina se relacionan directamente con los conocimientos de registros y memoria RAM al requerir que los estudiantes asuman el compromiso de comprender correctamente el funcionamiento de los registros en paralelo y serie, mantengan paciencia durante el análisis de los procesos de transferencia de datos que pueden ser complejos, y desarrollen la disciplina necesaria para seguir metodologías estructuradas en el diseño de sistemas de almacenamiento.
A21: 2. Área Conocimiento (Saber) | G21: Tiempo Aproximado | H21: 50
G22: No puede exceder los 60 minutos
A23: Competencia a desarrollar | B23: Implementa soluciones de almacenamiento y conteo digital utilizando registros y contadores apoyándose en simuladores de circuitos digitales como Proteus para optimizar el manejo de datos y eventos secuenciales en sistemas electrónicos
A24: Competencia a desarrollar
A26: 2.1 Contenido
A27: No. | B27: Unidad | D27: Tema | F27: Sub Tema
A28: 1 | B28: Registros Digitales, Actuadores y Controladores Avanzados | D28: Registros digitales | F28: Registro en paralelo
A29: 2 | B29: Registros Digitales, Actuadores y Controladores Avanzados | D29: Registros digitales | F29: Registro en serie
A30: 3 | B30: Registros Digitales, Actuadores y Controladores Avanzados | D30: Registros digitales | F30: Registros en almacenamiento
A31: 4 | B31: Registros Digitales, Actuadores y Controladores Avanzados | D31: Registros digitales | F31: Transferencia de datos
A32: 5 | B32: Registros Digitales, Actuadores y Controladores Avanzados | D32: Registros digitales | F32: Memoria RAM
A33: 6
A34: 7
A36: 2.2 Recursos Educativos
A38: Tipo de Recurso a utilizar | B38: Tipo | C38: Rango Aproximando | D38: Tiempo Aproximado
A39: Presentacion | B39: Obligatorio
A40: Video | B40: Obligatorio | C40: 3 a 6 minutos
A41: Lectura | B41: Optativo
A42: Ejercicio Demostrativo | B42: Obligatorio
A44: 3. Área de Habilidades (Saber Hacer) | G44: Tiempo Aproximado | H44: 45
G45: Tiene que estar en un rango de 30 a 50 minutos
A46: Actividad 1 (Obligatoria)
A47: Competencia que predomina en la actividad | B47: Implementa soluciones de almacenamiento y conteo digital utilizando registros y contadores apoyándose en simuladores de circuitos digitales como Proteus para optimizar el manejo de datos y eventos secuenciales en sistemas electrónicos
A48: Tipo de Actividad | B48: Cuestionario
A49: Ponderación | B49: 3
A50: Tiempo Aproximado | B50: 15
A51: Coloca el tiempo que usar en la actividad, un tiempo sugerido 30 minutos
A52: Descripcion de la Actividad
A53: Realizacion del tercer corto del laboratorio aplicando los conceptos de contadores asincronos y sincronos
A57: Actividad 2 (Optativa puedes hacerla si lo consideras apropiado)
A58: Competencia que predomina en la actividad
A59: Tipo de Actividad
A60: Ponderación
A61: Tiempo Aproximado
A62: Coloca el tiempo que usar en la actividad, un tiempo sugerido 20 minutos
A63: Descripcion de la Actividad
A68: 3. Cierre | G68: Tiempo Aproximado | H68: 10
G69: Tiene que estar en un rango de 10 a 15 minutos
A70: Tiempo Aproximado | B70: 10
A71: Asignacion de Actividades
A72: Despedida y resolución de dudas.
A74: Resuelve alguna duda, asigna las actividades que deben realizar, dudas de proyectos, etc

Sheet S.10
B2: Diseño de la Sesión de Laboratorio
B4: Curso | C4: ='Diseño'!C4 -> 964 - Organización Computacional
B5: Semana | C5: 10
B6: Tiempo | C6: 100
B7: Ponderación | C7: =B49+B60 -> 0
B8: Validación de Tiempo | C8: =IF(H44<=0, "❌ ERROR: La Actividad 1 debe tener un tiempo mayor a 0.", IF(H21>60, "❌ ERROR: El 'Área de Conocimiento' no puede exceder los 60 min.", IF((H10+H21+H44)<100, "❌ ERROR: El tiempo total debe ser de al menos 100 min.", "✅ VALIDACIÓN CORRECTA"))) -> ✅ VALIDACIÓN CORRECTA
A10: 1. Área Actitudinal (Saber Ser) | G10: Tiempo Aproximado | H10: 5
G11: Tiene que estar en un rango de 3 a 5 minutos
A12: Nombre del Valor | B12: Organización, constancia
A13: Tiempo Aproximado | B13: 5
A14: Descripcion
A15: Utilizar la organización y constancia permite al estudiante planificar y estructurar el desarrollo de proyectos con Arduino, gestionando correctamente el código, los componentes y los protocolos de comunicación (Serial, I2C, SPI). Gracias a estos valores, se asegura un trabajo sistemático y continuo al implementar actuadores y verificar su funcionamiento, garantizando proyectos fiables y coherentes.
A17: Como se relaciona con los conocimientos de la sesion y se aplicaria
A18: La organización y constancia se relaciona con los conocimientos de la sesión al permitir al estudiante estructurar el código y los componentes de Arduino, así como planificar el uso de protocolos de comunicación y actuadores. Se aplica al desarrollar proyectos de manera sistemática, asegurando que las implementaciones funcionen correctamente y se puedan verificar de forma confiable.
A21: 2. Área Conocimiento (Saber) | G21: Tiempo Aproximado | H21: 50
G22: No puede exceder los 60 minutos
A23: Competencia a desarrollar | B23: Define los sistemas numéricos posicionales (binario, octal y decimal) y los componentes básicos de la electrónica digital (puertas lógicas, transistores, LEDs) ofreciendo explicaciones sobre su función y relación en la representación de la información en dispositivos digitales con precisión
A24: Competencia a desarrollar
A26: 2.1 Contenido
A27: No. | B27: Unidad | D27: Tema | F27: Sub Tema
A28: 1 | B28: =IFERROR(__xludf.DUMMYFUNCTION("FILTER('Diseño'!D:D,'Diseño'!H:H=$C$5)"),"Arduino") -> Arduino | D28: =IFERROR(__xludf.DUMMYFUNCTION("FILTER('Diseño'!E:E,'Diseño'!H:H=$C$5)"),"Introduccion a Arduino") -> Introduccion a Arduino | F28: =IFERROR(__xludf.DUMMYFUNCTION("FILTER('Diseño'!F:F,'Diseño'!H:H=$C$5)"),"Funcionamiento y partes de un Arduino ") -> Funcionamiento y partes de un Arduino
A29: 2 | B29: =IFERROR(__xludf.DUMMYFUNCTION("""COMPUTED_VALUE"""),"Arduino") -> Arduino | D29: =IFERROR(__xludf.DUMMYFUNCTION("""COMPUTED_VALUE"""),"Introduccion a Arduino") -> Introduccion a Arduino | F29: =IFERROR(__xludf.DUMMYFUNCTION("""COMPUTED_VALUE"""),"Codigo de Arduino y su implementación ") -> Codigo de Arduino y su implementación
A30: 3 | B30: =IFERROR(__xludf.DUMMYFUNCTION("""COMPUTED_VALUE"""),"Arduino") -> Arduino | D30: =IFERROR(__xludf.DUMMYFUNCTION("""COMPUTED_VALUE"""),"Introduccion a Arduino") -> Introduccion a Arduino | F30: =IFERROR(__xludf.DUMMYFUNCTION("""COMPUTED_VALUE"""),"Protocolos de Comunicación (Serial, I2C, SPI)") -> Protocolos de Comunicación (Serial, I2C, SPI)
A31: 4 | B31: =IFERROR(__xludf.DUMMYFUNCTION("""COMPUTED_VALUE"""),"Arduino") -> Arduino | D31: =IFERROR(__xludf.DUMMYFUNCTION("""COMPUTED_VALUE"""),"Introduccion a Arduino") -> Introduccion a Arduino | F31: =IFERROR(__xludf.DUMMYFUNCTION("""COMPUTED_VALUE"""),"Actuadores ") -> Actuadores
A32: 5
A33: 6
A34: 7
A36: 2.2 Recursos Educativos
A38: Tipo de Recurso a utilizar | B38: Tipo | C38: Rango Aproximando | D38: Tiempo Aproximado
A39: Presentacion | B39: Obligatorio | D39: 35
A40: Video | B40: Obligatorio | C40: 3 a 6 minutos | D40: 5
A41: Lectura | B41: Optativo
A42: Ejercicio Demostrativo | B42: Obligatorio | D42: 10
A44: 3. Área de Habilidades (Saber Hacer) | G44: Tiempo Aproximado | H44: 45
G45: Tiene que estar en un rango de 30 a 50 minutos
A46: Actividad 1 (Obligatoria)
A47: Competencia que predomina en la actividad | B47: Define los sistemas numéricos posicionales (binario, octal y decimal) y los componentes básicos de la electrónica digital (puertas lógicas, transistores, LEDs) ofreciendo explicaciones sobre su función y relación en la representación de la información en dispositivos digitales con precisión
A48: Tipo de Actividad | B48: Cuestionario
A49: Ponderación | B49: 0
A50: Tiempo Aproximado | B50: 45
A51: Coloca el tiempo que usar en la actividad, un tiempo sugerido 30 minutos
A52: Descripcion de la Actividad
A53: Custionario para comprobar los conocimientos adquiridos sobre los beneficios y funcionamiento de Arduine y Arduino IDE.
A57: Actividad 2 (Optativa puedes hacerla si lo consideras apropiado)
A58: Competencia que predomina en la actividad
A59: Tipo de Actividad
A60: Ponderación
A61: Tiempo Aproximado
A62: Coloca el tiempo que usar en la actividad, un tiempo sugerido 20 minutos
A63: Descripcion de la Actividad
A68: 3. Cierre | G68: Tiempo Aproximado | H68: 10
G69: Tiene que estar en un rango de 10 a 15 minutos
A70: Tiempo Aproximado | B70: 10
A71: Asignacion de Actividades
A72: Despedida y resolución de dudas.
A74: Resuelve alguna duda, asigna las actividades que deben realizar, dudas de proyectos, etc

Sheet S.11
B2: Diseño de la Sesión de Laboratorio
B4: Curso | C4: ='Diseño'!C4 -> 964 - Organización Computacional
B5: Semana | C5: 11
B6: Tiempo | C6: 100
B7: Ponderación | C7: 1
B8: Validación de Tiempo | C8: =IF(H44<=0, "❌ ERROR: La Actividad 1 debe tener un tiempo mayor a 0.", IF(H21>60, "❌ ERROR: El 'Área de Conocimiento' no puede exceder los 60 min.", IF((H10+H21+H44)<100, "❌ ERROR: El tiempo total debe ser de al menos 100 min.", "✅ VALIDACIÓN CORRECTA"))) -> ✅ VALIDACIÓN CORRECTA
A10: 1. Área Actitudinal (Saber Ser) | G10: Tiempo Aproximado | H10: 5
G11: Tiene que estar en un rango de 3 a 5 minutos
A12: Nombre del Valor | B12: Análisis crítico
A13: Tiempo Aproximado | B13: 5
A14: Descripcion
A15: El análisis crítico permite al estudiante evaluar el funcionamiento de dispositivos electromecánicos como servomotores, motores paso a paso y sensores, reflexionando sobre su comportamiento real frente al esperado. Este valor fomenta la precisión y la adaptabilidad al trabajar con distintos componentes electrónicos.
A17: Como se relaciona con los conocimientos de la sesion y se aplicaria
A18: Se relaciona al momento de implementar y probar dispositivos electromecánicos con Arduino, ya que el estudiante debe cuestionar los resultados obtenidos, detectar inconsistencias y proponer soluciones que optimicen el control y la integración de los actuadores y sensores en los sistemas digitales.
A21: 2. Área Conocimiento (Saber) | G21: Tiempo Aproximado | H21: 50
G22: No puede exceder los 60 minutos
A23: Competencia a desarrollar | B23: Diseña sistemas de control interactivos con microcontroladores y sensores mediante el uso de Arduino IDE y librerías de comunicación (Serial, I2C, SPI) para automatizar procesos de monitoreo y control en tiempo real en dispositivos electrónicos
A24: Competencia a desarrollar
A26: 2.1 Contenido
A27: No. | B27: Unidad | D27: Tema | F27: Sub Tema
A28: 1 | B28: =IFERROR(__xludf.DUMMYFUNCTION("FILTER('Diseño'!D:D,'Diseño'!H:H=$C$5)"),"Dispositivos Electromecánicos") -> Dispositivos Electromecánicos | D28: =IFERROR(__xludf.DUMMYFUNCTION("FILTER('Diseño'!E:E,'Diseño'!H:H=$C$5)"),"Actuadores Avanzados") -> Actuadores Avanzados | F28: =IFERROR(__xludf.DUMMYFUNCTION("FILTER('Diseño'!F:F,'Diseño'!H:H=$C$5)"),"Librerías en Arduino y su funcionamiento") -> Librerías en Arduino y su funcionamiento
A29: 2 | B29: =IFERROR(__xludf.DUMMYFUNCTION("""COMPUTED_VALUE"""),"Dispositivos Electromecánicos") -> Dispositivos Electromecánicos | D29: =IFERROR(__xludf.DUMMYFUNCTION("""COMPUTED_VALUE"""),"Actuadores Avanzados") -> Actuadores Avanzados | F29: =IFERROR(__xludf.DUMMYFUNCTION("""COMPUTED_VALUE"""),"Servomotor") -> Servomotor
A30: 3 | B30: =IFERROR(__xludf.DUMMYFUNCTION("""COMPUTED_VALUE"""),"Dispositivos Electromecánicos") -> Dispositivos Electromecánicos | D30: =IFERROR(__xludf.DUMMYFUNCTION("""COMPUTED_VALUE"""),"Actuadores Avanzados") -> Actuadores Avanzados | F30: =IFERROR(__xludf.DUMMYFUNCTION("""COMPUTED_VALUE"""),"Motor Stepper") -> Motor Stepper
A31: 4 | B31: =IFERROR(__xludf.DUMMYFUNCTION("""COMPUTED_VALUE"""),"Dispositivos Electromecánicos") -> Dispositivos Electromecánicos | D31: =IFERROR(__xludf.DUMMYFUNCTION("""COMPUTED_VALUE"""),"Actuadores Avanzados") -> Actuadores Avanzados | F31: =IFERROR(__xludf.DUMMYFUNCTION("""COMPUTED_VALUE"""),"Sensor de Temperatura") -> Sensor de Temperatura
A32: 5 | B32: =IFERROR(__xludf.DUMMYFUNCTION("""COMPUTED_VALUE"""),"Dispositivos Electromecánicos") -> Dispositivos Electromecánicos | D32: =IFERROR(__xludf.DUMMYFUNCTION("""COMPUTED_VALUE"""),"Actuadores Avanzados") -> Actuadores Avanzados | F32: =IFERROR(__xludf.DUMMYFUNCTION("""COMPUTED_VALUE"""),"Sensor Fotoresistencia") -> Sensor Fotoresistencia
A33: 6 | B33: =IFERROR(__xludf.DUMMYFUNCTION("""COMPUTED_VALUE"""),"Dispositivos Electromecánicos") -> Dispositivos Electromecánicos | D33: =IFERROR(__xludf.DUMMYFUNCTION("""COMPUTED_VALUE"""),"Actuadores Avanzados") -> Actuadores Avanzados | F33: =IFERROR(__xludf.DUMMYFUNCTION("""COMPUTED_VALUE"""),"Sensor de Dióxido de Carbono") -> Sensor de Dióxido de Carbono
A34: 7 | B34: =IFERROR(__xludf.DUMMYFUNCTION("""COMPUTED_VALUE"""),"Dispositivos Electromecánicos") -> Dispositivos Electromecánicos | D34: =IFERROR(__xludf.DUMMYFUNCTION("""COMPUTED_VALUE"""),"Actuadores Avanzados") -> Actuadores Avanzados | F34: =IFERROR(__xludf.DUMMYFUNCTION("""COMPUTED_VALUE"""),"Sensor de Proximidad") -> Sensor de Proximidad
A36: 2.2 Recursos Educativos
A38: Tipo de Recurso a utilizar | B38: Tipo | C38: Rango Aproximando | D38: Tiempo Aproximado
A39: Presentacion | B39: Obligatorio | D39: 35
A40: Video | B40: Obligatorio | C40: 3 a 6 minutos | D40: 5
A41: Lectura | B41: Optativo
A42: Ejercicio Demostrativo | B42: Obligatorio | D42: 10
A44: 3. Área de Habilidades (Saber Hacer) | G44: Tiempo Aproximado | H44: 45
G45: Tiene que estar en un rango de 30 a 50 minutos
A46: Actividad 1 (Obligatoria)
A47: Competencia que predomina en la actividad | B47: Diseña sistemas de control interactivos con microcontroladores y sensores mediante el uso de Arduino IDE y librerías de comunicación (Serial, I2C, SPI) para automatizar procesos de monitoreo y control en tiempo real en dispositivos electrónicos
A48: Tipo de Actividad | B48: Analisis
A49: Ponderación | B49: 0
A50: Tiempo Aproximado | B50: 35
A51: Coloca el tiempo que usar en la actividad, un tiempo sugerido 30 minutos
A52: Descripcion de la Actividad
A53: El estudiante implementa sistemas interactivos con Arduino integrando sensores y actuadores mediante programación en Arduino IDE y montaje físico de circuitos para monitorear y controlar variables del entorno en tiempo real
A57: Actividad 2 (Optativa puedes hacerla si lo consideras apropiado)
A58: Competencia que predomina en la actividad
A59: Tipo de Actividad
A60: Ponderación
A61: Tiempo Aproximado
A62: Coloca el tiempo que usar en la actividad, un tiempo sugerido 20 minutos
A63: Descripcion de la Actividad
A68: 3. Cierre | G68: Tiempo Aproximado | H68: 10
G69: Tiene que estar en un rango de 10 a 15 minutos
A70: Tiempo Aproximado
A71: Asignacion de Actividades
A72: Despedida y resolución de dudas.
A74: Resuelve alguna duda, asigna las actividades que deben realizar, dudas de proyectos, etc

Sheet Practicas
B2: Practicas
B4: Curso | C4: ='Diseño'!C4 -> 964 - Organización Computacional
B5: Tiempo | C5: =H9+H26+H43+H60+H77+H94+H111 -> 77
B6: Ponderación | C6: =F9+F26+F43+F60+F77+F94+F111 -> 35
B7: La sumatoria de los puntos de los practicas debe no debe super el 20%
A9: 1. Primera Practica | E9: Ponderación | F9: 7.5 | G9: Horas para realizarlo | H9: 18
A10: Obligatoria
A11: Competencia a desarrollar | B11: Integra circuitos digitales y sistemas embebidos mediante el uso de bases numéricas, transistores, compuertas lógicas, bloques combinacionales y secuenciales, registros, memoria RAM, Arduino, actuadores, controladores y sensores para la resolución de problemas prácticos de automatización y control en contextos académicos y tecnológicos
A12: Competencia a desarrollar | B12: Diseña Circuitos digitales combinacionales para operaciones aritméticas y lógicas mediante el uso de Proteus, Logisim y Arduino IDE para construir una Unidad Aritmética Lógica (ALU) funcional que ejecute suma, resta, multiplicación y potencias
A13: Competencia a desarrollar | B13: Define los sistemas numéricos posicionales (binario, octal y decimal) y los componentes básicos de la electrónica digital (puertas lógicas, transistores, LEDs) ofreciendo explicaciones sobre su función y relación en la representación de la información en dispositivos digitales con precisión
A14: Titulo | B14: Visualizador de 7 segmentos, Logica Combinacional
A15: Qué tecnologías, lenguajes de programación, plataformas, hardware o software se utilizaran
A16: Hardware: Compuertas lógicas (AND 7408, NOT 7404, XOR 7486, OR 7432), Transistores NPN (2N2222), Resistencia, Dip Switch y Diodo Luminoso Software: Proteus para simulación Plataforma de entrega: GitHub
A19: Descripción de lo que se realizara
A20: Se debe diseñar e implementar un sistema físico de visualización digital bidireccional mediante displays de 7 segmentos, que funcione como un semáforo inteligente capaz de mostrar información desde múltiples perspectivas. Este prototipo desplegará una palabra personalizada de 8 caracteres (letras y/o números) tanto en su forma normal como en espejo, utilizando un display de cátodo común para la visualización frontal implementado con términos mínimos, y un display de ánodo común para la visualización trasera programado mediante términos máximos. El diseño debe implementarse exclusivamente con lógica combinacional, fabricando compuertas transistorizadas en placas de circuito impreso para los segmentos a, c, d, f y g, e integrando compuertas TTL sobre protoboard para los segmentos b, e y punto decimal, aplicando funciones booleanas simplificadas mediante mapas de Karnaugh para optimizar el control de cada segmento del display.
A26: 2. Segunda Practica | E26: Ponderación | F26: 12.5 | G26: Horas para realizarlo | H26: 24
A27: Optativa
A28: Competencia a desarrollar | B28: Diseña Circuitos digitales combinacionales para operaciones aritméticas y lógicas mediante el uso de Proteus, Logisim y Arduino IDE para construir una Unidad Aritmética Lógica (ALU) funcional que ejecute suma, resta, multiplicación y potencias
A29: Competencia a desarrollar
A30: Competencia a desarrollar
A31: Titulo | B31: LogicCalc – Unidad Aritmética Lógica Básica (ALU)
A32: Qué tecnologías, lenguajes de programación, plataformas, hardware o software se utilizaran
A33: Hardware: Compuertas lógicas (AND 7408, NOT 7404, XOR 7486, OR 7432), comparadores (7485/74285), decoders (7447/7448), sumadores (7483/74283), multiplexores (74157), demultiplexores (74138), transistores NPN 2N2222 Software: Proteus para simulación Plataforma de entrega: GitHub
A36: Descripción de lo que se realizara
A37: Se debe diseñar e implementar un prototipo de calculadora digital llamado LogicCalc, que funcione como una Unidad Aritmética Lógica (ALU). Este prototipo realizará operaciones aritméticas (suma, resta, multiplicación, potencias) y lógicas (AND, OR, XOR, XNOR, NAND), así como comparaciones entre dos operandos binarios. El diseño debe implementarse exclusivamente con compuertas lógicas y circuitos combinacionales, sin elementos secuenciales, y mostrar resultados en displays de 7 segmentos y LEDs
A43: 3. Tercera Practica | E43: Ponderación | F43: 15 | G43: Horas para realizarlo | H43: 35
A44: Optativa
A45: Competencia a desarrollar | B45: Integra circuitos digitales y sistemas embebidos mediante el uso de bases numéricas, transistores, compuertas lógicas, bloques combinacionales y secuenciales, registros, memoria RAM, Arduino, actuadores, controladores y sensores para la resolución de problemas prácticos de automatización y control en contextos académicos y tecnológicos
A46: Competencia a desarrollar | B46: Implementa soluciones de almacenamiento y conteo digital utilizando registros y contadores apoyándose en simuladores de circuitos digitales como Proteus para optimizar el manejo de datos y eventos secuenciales en sistemas electrónicos
A47: Competencia a desarrollar
A48: Titulo | B48: Parqueo Inteligente
A49: Qué tecnologías, lenguajes de programación, plataformas, hardware o software se utilizaran
A50: Proteus, TinkerCad, Arduino IDE, Arduino, Sensores, Compuertas Lógicas, Protoboard, actuadores, motores
A53: Descripción de lo que se realizara
A54: Diseñar un sistema de control de acceso vehicular utilizando Arduino, sensores ultrasónicos y compuertas lógicas en protoboard, donde al detectar la proximidad de un vehículo se enciendan luces de advertencia, se verifique la señal lógica de autorización de entrada y se active una talanquera controlada por un servomotor. Además, el sistema deberá incorporar un sensor de final de carrera para garantizar la seguridad del mecanismo y evitar sobrecargas en la barrera, validando su correcto funcionamiento mediante simulaciones en Proteus y TinkerCad
A60: 4. Cuarta Practica | E60: Ponderación | G60: Horas para realizarlo
A61: Optativa
A62: Competencia a desarrollar
A63: Competencia a desarrollar
A64: Competencia a desarrollar
A65: Titulo
A66: Qué tecnologías, lenguajes de programación, plataformas, hardware o software se utilizaran
A70: Descripción de lo que se realizara
A77: 5. Quinta Practica | E77: Ponderación | G77: Horas para realizarlo
A78: Optativa
A79: Competencia a desarrollar
A80: Competencia a desarrollar
A81: Competencia a desarrollar
A82: Titulo
A83: Qué tecnologías, lenguajes de programación, plataformas, hardware o software se utilizaran
A87: Descripción de lo que se realizara
A94: 6. Sexta Practica | E94: Ponderación | G94: Horas para realizarlo
A95: Optativa
A96: Competencia a desarrollar
A97: Competencia a desarrollar
A98: Competencia a desarrollar
A99: Titulo
A100: Qué tecnologías, lenguajes de programación, plataformas, hardware o software se utilizaran
A104: Descripción de lo que se realizara
A111: 7. Septima Practica | E111: Ponderación | G111: Horas para realizarlo
A112: Optativa
A113: Competencia a desarrollar
A114: Competencia a desarrollar
A115: Competencia a desarrollar
A116: Titulo
A117: Qué tecnologías, lenguajes de programación, plataformas, hardware o software se utilizaran
A121: Descripción de lo que se realizara

Sheet Proyectos
B2: Proyectos
B4: Curso | C4: ='Diseño'!C4 -> 964 - Organización Computacional
B5: Tiempo | C5: =H9+H26+H43 -> 40
B6: Ponderación | C6: =F9+F26+F43 -> 30
B7: La sumatoria de los puntos de los proyectos debe superar el 70% del total de la nota, no puede ser un 100%
A9: 1. Primer Proyecto | E9: Ponderación | F9: 30 | G9: Horas para realizarlo | H9: 40
A10: Obligatorio
A11: Competencia a desarrollar | B11: Implementa soluciones de almacenamiento y conteo digital utilizando registros y contadores apoyándose en simuladores de circuitos digitales como Proteus para optimizar el manejo de datos y eventos secuenciales en sistemas electrónicos
A12: Competencia a desarrollar | B12: Crea ..
A13: Competencia a desarrollar
A14: Titulo
A15: Qué tecnologías, lenguajes de programación, plataformas, hardware o software se utilizaran
A16: Arduino, Electrónica básica
A19: Descripción de lo que se realizara
A26: 2. Segundo Proyecto | E26: Ponderación | G26: Horas para realizarlo
A27: Obligatorio
A28: Competencia a desarrollar
A29: Competencia a desarrollar
A30: Competencia a desarrollar
A31: Titulo
A32: Qué tecnologías, lenguajes de programación, plataformas, hardware o software se utilizaran
A36: Descripción de lo que se realizara
A43: 3. Tercer Proyecto | E43: Ponderación | G43: Horas para realizarlo
A44: Optativa
A45: Competencia a desarrollar
A46: Competencia a desarrollar
A47: Competencia a desarrollar
A48: Titulo
A49: Qué tecnologías, lenguajes de programación, plataformas, hardware o software se utilizaran
A53: Descripción de lo que se realizara

Sheet Tareas
B2: Tareas
B4: Curso | C4: ='Diseño'!C4 -> 964 - Organización Computacional
B5: Tiempo | C5: =H9+H26+H43+H60+H77+H94+H111 -> 10
B6: Ponderación | C6: =F9+F26+F43+F60+F77+F94+F111 -> 10
B7: La sumatoria de los puntos de los practicas debe no debe super el 20% de la nota
A9: 1. Primera Tarea | E9: Ponderación | F9: 2 | G9: Horas para realizarlo | H9: 2
A10: Obligatoria
A11: Competencia a desarrollar | B11: Diseñar un circuito basico con flip flops en un software
A12: Competencia a desarrollar
A13: Competencia a desarrollar
A14: Titulo | B14: Investigacion
A15: Qué tecnologías, lenguajes de programación, plataformas, hardware o software se utilizaran
A19: Descripción de lo que se realizara
A26: 2. Segunda Tarea | E26: Ponderación | F26: 2 | G26: Horas para realizarlo
A27: Obligatoria
A28: Competencia a desarrollar | B28: Diseña Circuitos digitales combinacionales para operaciones aritméticas y lógicas mediante el uso de Proteus, Logisim y Arduino IDE para construir una Unidad Aritmética Lógica (ALU) funcional que ejecute suma, resta, multiplicación y potencias
A29: Competencia a desarrollar
A30: Competencia a desarrollar
A31: Titulo | B31: Diseño y Construcción de un Comparador Lógico con Visualización en Displays de 7 Segmentos
A32: Qué tecnologías, lenguajes de programación, plataformas, hardware o software se utilizaran
A33: Software de simulación: Proteus (.pdsprj) Hardware / Componentes permitidos: Compuertas lógicas: AND (7408), NOT (7404), XOR (7486), OR (7432) Comparador: 7485 / 74285 Decoder: 7447 / 7448 Sumador: 7483 / 74283 Multiplexores: 74157 Demultiplexores: 74138 Transistores NPN: 2N2222
A36: Descripción de lo que se realizara
A37: Diseñar y construir un comparador lógico que evalúe dos entradas, A y B, determinando cuál es el mayor y cuál el menor. Los valores resultantes deberán visualizarse en dos displays de 7 segmentos, cumpliendo los siguientes requisitos: Implementar un circuito que compare dos valores de entrada. Mostrar el número mayor y menor en los dos displays. Utilizar únicamente los componentes permitidos listados.
A43: 3. Tercera Tarea | E43: Ponderación | F43: 2 | G43: Horas para realizarlo | H43: 2
A44: Optativa
A45: Competencia a desarrollar | B45: Implementa soluciones de almacenamiento y conteo digital utilizando registros y contadores apoyándose en simuladores de circuitos digitales como Proteus para optimizar el manejo de datos y eventos secuenciales en sistemas electrónicos
A46: Competencia a desarrollar
A47: Competencia a desarrollar
A48: Titulo | B48: Lógica Binaria - Diseño de un Sistema de Semáforo Inteligente
A49: Qué tecnologías, lenguajes de programación, plataformas, hardware o software se utilizaran
A50: Álgebra Booleana Mapas de Karnaugh Compuertas lógicas básicas (AND, OR, NOT) Software de simulación: Proteus (para el diseño del circuito)
A53: Descripción de lo que se realizara
A54: Diseñar e implementar un circuito lógico para controlar un semáforo inteligente. El circuito debe activar la luz verde (G) según ciertas condiciones basadas en cuatro variables de entrada: A (sensor de vehículos), B (sensor de peatones), C (hora pico), y D (sistema de emergencia).
A60: 4. Cuarta Tarea | E60: Ponderación | F60: 2 | G60: Horas para realizarlo | H60: 2
A61: Optativa
A62: Competencia a desarrollar | B62: Implementa soluciones de almacenamiento y conteo digital utilizando registros y contadores apoyándose en simuladores de circuitos digitales como Proteus para optimizar el manejo de datos y eventos secuenciales en sistemas electrónicos
A63: Competencia a desarrollar
A64: Competencia a desarrollar
A65: Titulo | B65: Lógica Binaria - Contador Binario
A66: Qué tecnologías, lenguajes de programación, plataformas, hardware o software se utilizaran
A67: Álgebra Booleana Mapas de Karnaugh Compuertas lógicas básicas (AND, OR, NOT) Software de simulación: Proteus (para el diseño del circuito)
A70: Descripción de lo que se realizara
A71: diseñar e implementar un circuito contador digital que cuente de manera automática desde 0 hasta 9 utilizando herramientas de simulación electrónica. El proyecto integra conceptos fundamentales de electrónica digital y analógica, como la generación de señales de reloj mediante el temporizador NE555
A77: 5. Quinta Tarea | E77: Ponderación | F77: 2 | G77: Horas para realizarlo | H77: 4
A78: Optativa
A79: Competencia a desarrollar | B79: Diseña Circuitos digitales combinacionales para operaciones aritméticas y lógicas mediante el uso de Proteus, Logisim y Arduino IDE para construir una Unidad Aritmética Lógica (ALU) funcional que ejecute suma, resta, multiplicación y potencias
A80: Competencia a desarrollar | B80: Implementa soluciones de almacenamiento y conteo digital utilizando registros y contadores apoyándose en simuladores de circuitos digitales como Proteus para optimizar el manejo de datos y eventos secuenciales en sistemas electrónicos
A81: Competencia a desarrollar
A82: Titulo | B82: Creación de display LCD simulada programable con I2C en Arduino
A83: Qué tecnologías, lenguajes de programación, plataformas, hardware o software se utilizaran
A84: I2C, Arduino, Arduino IDE, display LCD, sensores
A87: Descripción de lo que se realizara
A88: Conectar un sensor de temperatura o un display LCD I2C al Arduino y programar la lectura de datos o la visualización de información. El estudiante deberá estructurar el código correctamente, utilizar la comunicación I2C para transmitir los datos y verificar que la información se muestra o se registra de manera precisa.
A94: 6. Sexta Tarea | E94: Ponderación | G94: Horas para realizarlo
A95: Optativa
A96: Competencia a desarrollar
A97: Competencia a desarrollar
A98: Competencia a desarrollar
A99: Titulo
A100: Qué tecnologías, lenguajes de programación, plataformas, hardware o software se utilizaran
A104: Descripción de lo que se realizara
A111: 7. Septima Tarea | E111: Ponderación | G111: Horas para realizarlo
A112: Optativa
A113: Competencia a desarrollar
A114: Competencia a desarrollar
A115: Competencia a desarrollar
A116: Titulo
A117: Qué tecnologías, lenguajes de programación, plataformas, hardware o software se utilizaran
A121: Descripción de lo que se realizara

Sheet Resumen
B2: Resumen de Ponderacion y Horas para realizar las actividades
B4: Curso | C4: ='Diseño'!C4 -> 964 - Organización Computacional
B5: Periodo al que aplica | C5: Primer Semestre 2026
B6: Total de Puntos del Laboratorio
A9: Actividades Formativas | B9: 8 | D9: Proyectos | E9: 1
A10: Debe abarcar entre el 20% y 30% de la Nota | D10: Debe abarcar entre el 60% y 70% de la Nota
A12: Tipo de Actividad | B12: Ponderacion | C12: Horas Aproximadas para realizarlo | D12: Observaciones
A13: Actividades durante el peridodo de laboratorio | B13: 25 | C13: 0 | E13: Sumatoria de todas las semas
A14: Proyectos | B14: =Proyectos!C6 -> 30 | C14: =Proyectos!C5 -> 40
A15: Practicas | B15: =Practicas!C6 -> 35 | C15: =Practicas!C5 -> 77
A16: Tareas | B16: =Tareas!C6 -> 10 | C16: =Tareas!C5 -> 10
A17: Total | B17: =SUM(B13:B16) -> 100 | C17: =SUM(C13:C16) -> 127

Sheet METADATA
A1: =IFERROR(__xludf.DUMMYFUNCTION("IMPORTRANGE(""1j2lHEvOoZ_EPY086Qt7f7AFaZGVfiYKJxXlsnNfWCA0"",""Listado Cursos!H:L"")"),"Codigo-Nombre") -> Codigo-Nombre | B1: =IFERROR(__xludf.DUMMYFUNCTION("""COMPUTED_VALUE"""),"Diseño Curricular V01") -> Diseño Curricular V01 | C1: =IFERROR(__xludf.DUMMYFUNCTION("""COMPUTED_VALUE"""),"Analisis de Contexto V01") -> Analisis de Contexto V01 | D1: =IFERROR(__xludf.DUMMYFUNCTION("""COMPUTED_VALUE"""),"2_Analisis_Internacional_y_Local") -> 2_Analisis_Internacional_y_Local | E1: =IFERROR(__xludf.DUMMYFUNCTION("""COMPUTED_VALUE"""),"3_Diseño_Curricular") -> 3_Diseño_Curricular | H1: =IFERROR(__xludf.DUMMYFUNCTION("IMPORTRANGE(VLOOKUP('Diseño'!C4,A:E,4,FALSE), ""Competencias_1re_Sem_2026!B10:J23"")"),1.0) -> 1 | I1: =IFERROR(__xludf.DUMMYFUNCTION("""COMPUTED_VALUE"""),"General") -> General | J1: =IFERROR(__xludf.DUMMYFUNCTION("""COMPUTED_VALUE"""),"Integra") -> Integra | K1: =IFERROR(__xludf.DUMMYFUNCTION("""COMPUTED_VALUE"""),"circuitos digitales y sistemas embebidos") -> circuitos digitales y sistemas embebidos | M1: =IFERROR(__xludf.DUMMYFUNCTION("""COMPUTED_VALUE"""),"mediante el uso de bases numéricas, transistores, compuertas lógicas, bloques combinacionales y secuenciales, registros, memoria RAM, Arduino, actuadores, controladores y sensores") -> mediante el uso de bases numéricas, transistores, compuertas lógicas, bloques combinacionales y secuenciales, registros, memoria RAM, Arduino, actuadores, controladores y sensores | N1: =IFERROR(__xludf.DUMMYFUNCTION("""COMPUTED_VALUE"""),"para la resolución de problemas prácticos de automatización y control en contextos académicos y tecnológicos") -> para la resolución de problemas prácticos de automatización y control en contextos académicos y tecnológicos | P1: =IFERROR(__xludf.DUMMYFUNCTION("""COMPUTED_VALUE"""),"Aplicar") -> Aplicar
A2: =IFERROR(__xludf.DUMMYFUNCTION("""COMPUTED_VALUE"""),"17 - Área Social Humanística 1") -> 17 - Área Social Humanística 1 | I2: =IFERROR(__xludf.DUMMYFUNCTION("""COMPUTED_VALUE"""),"Integra circuitos digitales y sistemas embebidos mediante el uso de bases numéricas, transistores, compuertas lógicas, bloques combinacionales y secuenciales, registros, memoria RAM, Arduino, actuadores, controladores y sensores para la resolución de prob"&"lemas prácticos de automatización y control en contextos académicos y tecnológicos ") -> Integra circuitos digitales y sistemas embebidos mediante el uso de bases numéricas, transistores, compuertas lógicas, bloques combinacionales y secuenciales, registros, memoria RAM, Arduino, actuadores, controladores y sensores para la resolución de problemas prácticos de automatización y control en contextos académicos y tecnológicos
A3: =IFERROR(__xludf.DUMMYFUNCTION("""COMPUTED_VALUE"""),"101 - Área Matemática Básica 1") -> 101 - Área Matemática Básica 1 | H3: =IFERROR(__xludf.DUMMYFUNCTION("""COMPUTED_VALUE"""),2.0) -> 2 | I3: =IFERROR(__xludf.DUMMYFUNCTION("""COMPUTED_VALUE"""),"Especifica") -> Especifica | J3: =IFERROR(__xludf.DUMMYFUNCTION("""COMPUTED_VALUE"""),"Implementa") -> Implementa | K3: =IFERROR(__xludf.DUMMYFUNCTION("""COMPUTED_VALUE"""),"soluciones de almacenamiento y conteo digital utilizando registros y contadores") -> soluciones de almacenamiento y conteo digital utilizando registros y contadores | M3: =IFERROR(__xludf.DUMMYFUNCTION("""COMPUTED_VALUE"""),"apoyándose en simuladores de circuitos digitales como Proteus") -> apoyándose en simuladores de circuitos digitales como Proteus | N3: =IFERROR(__xludf.DUMMYFUNCTION("""COMPUTED_VALUE"""),"para optimizar el manejo de datos y eventos secuenciales en sistemas electrónicos") -> para optimizar el manejo de datos y eventos secuenciales en sistemas electrónicos | P3: =IFERROR(__xludf.DUMMYFUNCTION("""COMPUTED_VALUE"""),"Aplicar") -> Aplicar
A4: =IFERROR(__xludf.DUMMYFUNCTION("""COMPUTED_VALUE"""),"5 - Técnicas de Estudio e Investigación") -> 5 - Técnicas de Estudio e Investigación | I4: =IFERROR(__xludf.DUMMYFUNCTION("""COMPUTED_VALUE"""),"Implementa soluciones de almacenamiento y conteo digital utilizando registros y contadores apoyándose en simuladores de circuitos digitales como Proteus para optimizar el manejo de datos y eventos secuenciales en sistemas electrónicos ") -> Implementa soluciones de almacenamiento y conteo digital utilizando registros y contadores apoyándose en simuladores de circuitos digitales como Proteus para optimizar el manejo de datos y eventos secuenciales en sistemas electrónicos
A5: =IFERROR(__xludf.DUMMYFUNCTION("""COMPUTED_VALUE"""),"39 - Deportes 1") -> 39 - Deportes 1 | H5: =IFERROR(__xludf.DUMMYFUNCTION("""COMPUTED_VALUE"""),3.0) -> 3 | I5: =IFERROR(__xludf.DUMMYFUNCTION("""COMPUTED_VALUE"""),"Especifica") -> Especifica | J5: =IFERROR(__xludf.DUMMYFUNCTION("""COMPUTED_VALUE"""),"Diseña") -> Diseña | K5: =IFERROR(__xludf.DUMMYFUNCTION("""COMPUTED_VALUE"""),"Circuitos digitales combinacionales para operaciones aritméticas y lógicas") -> Circuitos digitales combinacionales para operaciones aritméticas y lógicas | M5: =IFERROR(__xludf.DUMMYFUNCTION("""COMPUTED_VALUE"""),"mediante el uso de Proteus, Logisim y Arduino IDE") -> mediante el uso de Proteus, Logisim y Arduino IDE | N5: =IFERROR(__xludf.DUMMYFUNCTION("""COMPUTED_VALUE"""),"para construir una Unidad Aritmética Lógica (ALU) funcional que ejecute suma, resta, multiplicación y potencias") -> para construir una Unidad Aritmética Lógica (ALU) funcional que ejecute suma, resta, multiplicación y potencias | P5: =IFERROR(__xludf.DUMMYFUNCTION("""COMPUTED_VALUE"""),"Crear") -> Crear
A6: =IFERROR(__xludf.DUMMYFUNCTION("""COMPUTED_VALUE"""),"6 - Idioma Tecnico 1") -> 6 - Idioma Tecnico 1 | I6: =IFERROR(__xludf.DUMMYFUNCTION("""COMPUTED_VALUE"""),"Diseña Circuitos digitales combinacionales para operaciones aritméticas y lógicas mediante el uso de Proteus, Logisim y Arduino IDE para construir una Unidad Aritmética Lógica (ALU) funcional que ejecute suma, resta, multiplicación y potencias ") -> Diseña Circuitos digitales combinacionales para operaciones aritméticas y lógicas mediante el uso de Proteus, Logisim y Arduino IDE para construir una Unidad Aritmética Lógica (ALU) funcional que ejecute suma, resta, multiplicación y potencias
A7: =IFERROR(__xludf.DUMMYFUNCTION("""COMPUTED_VALUE"""),"19 - Área Social Humanística 2") -> 19 - Área Social Humanística 2 | H7: =IFERROR(__xludf.DUMMYFUNCTION("""COMPUTED_VALUE"""),4.0) -> 4 | I7: =IFERROR(__xludf.DUMMYFUNCTION("""COMPUTED_VALUE"""),"Especifica") -> Especifica | J7: =IFERROR(__xludf.DUMMYFUNCTION("""COMPUTED_VALUE"""),"Implementa") -> Implementa | K7: =IFERROR(__xludf.DUMMYFUNCTION("""COMPUTED_VALUE"""),"Circuitos digitales secuenciales utilizando flip-flops SR, D, JK y T ") -> Circuitos digitales secuenciales utilizando flip-flops SR, D, JK y T | M7: =IFERROR(__xludf.DUMMYFUNCTION("""COMPUTED_VALUE"""),"mediante simulación en Proteus y montaje en protoboard aplicando técnicas de diseño lógico") -> mediante simulación en Proteus y montaje en protoboard aplicando técnicas de diseño lógico | N7: =IFERROR(__xludf.DUMMYFUNCTION("""COMPUTED_VALUE"""),"para crear y comprobar aplicaciones de almacenamiento, conteo y control de estados en sistemas electrónicos digitales") -> para crear y comprobar aplicaciones de almacenamiento, conteo y control de estados en sistemas electrónicos digitales | P7: =IFERROR(__xludf.DUMMYFUNCTION("""COMPUTED_VALUE"""),"Aplicar") -> Aplicar
A8: =IFERROR(__xludf.DUMMYFUNCTION("""COMPUTED_VALUE"""),"103 - Área Matemática Básica 2") -> 103 - Área Matemática Básica 2 | I8: =IFERROR(__xludf.DUMMYFUNCTION("""COMPUTED_VALUE"""),"Implementa Circuitos digitales secuenciales utilizando flip-flops SR, D, JK y T mediante simulación en Proteus y montaje en protoboard aplicando técnicas de diseño lógico para crear y comprobar aplicaciones de almacenamiento, conteo y control de estados "&"en sistemas electrónicos digitales ") -> Implementa Circuitos digitales secuenciales utilizando flip-flops SR, D, JK y T mediante simulación en Proteus y montaje en protoboard aplicando técnicas de diseño lógico para crear y comprobar aplicaciones de almacenamiento, conteo y control de estados en sistemas electrónicos digitales
A9: =IFERROR(__xludf.DUMMYFUNCTION("""COMPUTED_VALUE"""),"960 - Matemática Para Computación 1") -> 960 - Matemática Para Computación 1 | H9: =IFERROR(__xludf.DUMMYFUNCTION("""COMPUTED_VALUE"""),5.0) -> 5 | I9: =IFERROR(__xludf.DUMMYFUNCTION("""COMPUTED_VALUE"""),"Especifica") -> Especifica | J9: =IFERROR(__xludf.DUMMYFUNCTION("""COMPUTED_VALUE"""),"Define") -> Define | K9: =IFERROR(__xludf.DUMMYFUNCTION("""COMPUTED_VALUE"""),"los sistemas numéricos posicionales (binario, octal y decimal) y los componentes básicos de la electrónica digital (puertas lógicas, transistores, LEDs)") -> los sistemas numéricos posicionales (binario, octal y decimal) y los componentes básicos de la electrónica digital (puertas lógicas, transistores, LEDs) | M9: =IFERROR(__xludf.DUMMYFUNCTION("""COMPUTED_VALUE"""),"ofreciendo explicaciones sobre su función y relación en la representación de la información") -> ofreciendo explicaciones sobre su función y relación en la representación de la información | N9: =IFERROR(__xludf.DUMMYFUNCTION("""COMPUTED_VALUE"""),"en dispositivos digitales con precisión") -> en dispositivos digitales con precisión | P9: =IFERROR(__xludf.DUMMYFUNCTION("""COMPUTED_VALUE"""),"Comprender") -> Comprender
A10: =IFERROR(__xludf.DUMMYFUNCTION("""COMPUTED_VALUE"""),"147 - Física Básica") -> 147 - Física Básica | I10: =IFERROR(__xludf.DUMMYFUNCTION("""COMPUTED_VALUE"""),"Define los sistemas numéricos posicionales (binario, octal y decimal) y los componentes básicos de la electrónica digital (puertas lógicas, transistores, LEDs) ofreciendo explicaciones sobre su función y relación en la representación de la información en "&"dispositivos digitales con precisión ") -> Define los sistemas numéricos posicionales (binario, octal y decimal) y los componentes básicos de la electrónica digital (puertas lógicas, transistores, LEDs) ofreciendo explicaciones sobre su función y relación en la representación de la información en dispositivos digitales con precisión
A11: =IFERROR(__xludf.DUMMYFUNCTION("""COMPUTED_VALUE"""),"40 - Deportes 2") -> 40 - Deportes 2 | H11: =IFERROR(__xludf.DUMMYFUNCTION("""COMPUTED_VALUE"""),6.0) -> 6 | I11: =IFERROR(__xludf.DUMMYFUNCTION("""COMPUTED_VALUE"""),"Especifica") -> Especifica | J11: =IFERROR(__xludf.DUMMYFUNCTION("""COMPUTED_VALUE"""),"Diseña") -> Diseña | K11: =IFERROR(__xludf.DUMMYFUNCTION("""COMPUTED_VALUE"""),"sistemas de control interactivos con microcontroladores y sensores") -> sistemas de control interactivos con microcontroladores y sensores | M11: =IFERROR(__xludf.DUMMYFUNCTION("""COMPUTED_VALUE"""),"mediante el uso de Arduino IDE y librerías de comunicación (Serial, I2C, SPI)") -> mediante el uso de Arduino IDE y librerías de comunicación (Serial, I2C, SPI) | N11: =IFERROR(__xludf.DUMMYFUNCTION("""COMPUTED_VALUE"""),"para automatizar procesos de monitoreo y control en tiempo real en dispositivos electrónicos") -> para automatizar procesos de monitoreo y control en tiempo real en dispositivos electrónicos | P11: =IFERROR(__xludf.DUMMYFUNCTION("""COMPUTED_VALUE"""),"Crear") -> Crear
A12: =IFERROR(__xludf.DUMMYFUNCTION("""COMPUTED_VALUE"""),"8 - Idioma Técnico 2") -> 8 - Idioma Técnico 2 | I12: =IFERROR(__xludf.DUMMYFUNCTION("""COMPUTED_VALUE"""),"Diseña sistemas de control interactivos con microcontroladores y sensores mediante el uso de Arduino IDE y librerías de comunicación (Serial, I2C, SPI) para automatizar procesos de monitoreo y control en tiempo real en dispositivos electrónicos ") -> Diseña sistemas de control interactivos con microcontroladores y sensores mediante el uso de Arduino IDE y librerías de comunicación (Serial, I2C, SPI) para automatizar procesos de monitoreo y control en tiempo real en dispositivos electrónicos
A13: =IFERROR(__xludf.DUMMYFUNCTION("""COMPUTED_VALUE"""),"795 - Logica de Sitemas") -> 795 - Logica de Sitemas | B13: =IFERROR(__xludf.DUMMYFUNCTION("""COMPUTED_VALUE"""),"1tGblVNcAY7QU_u00ZUgf5GJjDZOK39vXt9FvZeMfPKg") -> 1tGblVNcAY7QU_u00ZUgf5GJjDZOK39vXt9FvZeMfPKg | C13: =IFERROR(__xludf.DUMMYFUNCTION("""COMPUTED_VALUE"""),"1olpUmnSmvTLYIIWFmjmPX_CYPTPOprpPEwh7xMvm2WM") -> 1olpUmnSmvTLYIIWFmjmPX_CYPTPOprpPEwh7xMvm2WM | D13: =IFERROR(__xludf.DUMMYFUNCTION("""COMPUTED_VALUE"""),"17agcDtIQgmVILM9RXVaUBYkv_J7pJleLEkxEkIyMJJM") -> 17agcDtIQgmVILM9RXVaUBYkv_J7pJleLEkxEkIyMJJM | E13: =IFERROR(__xludf.DUMMYFUNCTION("""COMPUTED_VALUE"""),"1w95w-5-FomsEx4h6E_6QIaFvwjWn3GpS") -> 1w95w-5-FomsEx4h6E_6QIaFvwjWn3GpS | H13: =IFERROR(__xludf.DUMMYFUNCTION("""COMPUTED_VALUE"""),7.0) -> 7 | I13: =IFERROR(__xludf.DUMMYFUNCTION("""COMPUTED_VALUE"""),"Especifica") -> Especifica | J13: =IFERROR(__xludf.DUMMYFUNCTION("""COMPUTED_VALUE"""),"Define") -> Define | K13: =IFERROR(__xludf.DUMMYFUNCTION("""COMPUTED_VALUE"""),"soluciones digitales básicas") -> soluciones digitales básicas | M13: =IFERROR(__xludf.DUMMYFUNCTION("""COMPUTED_VALUE"""),"utilizando compuertas lógicas, circuitos combinacionales y plataformas como Arduino") -> utilizando compuertas lógicas, circuitos combinacionales y plataformas como Arduino | N13: =IFERROR(__xludf.DUMMYFUNCTION("""COMPUTED_VALUE"""),"para controlar y automatizar tareas elementales en sistemas computacionales") -> para controlar y automatizar tareas elementales en sistemas computacionales | P13: =IFERROR(__xludf.DUMMYFUNCTION("""COMPUTED_VALUE"""),"Crear") -> Crear
A14: =IFERROR(__xludf.DUMMYFUNCTION("""COMPUTED_VALUE"""),"962 - Matemática Para Computación 2") -> 962 - Matemática Para Computación 2 | I14: =IFERROR(__xludf.DUMMYFUNCTION("""COMPUTED_VALUE"""),"Define soluciones digitales básicas utilizando compuertas lógicas, circuitos combinacionales y plataformas como Arduino para controlar y automatizar tareas elementales en sistemas computacionales ") -> Define soluciones digitales básicas utilizando compuertas lógicas, circuitos combinacionales y plataformas como Arduino para controlar y automatizar tareas elementales en sistemas computacionales
A15: =IFERROR(__xludf.DUMMYFUNCTION("""COMPUTED_VALUE"""),"770 - Introducción a ala programación y computación 1") -> 770 - Introducción a ala programación y computación 1 | B15: =IFERROR(__xludf.DUMMYFUNCTION("""COMPUTED_VALUE"""),"1hnCz3e7R539DMJA_6KBromYXyQWjR5cbX4eUFYyZB78") -> 1hnCz3e7R539DMJA_6KBromYXyQWjR5cbX4eUFYyZB78 | C15: =IFERROR(__xludf.DUMMYFUNCTION("""COMPUTED_VALUE"""),"13K0AQ2QyRJmkDL_B9YKTYVy3OKQyLCIBTe0sAqstrFI") -> 13K0AQ2QyRJmkDL_B9YKTYVy3OKQyLCIBTe0sAqstrFI | D15: =IFERROR(__xludf.DUMMYFUNCTION("""COMPUTED_VALUE"""),"1kT0U-6N_PfLXHZnMI7r4DBtAi8DedDHU4nlc6LJYNo0") -> 1kT0U-6N_PfLXHZnMI7r4DBtAi8DedDHU4nlc6LJYNo0 | E15: =IFERROR(__xludf.DUMMYFUNCTION("""COMPUTED_VALUE"""),"1ckY3kIc3clzV4xpXc56uv8KpfX4YxL-8") -> 1ckY3kIc3clzV4xpXc56uv8KpfX4YxL-8
A16: =IFERROR(__xludf.DUMMYFUNCTION("""COMPUTED_VALUE"""),"107 - Área Matemática Intermedia 1") -> 107 - Área Matemática Intermedia 1
A17: =IFERROR(__xludf.DUMMYFUNCTION("""COMPUTED_VALUE"""),"150 - Fisica 1") -> 150 - Fisica 1 | I17: =I2 -> Integra circuitos digitales y sistemas embebidos mediante el uso de bases numéricas, transistores, compuertas lógicas, bloques combinacionales y secuenciales, registros, memoria RAM, Arduino, actuadores, controladores y sensores para la resolución de problemas prácticos de automatización y control en contextos académicos y tecnológicos
A18: =IFERROR(__xludf.DUMMYFUNCTION("""COMPUTED_VALUE"""),"1 - Ética Profesional") -> 1 - Ética Profesional | I18: =I4 -> Implementa soluciones de almacenamiento y conteo digital utilizando registros y contadores apoyándose en simuladores de circuitos digitales como Proteus para optimizar el manejo de datos y eventos secuenciales en sistemas electrónicos
A19: =IFERROR(__xludf.DUMMYFUNCTION("""COMPUTED_VALUE"""),"9 - Idioma Técnico 3") -> 9 - Idioma Técnico 3 | I19: =I6 -> Diseña Circuitos digitales combinacionales para operaciones aritméticas y lógicas mediante el uso de Proteus, Logisim y Arduino IDE para construir una Unidad Aritmética Lógica (ALU) funcional que ejecute suma, resta, multiplicación y potencias
A20: =IFERROR(__xludf.DUMMYFUNCTION("""COMPUTED_VALUE"""),"796 - Lenguajes Formales y de Programación") -> 796 - Lenguajes Formales y de Programación | B20: =IFERROR(__xludf.DUMMYFUNCTION("""COMPUTED_VALUE"""),"1-dPQ2ZCWWgBi4gyaV8KmnDWxF063I-zfJutKPMwJjrw") -> 1-dPQ2ZCWWgBi4gyaV8KmnDWxF063I-zfJutKPMwJjrw | C20: =IFERROR(__xludf.DUMMYFUNCTION("""COMPUTED_VALUE"""),"14p5IrzE6q20i9mtWRrbgJgIQTyfVIS4RiO1JbrFY3Ng") -> 14p5IrzE6q20i9mtWRrbgJgIQTyfVIS4RiO1JbrFY3Ng | D20: =IFERROR(__xludf.DUMMYFUNCTION("""COMPUTED_VALUE"""),"1AGg7thSM78QT3j-XZKX-5O8_jS800m3f69bnsKDL7lw") -> 1AGg7thSM78QT3j-XZKX-5O8_jS800m3f69bnsKDL7lw | E20: =IFERROR(__xludf.DUMMYFUNCTION("""COMPUTED_VALUE"""),"1OmnbU2f0aXljqhgz4fTmiAjtEt-JJYai") -> 1OmnbU2f0aXljqhgz4fTmiAjtEt-JJYai | I20: =I8 -> Implementa Circuitos digitales secuenciales utilizando flip-flops SR, D, JK y T mediante simulación en Proteus y montaje en protoboard aplicando técnicas de diseño lógico para crear y comprobar aplicaciones de almacenamiento, conteo y control de estados en sistemas electrónicos digitales
A21: =IFERROR(__xludf.DUMMYFUNCTION("""COMPUTED_VALUE"""),"771 - Introducción a la Programación y Computación 2") -> 771 - Introducción a la Programación y Computación 2 | B21: =IFERROR(__xludf.DUMMYFUNCTION("""COMPUTED_VALUE"""),"1__RmanO4MiKBpppCFzGzdDC2fWb5cD2m02xjOur_6nk") -> 1__RmanO4MiKBpppCFzGzdDC2fWb5cD2m02xjOur_6nk | C21: =IFERROR(__xludf.DUMMYFUNCTION("""COMPUTED_VALUE"""),"1hwyEeHtTnYmAXwVixwCmwcQ_1S6x1ID8qghxNj_2les") -> 1hwyEeHtTnYmAXwVixwCmwcQ_1S6x1ID8qghxNj_2les | D21: =IFERROR(__xludf.DUMMYFUNCTION("""COMPUTED_VALUE"""),"1u-w0HNCWqujufP7pN3mFHcpWgitZrec1rkML6inpQK4") -> 1u-w0HNCWqujufP7pN3mFHcpWgitZrec1rkML6inpQK4 | E21: =IFERROR(__xludf.DUMMYFUNCTION("""COMPUTED_VALUE"""),"1cHaBQxjzhcYUkXb4b-PtA5PT2axoYWIL") -> 1cHaBQxjzhcYUkXb4b-PtA5PT2axoYWIL | I21: =I10 -> Define los sistemas numéricos posicionales (binario, octal y decimal) y los componentes básicos de la electrónica digital (puertas lógicas, transistores, LEDs) ofreciendo explicaciones sobre su función y relación en la representación de la información en dispositivos digitales con precisión
A22: =IFERROR(__xludf.DUMMYFUNCTION("""COMPUTED_VALUE"""),"112 - Área Matemática Intermedia 2") -> 112 - Área Matemática Intermedia 2 | I22: =I12 -> Diseña sistemas de control interactivos con microcontroladores y sensores mediante el uso de Arduino IDE y librerías de comunicación (Serial, I2C, SPI) para automatizar procesos de monitoreo y control en tiempo real en dispositivos electrónicos
A23: =IFERROR(__xludf.DUMMYFUNCTION("""COMPUTED_VALUE"""),"114 - Área Matemática Intermedia 3") -> 114 - Área Matemática Intermedia 3 | I23: =I14 -> Define soluciones digitales básicas utilizando compuertas lógicas, circuitos combinacionales y plataformas como Arduino para controlar y automatizar tareas elementales en sistemas computacionales
A24: =IFERROR(__xludf.DUMMYFUNCTION("""COMPUTED_VALUE"""),"152 - Física 2") -> 152 - Física 2
A25: =IFERROR(__xludf.DUMMYFUNCTION("""COMPUTED_VALUE"""),"10 - Lógica") -> 10 - Lógica
A26: =IFERROR(__xludf.DUMMYFUNCTION("""COMPUTED_VALUE"""),"11 - Idioma Técnico 4") -> 11 - Idioma Técnico 4
A27: =IFERROR(__xludf.DUMMYFUNCTION("""COMPUTED_VALUE"""),"2025 - Prácticas Iniciales") -> 2025 - Prácticas Iniciales
A28: =IFERROR(__xludf.DUMMYFUNCTION("""COMPUTED_VALUE"""),"732 - Estadística 1") -> 732 - Estadística 1
A29: =IFERROR(__xludf.DUMMYFUNCTION("""COMPUTED_VALUE"""),"777 - Organización de Lenguajes y Compiladores 1") -> 777 - Organización de Lenguajes y Compiladores 1 | B29: =IFERROR(__xludf.DUMMYFUNCTION("""COMPUTED_VALUE"""),"1sMJr8kYIDF7fR6Jn6GMDZp8CdJCeGqxbVA5UTdBCrkM") -> 1sMJr8kYIDF7fR6Jn6GMDZp8CdJCeGqxbVA5UTdBCrkM | C29: =IFERROR(__xludf.DUMMYFUNCTION("""COMPUTED_VALUE"""),"1sznB5glJmAKD25Jh38PR_uvVmYLeupPdQfr5Z_cGdy0") -> 1sznB5glJmAKD25Jh38PR_uvVmYLeupPdQfr5Z_cGdy0 | D29: =IFERROR(__xludf.DUMMYFUNCTION("""COMPUTED_VALUE"""),"1kBA4IGrUYJDRe0Y1euEq_2KSZ_6qIOJf4ChyOoB7-bw") -> 1kBA4IGrUYJDRe0Y1euEq_2KSZ_6qIOJf4ChyOoB7-bw | E29: =IFERROR(__xludf.DUMMYFUNCTION("""COMPUTED_VALUE"""),"14tEUE8qfBh4CI8Qotf2UbaoJFzpnWz0r") -> 14tEUE8qfBh4CI8Qotf2UbaoJFzpnWz0r
A30: =IFERROR(__xludf.DUMMYFUNCTION("""COMPUTED_VALUE"""),"964 - Organización Computacional") -> 964 - Organización Computacional | B30: =IFERROR(__xludf.DUMMYFUNCTION("""COMPUTED_VALUE"""),"1daYmFoqU1khKZXb4p_ygv5jH4tkv8-tTjdTDSUh72F0") -> 1daYmFoqU1khKZXb4p_ygv5jH4tkv8-tTjdTDSUh72F0 | C30: =IFERROR(__xludf.DUMMYFUNCTION("""COMPUTED_VALUE"""),"1Iu2w--EUMRmqIHGvbgJsupMFeebEMTKXZFzhrwGZtOs") -> 1Iu2w--EUMRmqIHGvbgJsupMFeebEMTKXZFzhrwGZtOs | D30: =IFERROR(__xludf.DUMMYFUNCTION("""COMPUTED_VALUE"""),"1gqR4HPKEldyIGuEb4K6wpzCwLjthMqCU81C5lPPJfYo") -> 1gqR4HPKEldyIGuEb4K6wpzCwLjthMqCU81C5lPPJfYo | E30: =IFERROR(__xludf.DUMMYFUNCTION("""COMPUTED_VALUE"""),"168JiBG-dVAZLw3Z00Wh0GzOSNJ7yxpVe") -> 168JiBG-dVAZLw3Z00Wh0GzOSNJ7yxpVe
A31: =IFERROR(__xludf.DUMMYFUNCTION("""COMPUTED_VALUE"""),"772 - Estructuras de Datos") -> 772 - Estructuras de Datos | B31: =IFERROR(__xludf.DUMMYFUNCTION("""COMPUTED_VALUE"""),"1rTNY7hLmB5N26Z2z6EtF0axcaKKizdu0eLKqLiwUhto") -> 1rTNY7hLmB5N26Z2z6EtF0axcaKKizdu0eLKqLiwUhto | C31: =IFERROR(__xludf.DUMMYFUNCTION("""COMPUTED_VALUE"""),"1e8AAZ395NIODTRjmbwP3Bvdb1OJlsJawLywq7NixwcM") -> 1e8AAZ395NIODTRjmbwP3Bvdb1OJlsJawLywq7NixwcM | D31: =IFERROR(__xludf.DUMMYFUNCTION("""COMPUTED_VALUE"""),"1PVCPYoBYbA64z-ceE8HVIWfvtziNTX_CeNB1XrAFUmk") -> 1PVCPYoBYbA64z-ceE8HVIWfvtziNTX_CeNB1XrAFUmk | E31: =IFERROR(__xludf.DUMMYFUNCTION("""COMPUTED_VALUE"""),"1E0q2biUjzF_2MGRSFGlAtpUs_jiKeYCi") -> 1E0q2biUjzF_2MGRSFGlAtpUs_jiKeYCi
A32: =IFERROR(__xludf.DUMMYFUNCTION("""COMPUTED_VALUE"""),"116 - Matemática Aplicada 3") -> 116 - Matemática Aplicada 3
A33: =IFERROR(__xludf.DUMMYFUNCTION("""COMPUTED_VALUE"""),"118 - Matemática Aplicada 1") -> 118 - Matemática Aplicada 1
A34: =IFERROR(__xludf.DUMMYFUNCTION("""COMPUTED_VALUE"""),"18 - Filosofía de la Ciencia") -> 18 - Filosofía de la Ciencia
A35: =IFERROR(__xludf.DUMMYFUNCTION("""COMPUTED_VALUE"""),"722 - Teoría de Sistemas 1") -> 722 - Teoría de Sistemas 1 | B35: =IFERROR(__xludf.DUMMYFUNCTION("""COMPUTED_VALUE"""),"1npGvBttUX2JHkjnmDRQmNhZacltUudlNKCQsLV09BaU") -> 1npGvBttUX2JHkjnmDRQmNhZacltUudlNKCQsLV09BaU | C35: =IFERROR(__xludf.DUMMYFUNCTION("""COMPUTED_VALUE"""),"1hMUPf0qs2ca-iLxfgxe8cYMynK4MJCa34p7GqRHJXbE") -> 1hMUPf0qs2ca-iLxfgxe8cYMynK4MJCa34p7GqRHJXbE | D35: =IFERROR(__xludf.DUMMYFUNCTION("""COMPUTED_VALUE"""),"1ATHMFdf0XbWCqh2hcVgPbB3YAnr637GqzneY0kwZPXs") -> 1ATHMFdf0XbWCqh2hcVgPbB3YAnr637GqzneY0kwZPXs | E35: =IFERROR(__xludf.DUMMYFUNCTION("""COMPUTED_VALUE"""),"1me1nH7wLH9V0Y0D1dBAqO-cxBMvcPd1a") -> 1me1nH7wLH9V0Y0D1dBAqO-cxBMvcPd1a
A36: =IFERROR(__xludf.DUMMYFUNCTION("""COMPUTED_VALUE"""),"601 - Investigación de Operaciones 1") -> 601 - Investigación de Operaciones 1
A37: =IFERROR(__xludf.DUMMYFUNCTION("""COMPUTED_VALUE"""),"14 - Economía") -> 14 - Economía | B37: =IFERROR(__xludf.DUMMYFUNCTION("""COMPUTED_VALUE"""),"169ieOogZaXHMs_PddYQfqqWTOgqfbgT1NUf8dchmb4U") -> 169ieOogZaXHMs_PddYQfqqWTOgqfbgT1NUf8dchmb4U | C37: =IFERROR(__xludf.DUMMYFUNCTION("""COMPUTED_VALUE"""),"1aRV1pjb7CPc1NcugRe2l92I-OqNZYb_4YmhuHZtvXzs") -> 1aRV1pjb7CPc1NcugRe2l92I-OqNZYb_4YmhuHZtvXzs | D37: =IFERROR(__xludf.DUMMYFUNCTION("""COMPUTED_VALUE"""),"1pajOO3AWmOi1jPG43utDMvSL31e0t1UDzgvEQYveS28") -> 1pajOO3AWmOi1jPG43utDMvSL31e0t1UDzgvEQYveS28 | E37: =IFERROR(__xludf.DUMMYFUNCTION("""COMPUTED_VALUE"""),"1WqxKIBh1lpbr01vS0jn_ragnl3d_04zY") -> 1WqxKIBh1lpbr01vS0jn_ragnl3d_04zY
A38: =IFERROR(__xludf.DUMMYFUNCTION("""COMPUTED_VALUE"""),"781 - Organización de Lenguajes y Compiladores 2") -> 781 - Organización de Lenguajes y Compiladores 2 | B38: =IFERROR(__xludf.DUMMYFUNCTION("""COMPUTED_VALUE"""),"18dQYgiKWkpI2wogupgHf8u3PbCa0cKqMH6-ZsAIhLPw") -> 18dQYgiKWkpI2wogupgHf8u3PbCa0cKqMH6-ZsAIhLPw | C38: =IFERROR(__xludf.DUMMYFUNCTION("""COMPUTED_VALUE"""),"1FvDr2nu5sW0gxDkpPanB4sWbi78KZCAhc6wrywlrvlE") -> 1FvDr2nu5sW0gxDkpPanB4sWbi78KZCAhc6wrywlrvlE | D38: =IFERROR(__xludf.DUMMYFUNCTION("""COMPUTED_VALUE"""),"1vR-fd-_MbOLAfMSv4L0B7CMj6jdlTkOQCD95r1XcqZI") -> 1vR-fd-_MbOLAfMSv4L0B7CMj6jdlTkOQCD95r1XcqZI | E38: =IFERROR(__xludf.DUMMYFUNCTION("""COMPUTED_VALUE"""),"1OpTiDYbGu0wNKI3xw8Lxhx1c4euS0YR9") -> 1OpTiDYbGu0wNKI3xw8Lxhx1c4euS0YR9
A39: =IFERROR(__xludf.DUMMYFUNCTION("""COMPUTED_VALUE"""),"778 - Arquitectura de Computadoras y Ensambladores 1") -> 778 - Arquitectura de Computadoras y Ensambladores 1 | B39: =IFERROR(__xludf.DUMMYFUNCTION("""COMPUTED_VALUE"""),"13gNb-7XS_aMptaL1TLnLB5k06Y_okRzOgjzOxLHNuiI") -> 13gNb-7XS_aMptaL1TLnLB5k06Y_okRzOgjzOxLHNuiI | C39: =IFERROR(__xludf.DUMMYFUNCTION("""COMPUTED_VALUE"""),"1dlO25kugHQowRwF3LcOkrFuLGg-hP9mn9OW7x7GssMc") -> 1dlO25kugHQowRwF3LcOkrFuLGg-hP9mn9OW7x7GssMc | D39: =IFERROR(__xludf.DUMMYFUNCTION("""COMPUTED_VALUE"""),"1jMElka7Ve71KPvj9i1bHpM_BAVnEwEXLC-W_04LIFGg") -> 1jMElka7Ve71KPvj9i1bHpM_BAVnEwEXLC-W_04LIFGg | E39: =IFERROR(__xludf.DUMMYFUNCTION("""COMPUTED_VALUE"""),"1vPaqqtPi3QjCFIUp-K5im-qBz572iNPY") -> 1vPaqqtPi3QjCFIUp-K5im-qBz572iNPY
A40: =IFERROR(__xludf.DUMMYFUNCTION("""COMPUTED_VALUE"""),"773 - Manejo e Implementación de Archivos") -> 773 - Manejo e Implementación de Archivos | B40: =IFERROR(__xludf.DUMMYFUNCTION("""COMPUTED_VALUE"""),"1VDaIod2C3XfezxQfz50xvWZ9yVVdVvNIqd-1xbJmaD8") -> 1VDaIod2C3XfezxQfz50xvWZ9yVVdVvNIqd-1xbJmaD8 | C40: =IFERROR(__xludf.DUMMYFUNCTION("""COMPUTED_VALUE"""),"1MkqyTtzzzyQyC--twNt__AoC_Sd0UBC67j0f9nktivE") -> 1MkqyTtzzzyQyC--twNt__AoC_Sd0UBC67j0f9nktivE | D40: =IFERROR(__xludf.DUMMYFUNCTION("""COMPUTED_VALUE"""),"1TN3z_RT4NXTQfbj6qQEFc9gmXRHLB6-fy_oyWA0RHdU") -> 1TN3z_RT4NXTQfbj6qQEFc9gmXRHLB6-fy_oyWA0RHdU | E40: =IFERROR(__xludf.DUMMYFUNCTION("""COMPUTED_VALUE"""),"1Nn4F-GdSnEftvTXSfmVRSNkPuH0v1E3D") -> 1Nn4F-GdSnEftvTXSfmVRSNkPuH0v1E3D
A41: =IFERROR(__xludf.DUMMYFUNCTION("""COMPUTED_VALUE"""),"122 - Matemática Aplicada 4") -> 122 - Matemática Aplicada 4
A42: =IFERROR(__xludf.DUMMYFUNCTION("""COMPUTED_VALUE"""),"120 - Matemática Aplicada 2") -> 120 - Matemática Aplicada 2
A43: =IFERROR(__xludf.DUMMYFUNCTION("""COMPUTED_VALUE"""),"200 - Ingeniería Eléctrica 1") -> 200 - Ingeniería Eléctrica 1
A44: =IFERROR(__xludf.DUMMYFUNCTION("""COMPUTED_VALUE"""),"724 - Teoría de Sistemas 2") -> 724 - Teoría de Sistemas 2 | B44: =IFERROR(__xludf.DUMMYFUNCTION("""COMPUTED_VALUE"""),"1Oh-yJJ9oc8SdDPJao-u31YXfwOPrsifu2o1a7Sf2-9k") -> 1Oh-yJJ9oc8SdDPJao-u31YXfwOPrsifu2o1a7Sf2-9k | C44: =IFERROR(__xludf.DUMMYFUNCTION("""COMPUTED_VALUE"""),"1O2rxycdV4XrytI_g4llqenReY8-rYp3frKI7rd6fNMI") -> 1O2rxycdV4XrytI_g4llqenReY8-rYp3frKI7rd6fNMI | D44: =IFERROR(__xludf.DUMMYFUNCTION("""COMPUTED_VALUE"""),"1uWuKRV1yUDuRgCMclGBs18DlrkJbY-3RrPrV1PnXLeM") -> 1uWuKRV1yUDuRgCMclGBs18DlrkJbY-3RrPrV1PnXLeM | E44: =IFERROR(__xludf.DUMMYFUNCTION("""COMPUTED_VALUE"""),"1EQVlwt_Q14_MHhr3GeYfJvtnySQAorrC") -> 1EQVlwt_Q14_MHhr3GeYfJvtnySQAorrC
A45: =IFERROR(__xludf.DUMMYFUNCTION("""COMPUTED_VALUE"""),"603 - Investigación de Operaciones 2") -> 603 - Investigación de Operaciones 2
A46: =IFERROR(__xludf.DUMMYFUNCTION("""COMPUTED_VALUE"""),"734 - Estadística 2") -> 734 - Estadística 2
A47: =IFERROR(__xludf.DUMMYFUNCTION("""COMPUTED_VALUE"""),"281 - Sistemas Operativos 1") -> 281 - Sistemas Operativos 1 | B47: =IFERROR(__xludf.DUMMYFUNCTION("""COMPUTED_VALUE"""),"1RAzDRLQZEv8Ck7PxnFQbrklrekiw5bDJFX0wgP7vFSQ") -> 1RAzDRLQZEv8Ck7PxnFQbrklrekiw5bDJFX0wgP7vFSQ | C47: =IFERROR(__xludf.DUMMYFUNCTION("""COMPUTED_VALUE"""),"145JPmfq4pDEEE_ipNtWzYQNDVrAg9WOQ9ocmZu_NegE") -> 145JPmfq4pDEEE_ipNtWzYQNDVrAg9WOQ9ocmZu_NegE | D47: =IFERROR(__xludf.DUMMYFUNCTION("""COMPUTED_VALUE"""),"1HE-c5k7b7a4sV8kZRb8whPINiB0Q_xMq-7-LwYVSiEA") -> 1HE-c5k7b7a4sV8kZRb8whPINiB0Q_xMq-7-LwYVSiEA | E47: =IFERROR(__xludf.DUMMYFUNCTION("""COMPUTED_VALUE"""),"1n0J1NqUgfuTdZBYJs6ClPsEPAT-BsF53") -> 1n0J1NqUgfuTdZBYJs6ClPsEPAT-BsF53
A48: =IFERROR(__xludf.DUMMYFUNCTION("""COMPUTED_VALUE"""),"779 - Arquitectura de Computadoras y Ensambladores 2") -> 779 - Arquitectura de Computadoras y Ensambladores 2 | B48: =IFERROR(__xludf.DUMMYFUNCTION("""COMPUTED_VALUE"""),"1_uxBhWcRvgBlCjf2s6O-Hvly7rBvJyZdswUKwm6KP5Y") -> 1_uxBhWcRvgBlCjf2s6O-Hvly7rBvJyZdswUKwm6KP5Y | C48: =IFERROR(__xludf.DUMMYFUNCTION("""COMPUTED_VALUE"""),"1dqk67SNWBGb15fqe17ZBfmxUg9pla5H7nqVOrGHYEJ4") -> 1dqk67SNWBGb15fqe17ZBfmxUg9pla5H7nqVOrGHYEJ4 | D48: =IFERROR(__xludf.DUMMYFUNCTION("""COMPUTED_VALUE"""),"1I4Bx-1TpNE382Kclmp7qlhsORNllFJ6iza9or1MYlQM") -> 1I4Bx-1TpNE382Kclmp7qlhsORNllFJ6iza9or1MYlQM | E48: =IFERROR(__xludf.DUMMYFUNCTION("""COMPUTED_VALUE"""),"1fb6OBuOK__kn1iOUatpXGXqw-Xx2KUF3") -> 1fb6OBuOK__kn1iOUatpXGXqw-Xx2KUF3
A49: =IFERROR(__xludf.DUMMYFUNCTION("""COMPUTED_VALUE"""),"970 - Redes de Computadoras 1") -> 970 - Redes de Computadoras 1 | B49: =IFERROR(__xludf.DUMMYFUNCTION("""COMPUTED_VALUE"""),"1z_6lSkIcVZpEVQ4tR8c-eSvVvTxWsXwhmFojsLWeBGc") -> 1z_6lSkIcVZpEVQ4tR8c-eSvVvTxWsXwhmFojsLWeBGc | C49: =IFERROR(__xludf.DUMMYFUNCTION("""COMPUTED_VALUE"""),"18wRQLI8Pz51ZFEFWKE1SD6XVhlxOdJa1PpxDFo2dRT4") -> 18wRQLI8Pz51ZFEFWKE1SD6XVhlxOdJa1PpxDFo2dRT4 | D49: =IFERROR(__xludf.DUMMYFUNCTION("""COMPUTED_VALUE"""),"1i-Uona9IG1TfHaWeowvwDDQBbBF5rm-kKLnZwWQbchA") -> 1i-Uona9IG1TfHaWeowvwDDQBbBF5rm-kKLnZwWQbchA | E49: =IFERROR(__xludf.DUMMYFUNCTION("""COMPUTED_VALUE"""),"1MyEh58_aw-4JAg_UmiHarHdZJMAoZYFg") -> 1MyEh58_aw-4JAg_UmiHarHdZJMAoZYFg
A50: =IFERROR(__xludf.DUMMYFUNCTION("""COMPUTED_VALUE"""),"774 - Sistemas de Bases de Datos 1") -> 774 - Sistemas de Bases de Datos 1 | B50: =IFERROR(__xludf.DUMMYFUNCTION("""COMPUTED_VALUE"""),"1h1zzA1-Xq9ihet57bP4f0PLQnKeojJUanhgpuP67hKs") -> 1h1zzA1-Xq9ihet57bP4f0PLQnKeojJUanhgpuP67hKs | C50: =IFERROR(__xludf.DUMMYFUNCTION("""COMPUTED_VALUE"""),"1xYInTWRmhz45q5vjazDVsb1EGOCbYqibWRBgZMK1g2I") -> 1xYInTWRmhz45q5vjazDVsb1EGOCbYqibWRBgZMK1g2I | D50: =IFERROR(__xludf.DUMMYFUNCTION("""COMPUTED_VALUE"""),"1ab_tQ3tdHfx3wTYZggg6topYWfMdNDjc_9Pl6gMgeY0") -> 1ab_tQ3tdHfx3wTYZggg6topYWfMdNDjc_9Pl6gMgeY0 | E50: =IFERROR(__xludf.DUMMYFUNCTION("""COMPUTED_VALUE"""),"1a0bdit9CmOXEhJOXc35cohqfdNKmMAzD") -> 1a0bdit9CmOXEhJOXc35cohqfdNKmMAzD
A51: =IFERROR(__xludf.DUMMYFUNCTION("""COMPUTED_VALUE"""),"2036 - Prácticas Intermedias") -> 2036 - Prácticas Intermedias
A52: =IFERROR(__xludf.DUMMYFUNCTION("""COMPUTED_VALUE"""),"285 - Sistemas Operativos 2") -> 285 - Sistemas Operativos 2 | B52: =IFERROR(__xludf.DUMMYFUNCTION("""COMPUTED_VALUE"""),"1VCx3jdfVNJvtMfY5j_W624CAT1QxC-9qVw_ts_erFM8") -> 1VCx3jdfVNJvtMfY5j_W624CAT1QxC-9qVw_ts_erFM8 | C52: =IFERROR(__xludf.DUMMYFUNCTION("""COMPUTED_VALUE"""),"1ssmi68Gibgtkl07Zn0H_wQWjqhj_SfcpUhCdmyvVjb4") -> 1ssmi68Gibgtkl07Zn0H_wQWjqhj_SfcpUhCdmyvVjb4 | D52: =IFERROR(__xludf.DUMMYFUNCTION("""COMPUTED_VALUE"""),"1bIFK2VHNoCYqh3rnNBIgLzQpv40VUWzyYaRVu-gQbTI") -> 1bIFK2VHNoCYqh3rnNBIgLzQpv40VUWzyYaRVu-gQbTI | E52: =IFERROR(__xludf.DUMMYFUNCTION("""COMPUTED_VALUE"""),"1q8mN6aa9bhjGWUIaszZNHjuEk-b6qckg") -> 1q8mN6aa9bhjGWUIaszZNHjuEk-b6qckg
A53: =IFERROR(__xludf.DUMMYFUNCTION("""COMPUTED_VALUE"""),"975 - Redes de Computadoras 2") -> 975 - Redes de Computadoras 2 | B53: =IFERROR(__xludf.DUMMYFUNCTION("""COMPUTED_VALUE"""),"1JcTacSIMIoXQmOixc1cssvrK_MVzZYH-Yo4FFSny6Nk") -> 1JcTacSIMIoXQmOixc1cssvrK_MVzZYH-Yo4FFSny6Nk | C53: =IFERROR(__xludf.DUMMYFUNCTION("""COMPUTED_VALUE"""),"1JLgRGqqoVVNY2eFrI2m3ylhPGOUPiyZN7_tK8VnOywQ") -> 1JLgRGqqoVVNY2eFrI2m3ylhPGOUPiyZN7_tK8VnOywQ | D53: =IFERROR(__xludf.DUMMYFUNCTION("""COMPUTED_VALUE"""),"1IL8QCca0XDIN9zPNoVS7hKBCHZQ9eh42iA_U0q-_ktQ") -> 1IL8QCca0XDIN9zPNoVS7hKBCHZQ9eh42iA_U0q-_ktQ | E53: =IFERROR(__xludf.DUMMYFUNCTION("""COMPUTED_VALUE"""),"1gu0dvm6zoJE2RmJVBG6ZIV_BFoLoxJfB") -> 1gu0dvm6zoJE2RmJVBG6ZIV_BFoLoxJfB
A54: =IFERROR(__xludf.DUMMYFUNCTION("""COMPUTED_VALUE"""),"775 - Sistemas de Bases de Datos 2") -> 775 - Sistemas de Bases de Datos 2 | B54: =IFERROR(__xludf.DUMMYFUNCTION("""COMPUTED_VALUE"""),"1TCVGX95CGGMGYvyB2K8cDve9RSMthqD6Tc1-CrmctiM") -> 1TCVGX95CGGMGYvyB2K8cDve9RSMthqD6Tc1-CrmctiM | C54: =IFERROR(__xludf.DUMMYFUNCTION("""COMPUTED_VALUE"""),"1c8vA2_5i-ARXIPU3ZxB3bwcKRbWh46erGG5KH3wrJyU") -> 1c8vA2_5i-ARXIPU3ZxB3bwcKRbWh46erGG5KH3wrJyU | D54: =IFERROR(__xludf.DUMMYFUNCTION("""COMPUTED_VALUE"""),"17_WFCeqzOngZrZqB-G0qa2RVksxKYCq8VrQTxvdfvyg") -> 17_WFCeqzOngZrZqB-G0qa2RVksxKYCq8VrQTxvdfvyg | E54: =IFERROR(__xludf.DUMMYFUNCTION("""COMPUTED_VALUE"""),"d/1-KBylfOI9IIiZlF-l2dlJlM6PNNdjzFl") -> d/1-KBylfOI9IIiZlF-l2dlJlM6PNNdjzFl
A55: =IFERROR(__xludf.DUMMYFUNCTION("""COMPUTED_VALUE"""),"283 - Análisis y Diseño de Sistemas 1") -> 283 - Análisis y Diseño de Sistemas 1 | B55: =IFERROR(__xludf.DUMMYFUNCTION("""COMPUTED_VALUE"""),"1Y3HF-OxPbgEhNi6pNhbpImrQsH3btlYO6xtsnryrunY") -> 1Y3HF-OxPbgEhNi6pNhbpImrQsH3btlYO6xtsnryrunY | C55: =IFERROR(__xludf.DUMMYFUNCTION("""COMPUTED_VALUE"""),"12umvxFMZmSLGZenSQOXCnUePgu7-gug8FmFRz5MKlkE") -> 12umvxFMZmSLGZenSQOXCnUePgu7-gug8FmFRz5MKlkE | D55: =IFERROR(__xludf.DUMMYFUNCTION("""COMPUTED_VALUE"""),"1gwmb6_MjiG_JUXAI5JWT33vnYBsnPqtoeHWc1yoFWQQ") -> 1gwmb6_MjiG_JUXAI5JWT33vnYBsnPqtoeHWc1yoFWQQ | E55: =IFERROR(__xludf.DUMMYFUNCTION("""COMPUTED_VALUE"""),"1QXb23bY6W9aTRkpiCON7Q0ews5p7hatK") -> 1QXb23bY6W9aTRkpiCON7Q0ews5p7hatK
A56: =IFERROR(__xludf.DUMMYFUNCTION("""COMPUTED_VALUE"""),"797 - Seminario de Sistemas 1") -> 797 - Seminario de Sistemas 1 | B56: =IFERROR(__xludf.DUMMYFUNCTION("""COMPUTED_VALUE"""),"1VXfuZgL8iNYOe8XfW_5s4rVnIq-_Xurqk8xlOGGexqY") -> 1VXfuZgL8iNYOe8XfW_5s4rVnIq-_Xurqk8xlOGGexqY | C56: =IFERROR(__xludf.DUMMYFUNCTION("""COMPUTED_VALUE"""),"1eWOPuodcZlQ4YNCFI3CQ-Zpw7nxkVx7vi3XlMdj8he4") -> 1eWOPuodcZlQ4YNCFI3CQ-Zpw7nxkVx7vi3XlMdj8he4 | D56: =IFERROR(__xludf.DUMMYFUNCTION("""COMPUTED_VALUE"""),"13DUp9JOUZdD2C1BdD-os-W-bLO-jSufbMHC7eJ5PBSo") -> 13DUp9JOUZdD2C1BdD-os-W-bLO-jSufbMHC7eJ5PBSo | E56: =IFERROR(__xludf.DUMMYFUNCTION("""COMPUTED_VALUE"""),"1EnANLnqSuVktTF4SdlpIOuHPbefsIOnc") -> 1EnANLnqSuVktTF4SdlpIOuHPbefsIOnc
A57: =IFERROR(__xludf.DUMMYFUNCTION("""COMPUTED_VALUE"""),"700 - Ingeniería Económica 1") -> 700 - Ingeniería Económica 1
A58: =IFERROR(__xludf.DUMMYFUNCTION("""COMPUTED_VALUE"""),"729 - Modelación y Simulación 1") -> 729 - Modelación y Simulación 1 | B58: =IFERROR(__xludf.DUMMYFUNCTION("""COMPUTED_VALUE"""),"17u8GNz3HZ-i9KS-yxFiuJx9u7OawTwjyLcvLoG_x6W8") -> 17u8GNz3HZ-i9KS-yxFiuJx9u7OawTwjyLcvLoG_x6W8 | C58: =IFERROR(__xludf.DUMMYFUNCTION("""COMPUTED_VALUE"""),"1NFJSyWLsOrGAG7qFKpXyw79GRTTb4abmj-M6aBddS5U") -> 1NFJSyWLsOrGAG7qFKpXyw79GRTTb4abmj-M6aBddS5U | D58: =IFERROR(__xludf.DUMMYFUNCTION("""COMPUTED_VALUE"""),"1toY-3JEeuVBJwRbyxsqyquwh-orXIfZE8KB3e43PXok") -> 1toY-3JEeuVBJwRbyxsqyquwh-orXIfZE8KB3e43PXok | E58: =IFERROR(__xludf.DUMMYFUNCTION("""COMPUTED_VALUE"""),"15sfPZmXt41hGkttgpVICPuKozdPNEJ6A") -> 15sfPZmXt41hGkttgpVICPuKozdPNEJ6A
A59: =IFERROR(__xludf.DUMMYFUNCTION("""COMPUTED_VALUE"""),"786 - Sistemas Organizacionales y Gerenciales 1") -> 786 - Sistemas Organizacionales y Gerenciales 1 | B59: =IFERROR(__xludf.DUMMYFUNCTION("""COMPUTED_VALUE"""),"1VTtCckO64u9REDx8UoxNJrYiavZGQU_hh4HvsOUiqlc") -> 1VTtCckO64u9REDx8UoxNJrYiavZGQU_hh4HvsOUiqlc | C59: =IFERROR(__xludf.DUMMYFUNCTION("""COMPUTED_VALUE"""),"1dMwVEKpg3j4uCN3CqoVXOWkBQbHNw7DIhtU8Bhc5Mqc") -> 1dMwVEKpg3j4uCN3CqoVXOWkBQbHNw7DIhtU8Bhc5Mqc | D59: =IFERROR(__xludf.DUMMYFUNCTION("""COMPUTED_VALUE"""),"1eh447vkO2YeAmVFqKtzinqlk4a4Y1JJKjOtv9eVOlY0") -> 1eh447vkO2YeAmVFqKtzinqlk4a4Y1JJKjOtv9eVOlY0 | E59: =IFERROR(__xludf.DUMMYFUNCTION("""COMPUTED_VALUE"""),"1txIe6LugQ0CGgSIkqRY1UZvHL7CtMqgD") -> 1txIe6LugQ0CGgSIkqRY1UZvHL7CtMqgD
A60: =IFERROR(__xludf.DUMMYFUNCTION("""COMPUTED_VALUE"""),"972 - Inteligencia Artificial 1") -> 972 - Inteligencia Artificial 1 | B60: =IFERROR(__xludf.DUMMYFUNCTION("""COMPUTED_VALUE"""),"1C04a6qH3d2zJVb1hJwa6tsRQVM9LUb_nwyxMovG5tdI") -> 1C04a6qH3d2zJVb1hJwa6tsRQVM9LUb_nwyxMovG5tdI | C60: =IFERROR(__xludf.DUMMYFUNCTION("""COMPUTED_VALUE"""),"1CEh1GcUg3ntzgPT9yUocLDlrLJKmZCCl1MWUrEyfwzg") -> 1CEh1GcUg3ntzgPT9yUocLDlrLJKmZCCl1MWUrEyfwzg | D60: =IFERROR(__xludf.DUMMYFUNCTION("""COMPUTED_VALUE"""),"1oncZrzGawvfNWTdhWsLhXGKvrApliYXhCf81eUnkV20") -> 1oncZrzGawvfNWTdhWsLhXGKvrApliYXhCf81eUnkV20 | E60: =IFERROR(__xludf.DUMMYFUNCTION("""COMPUTED_VALUE"""),"1eMKEvvWQ4yFq38z3ks0ZmIZ43xAVGgyM") -> 1eMKEvvWQ4yFq38z3ks0ZmIZ43xAVGgyM
A61: =IFERROR(__xludf.DUMMYFUNCTION("""COMPUTED_VALUE"""),"966 - Seguridad y Auditoría de Redes de Computadoras") -> 966 - Seguridad y Auditoría de Redes de Computadoras
A62: =IFERROR(__xludf.DUMMYFUNCTION("""COMPUTED_VALUE"""),"785 - Análisis y Diseño de Sistemas 2") -> 785 - Análisis y Diseño de Sistemas 2 | B62: =IFERROR(__xludf.DUMMYFUNCTION("""COMPUTED_VALUE"""),"1_ufF1kvClwUUTsCz0V0fLuXjs_JRZWRSMCWkUEd8co4") -> 1_ufF1kvClwUUTsCz0V0fLuXjs_JRZWRSMCWkUEd8co4 | C62: =IFERROR(__xludf.DUMMYFUNCTION("""COMPUTED_VALUE"""),"1HaBdPkxZx1GRiw5WlqxQhbxPWuW-mZVFEoUho7tsLDY") -> 1HaBdPkxZx1GRiw5WlqxQhbxPWuW-mZVFEoUho7tsLDY
A63: =IFERROR(__xludf.DUMMYFUNCTION("""COMPUTED_VALUE"""),"798 - Seminario de Sistemas 2") -> 798 - Seminario de Sistemas 2 | B63: =IFERROR(__xludf.DUMMYFUNCTION("""COMPUTED_VALUE"""),"1v6hbJdWzxkj7s5D7oM894pu3kMAvhEZGXUMfRFv7yKQ") -> 1v6hbJdWzxkj7s5D7oM894pu3kMAvhEZGXUMfRFv7yKQ | C63: =IFERROR(__xludf.DUMMYFUNCTION("""COMPUTED_VALUE"""),"1LxPO_wuZRiAXrS1EicVG-gQWzjILKll8Nqvs3MS7G_k") -> 1LxPO_wuZRiAXrS1EicVG-gQWzjILKll8Nqvs3MS7G_k | D63: =IFERROR(__xludf.DUMMYFUNCTION("""COMPUTED_VALUE"""),"1BWLmO3asfl7g244aKrskvOVVUItkuDglmE1c2bmkR30") -> 1BWLmO3asfl7g244aKrskvOVVUItkuDglmE1c2bmkR30 | E63: =IFERROR(__xludf.DUMMYFUNCTION("""COMPUTED_VALUE"""),"1Aq8boJeyyodIKEdkrfe9fWB5RIGSLDb5") -> 1Aq8boJeyyodIKEdkrfe9fWB5RIGSLDb5
A64: =IFERROR(__xludf.DUMMYFUNCTION("""COMPUTED_VALUE"""),"788 - Sistemas Aplicados 1") -> 788 - Sistemas Aplicados 1
A65: =IFERROR(__xludf.DUMMYFUNCTION("""COMPUTED_VALUE"""),"776 - Bases de Datos Avanzadas") -> 776 - Bases de Datos Avanzadas | B65: =IFERROR(__xludf.DUMMYFUNCTION("""COMPUTED_VALUE"""),"1SZ2dJz29IsruB5vMYQ514xwGe6wyVx6cjMu_iwnHpFo") -> 1SZ2dJz29IsruB5vMYQ514xwGe6wyVx6cjMu_iwnHpFo
A66: =IFERROR(__xludf.DUMMYFUNCTION("""COMPUTED_VALUE"""),"2009 - Prácticas Finales Ingeniería Ciencias y Sistemas") -> 2009 - Prácticas Finales Ingeniería Ciencias y Sistemas
A67: =IFERROR(__xludf.DUMMYFUNCTION("""COMPUTED_VALUE"""),"720 - Modelación y Simulación 2") -> 720 - Modelación y Simulación 2 | B67: =IFERROR(__xludf.DUMMYFUNCTION("""COMPUTED_VALUE"""),"1ebc3-I4AbsLDHtzhtolQz7pqZDPvmSE0yZJu1xY6lLY") -> 1ebc3-I4AbsLDHtzhtolQz7pqZDPvmSE0yZJu1xY6lLY | C67: =IFERROR(__xludf.DUMMYFUNCTION("""COMPUTED_VALUE"""),"1VnSdYE6hCH1oAG4XdaAltDp-IuIjLZzv9KdrOGh2-0Y") -> 1VnSdYE6hCH1oAG4XdaAltDp-IuIjLZzv9KdrOGh2-0Y | D67: =IFERROR(__xludf.DUMMYFUNCTION("""COMPUTED_VALUE"""),"1LLT4wjh6eEkdi7y6_yd99pbR2Q8NPBHYmsciMZpRqUE") -> 1LLT4wjh6eEkdi7y6_yd99pbR2Q8NPBHYmsciMZpRqUE | E67: =IFERROR(__xludf.DUMMYFUNCTION("""COMPUTED_VALUE"""),"11D7BpB1NYAQLsl-xomWKo7ibetJ_b2JE") -> 11D7BpB1NYAQLsl-xomWKo7ibetJ_b2JE
A68: =IFERROR(__xludf.DUMMYFUNCTION("""COMPUTED_VALUE"""),"787 - Sistemas Organizacionales y Gerenciales 2") -> 787 - Sistemas Organizacionales y Gerenciales 2 | B68: =IFERROR(__xludf.DUMMYFUNCTION("""COMPUTED_VALUE"""),"1KpYHYX_EAJ-h4GLtSoCT8Rqz-xU4Qh5pUnEiPyxmEZA") -> 1KpYHYX_EAJ-h4GLtSoCT8Rqz-xU4Qh5pUnEiPyxmEZA | C68: =IFERROR(__xludf.DUMMYFUNCTION("""COMPUTED_VALUE"""),"106SYnPHxQ47_qT62NOXndjd6mPwE7LV7AXR9D4-euB8") -> 106SYnPHxQ47_qT62NOXndjd6mPwE7LV7AXR9D4-euB8 | D68: =IFERROR(__xludf.DUMMYFUNCTION("""COMPUTED_VALUE"""),"1uo3-u0rbLWUGIyMydUz-lOWpj7xdx2oKwNH9T1cU12A") -> 1uo3-u0rbLWUGIyMydUz-lOWpj7xdx2oKwNH9T1cU12A | E68: =IFERROR(__xludf.DUMMYFUNCTION("""COMPUTED_VALUE"""),"1wmyYrKnHpQJd0Iebc9cCHZwq93Te5Iq8") -> 1wmyYrKnHpQJd0Iebc9cCHZwq93Te5Iq8
A69: =IFERROR(__xludf.DUMMYFUNCTION("""COMPUTED_VALUE"""),"790 - Emprendedores de Negocios Informáticos") -> 790 - Emprendedores de Negocios Informáticos
A70: =IFERROR(__xludf.DUMMYFUNCTION("""COMPUTED_VALUE"""),"968 - Inteligencia Artificial 2") -> 968 - Inteligencia Artificial 2
A71: =IFERROR(__xludf.DUMMYFUNCTION("""COMPUTED_VALUE"""),"974 - Redes de Nueva Generación") -> 974 - Redes de Nueva Generación
A72: =IFERROR(__xludf.DUMMYFUNCTION("""COMPUTED_VALUE"""),"780 - Software Avanzado") -> 780 - Software Avanzado | B72: =IFERROR(__xludf.DUMMYFUNCTION("""COMPUTED_VALUE"""),"1SZ2dJz29IsruB5vMYQ514xwGe6wyVx6cjMu_iwnHpFo") -> 1SZ2dJz29IsruB5vMYQ514xwGe6wyVx6cjMu_iwnHpFo | C72: =IFERROR(__xludf.DUMMYFUNCTION("""COMPUTED_VALUE"""),"13JrqVT0c3I6SzCOF1sKpi1qJKOryNTT4TsCaNwuV-24") -> 13JrqVT0c3I6SzCOF1sKpi1qJKOryNTT4TsCaNwuV-24 | D72: =IFERROR(__xludf.DUMMYFUNCTION("""COMPUTED_VALUE"""),"1QVpX8zi83Rr6KfcUvSEKp9NqRCfEFmL1eZ88Oeeolto") -> 1QVpX8zi83Rr6KfcUvSEKp9NqRCfEFmL1eZ88Oeeolto | E72: =IFERROR(__xludf.DUMMYFUNCTION("""COMPUTED_VALUE"""),"1j6tUIPNPfK0lVrpQxNZKyB23LcXzn5Ge") -> 1j6tUIPNPfK0lVrpQxNZKyB23LcXzn5Ge
A73: =IFERROR(__xludf.DUMMYFUNCTION("""COMPUTED_VALUE"""),"789 - Sistemas Aplicados 2") -> 789 - Sistemas Aplicados 2
A74: =IFERROR(__xludf.DUMMYFUNCTION("""COMPUTED_VALUE"""),"735 - Auditoría de Proyectos de Software") -> 735 - Auditoría de Proyectos de Software
A75: =IFERROR(__xludf.DUMMYFUNCTION("""COMPUTED_VALUE"""),"7999 - Seminario de Investigación EPS Sistemas") -> 7999 - Seminario de Investigación EPS Sistemas
A76: =IFERROR(__xludf.DUMMYFUNCTION("""COMPUTED_VALUE"""),"799 - Seminario de Investigación") -> 799 - Seminario de Investigación
A77: =IFERROR(__xludf.DUMMYFUNCTION("""COMPUTED_VALUE"""),"90 - Programacion de Computadoras 1") -> 90 - Programacion de Computadoras 1 | B77: =IFERROR(__xludf.DUMMYFUNCTION("""COMPUTED_VALUE"""),"1qvDDGj5yCc7f5CzNszeAsW2HPXfptQjvWIcbjskCMYM") -> 1qvDDGj5yCc7f5CzNszeAsW2HPXfptQjvWIcbjskCMYM | C77: =IFERROR(__xludf.DUMMYFUNCTION("""COMPUTED_VALUE"""),"1YPGQg3r0TE0ZsibgKarHMDVR2FLaHLC0G5O84_GpNhw") -> 1YPGQg3r0TE0ZsibgKarHMDVR2FLaHLC0G5O84_GpNhw | D77: =IFERROR(__xludf.DUMMYFUNCTION("""COMPUTED_VALUE"""),"1A_jprbCHQlF7SUg-tly0Ak7hJtMh8U9qL3lUg0S2T4U") -> 1A_jprbCHQlF7SUg-tly0Ak7hJtMh8U9qL3lUg0S2T4U | E77: =IFERROR(__xludf.DUMMYFUNCTION("""COMPUTED_VALUE"""),"1QT0XgtJhS0WdXvrmJ9l5fhkQxyPS7eMI") -> 1QT0XgtJhS0WdXvrmJ9l5fhkQxyPS7eMI
A78: =IFERROR(__xludf.DUMMYFUNCTION("""COMPUTED_VALUE"""),"92 - Programacion de Computadoras 2") -> 92 - Programacion de Computadoras 2 | B78: =IFERROR(__xludf.DUMMYFUNCTION("""COMPUTED_VALUE"""),"1SCiXODhHsEGBVGnnYk9ZrO_gSOSvcGwu7lDEJBfLaEw") -> 1SCiXODhHsEGBVGnnYk9ZrO_gSOSvcGwu7lDEJBfLaEw | C78: =IFERROR(__xludf.DUMMYFUNCTION("""COMPUTED_VALUE"""),"1Bf3nWt47xcnM3VU3BvJaD4AcWQd-1GK4pJm4b69PzDk") -> 1Bf3nWt47xcnM3VU3BvJaD4AcWQd-1GK4pJm4b69PzDk | D78: =IFERROR(__xludf.DUMMYFUNCTION("""COMPUTED_VALUE"""),"1DHgSe2VDZ9KBUhl4_7NdyzagI7iar5NJSgD9rUtytdY") -> 1DHgSe2VDZ9KBUhl4_7NdyzagI7iar5NJSgD9rUtytdY | E78: =IFERROR(__xludf.DUMMYFUNCTION("""COMPUTED_VALUE"""),"1FHqe10A7z4kQFMWfvfI8tkxBkAgiF7u2e1XlqT1-63E") -> 1FHqe10A7z4kQFMWfvfI8tkxBkAgiF7u2e1XlqT1-63E
A79: =IFERROR(__xludf.DUMMYFUNCTION("""COMPUTED_VALUE"""),"667 - Programacion Comercial 1") -> 667 - Programacion Comercial 1 | B79: =IFERROR(__xludf.DUMMYFUNCTION("""COMPUTED_VALUE"""),"1q-0CM7N_hXOxknvTAL7P8U9-t9hqpm1-3l5E6r3G-qg") -> 1q-0CM7N_hXOxknvTAL7P8U9-t9hqpm1-3l5E6r3G-qg | C79: =IFERROR(__xludf.DUMMYFUNCTION("""COMPUTED_VALUE"""),"1R41rwbBQZrh9qjZ3XYjH5mTM9rwh34s58Htn787_YnY") -> 1R41rwbBQZrh9qjZ3XYjH5mTM9rwh34s58Htn787_YnY | D79: =IFERROR(__xludf.DUMMYFUNCTION("""COMPUTED_VALUE"""),"1s3J2CHGyPGSPwPm7T7m5o_7sQCrWwpQ5xqzAk04bgVA") -> 1s3J2CHGyPGSPwPm7T7m5o_7sQCrWwpQ5xqzAk04bgVA | E79: =IFERROR(__xludf.DUMMYFUNCTION("""COMPUTED_VALUE"""),"1VSynsMtKbK1ktIqRzKf6QEpnepidsJka") -> 1VSynsMtKbK1ktIqRzKf6QEpnepidsJka
A80: =IFERROR(__xludf.DUMMYFUNCTION("""COMPUTED_VALUE"""),"768 - Algoritmos") -> 768 - Algoritmos | B80: =IFERROR(__xludf.DUMMYFUNCTION("""COMPUTED_VALUE"""),"1SjAd6zUsLAnVyCAYH7AjoRBdaM836qJGVSbcpa5npcA") -> 1SjAd6zUsLAnVyCAYH7AjoRBdaM836qJGVSbcpa5npcA | C80: =IFERROR(__xludf.DUMMYFUNCTION("""COMPUTED_VALUE"""),"1afm0IKlaJOgHVN4bCH6AUAoNUqhq0_44_T5aENeyCWo") -> 1afm0IKlaJOgHVN4bCH6AUAoNUqhq0_44_T5aENeyCWo | D80: =IFERROR(__xludf.DUMMYFUNCTION("""COMPUTED_VALUE"""),"1G1fW33CrLmmI1Pxdgw_cAdUJKRHg8LpG4-p2vnoWUqw") -> 1G1fW33CrLmmI1Pxdgw_cAdUJKRHg8LpG4-p2vnoWUqw | E80: =IFERROR(__xludf.DUMMYFUNCTION("""COMPUTED_VALUE"""),"1ySU7wJA5-EonRSWzEsgL03LPoX0Yz7rw") -> 1ySU7wJA5-EonRSWzEsgL03LPoX0Yz7rw
A81: =IFERROR(__xludf.DUMMYFUNCTION("""COMPUTED_VALUE"""),"0089 - Comunicación Asertiva") -> 0089 - Comunicación Asertiva | D81: =IFERROR(__xludf.DUMMYFUNCTION("""COMPUTED_VALUE"""),"1_Ei-qZBLFjKXYNiETo-SLQ_i6LLtwBqz0DelGIPi31I") -> 1_Ei-qZBLFjKXYNiETo-SLQ_i6LLtwBqz0DelGIPi31I | E81: =IFERROR(__xludf.DUMMYFUNCTION("""COMPUTED_VALUE"""),"10NGlQjOf6PbS47vS9QrPsz0UIEnfLTPH") -> 10NGlQjOf6PbS47vS9QrPsz0UIEnfLTPH
