Workbook

Sheet Diseño
A2: =VALUE(LEFT(C4,FIND(" - ",C4)-1)) -> 781 | B2: Diseño de Contenido Curricular
B4: Curso | C4: 781 - Organización de Lenguajes y Compiladores 2
B5: Periodo al que aplica | C5: Primer Semestre 2026
B8: No. | C8: Competencia | D8: Nombre de la Unidad | E8: Tema | F8: Subtema | G8: Mes | H8: Semana
B9: 1 | C9: El estudiante comprende las fases de un compilador a través de diagramas de flujo y modelos teóricos con ejemplos de compilación real en lenguajes como C, Go o Java. | D9: 1 | E9: Fases de la compilación | F9: Motivaciones para estudiar compiladores | G9: Enero | H9: 1
B10: 2 | C10: El estudiante comprende las fases de un compilador a través de diagramas de flujo y modelos teóricos con ejemplos de compilación real en lenguajes como C, Go o Java. | D10: 1 | E10: Fases de la compilación | F10: Recomendaciones para el curso | G10: Enero | H10: 1
B11: 3 | C11: El estudiante evalúa el desempeño de cada fase del compilador a través de métricas de tiempo y uso de memoria para comparar implementaciones como GCC vs. Clang | D11: 1 | E11: Fases de la compilación | F11: ¿Qué es un compilador? | G11: Enero | H11: 1
B12: 4 | C12: El estudiante utiliza herramientas generadoras de lexers y parsers tales como Flex, Bison y ANTLR en proyectos de análisis léxico y sintáctico | D12: 1 | E12: Fases de la compilación | F12: Análisis Léxico | G12: Enero | H12: 1
B13: 5 | C13: El estudiante explica la eliminación de recursión por la izquierda con ejemplos paso a paso para preparar gramáticas para análisis sintáctico | D13: 1 | E13: Fases de la compilación | F13: Análisis Sintáctico | G13: Enero | H13: 1
B14: 6 | C14: El estudiante evalúa el desempeño de cada fase del compilador a través de métricas de tiempo y uso de memoria para comparar implementaciones como GCC vs. Clang | D14: 1 | E14: Fases de la compilación | F14: Análisis Semántico | G14: Enero | H14: 1
B15: 7 | C15: El estudiante comprende las fases de un compilador a través de diagramas de flujo y modelos teóricos con ejemplos de compilación real en lenguajes como C, Go o Java. | D15: 1 | E15: Fases de la compilación | F15: Compilar vs Interpretar vs Transpilar | G15: Enero | H15: 1
B16: 8 | C16: El estudiante comprende las fases de un compilador a través de diagramas de flujo y modelos teóricos con ejemplos de compilación real en lenguajes como C, Go o Java. | D16: 1 | E16: Interpretación de instruciones básicas | F16: Repaso de fases del compilador | G16: Enero | H16: 2
B17: 9 | C17: El estudiante utiliza herramientas generadoras de lexers y parsers tales como Flex, Bison y ANTLR en proyectos de análisis léxico y sintáctico | D17: 1 | E17: Interpretación de instruciones básicas | F17: Precedecia de operadores | G17: Enero | H17: 2
B18: 10 | C18: El estudiante utiliza herramientas generadoras de lexers y parsers tales como Flex, Bison y ANTLR en proyectos de análisis léxico y sintáctico | D18: 1 | E18: Interpretación de instruciones básicas | F18: Calculadora Básica | G18: Enero | H18: 2
B19: 11 | C19: El estudiante comprende las fases de un compilador a través de diagramas de flujo y modelos teóricos con ejemplos de compilación real en lenguajes como C, Go o Java. | D19: 1 | E19: Interpretación de instruciones básicas | F19: Acciones Semánticas | G19: Enero | H19: 2
B20: 12 | C20: El estudiante explica la eliminación de recursión por la izquierda con ejemplos paso a paso para preparar gramáticas para análisis sintáctico | D20: 1 | E20: Interpretación de instruciones básicas | F20: Tipos de analizadores sintácticos | G20: Enero | H20: 2
... B65: 57 | C65: El estudiante aplica técnicas de optimización de código como optimización local y global para reducir tamaño de código y mejorar rendimiento | D65: 4 | E65: Recolección de basura | F65: Memory Leaks | G65: Abril | H65: 11

Sheet Semana Diagnostico
B2: Diseño de Contenido Curricular
B4: Curso | C4: ='Diseño'!C4 -> 781 - Organización de Lenguajes y Compiladores 2
B5: Semana | C5: 1
B6: Tiempo | C6: =B15+B22+B29+B41+B47+C48 -> 100
A9: 1. Bienvenida y Presentación | G9: Tiempo Aproximado | H9: =B15 -> 15
G10: No puedes excederte mas de 15 minutos
A11: Nombre y Formacion Academica | B11: Estudiante de sistemas, cursando últimos semestres
A12: Experiencia docente y profecional | B12: Experiencia del auxiliar como docente (si aplica) y del área profesional | K12: Estos puntos son recomendaciones de los puntos a tratar durante tu presentacion, si no usaras estos eres libre de agregar mas filas para indicar que haras. En los recuadros de la derecha colocar breve resumen de lo que planeas decir. No debes ser muy especifico seran pequeñas anotaciones que te ayudaran a recordar lo que planeaste
A13: Rol del auxiliar dentro del curso (funciones, actividades y apoyo a los estudiantes). | B13: Impartir laboratorios, resolver dudas, calificar proyectos
A14: Expectativas sobre la dinámica del curso | B14: Participación activa en laboratorios
A15: Tiempo que emplearas | B15: 15
A18: 2. Evaluación de Conocimientos Previos | G18: Tiempo Aproximado | H18: =B22 -> 20
G19: No puedes excederte mas de 45 minutos
A20: Redactaras de 15 a 20 preguntas con sus respectivas respuestas , por lo que debes escoge los temas que evaluaras | B20: Preguntas en un kahoot sobre analisis léxico, sintáctico y árboles. | K20: En los recuadors de la derecha deberas colocar las preguntas que planeas realizar con sus respectivas respuestas. En el segundo recuadro deberas colocar un breve resumne de lo que tines planificado para la parte practica del curso previo al que estas impartiendo.
A21: Redactaras una parte practica | B21: Al construír un AST, ¿cuál es la ventaja principal de usar árboles frente a listas lineales de tokens?
A22: Tiempo que emplearas | B22: 20
A25: 3. Presentación de los Estudiantes | G25: Tiempo Aproximado | H25: =B29 -> 20
G26: No puedes excederte mas de 30 minutos
A27: Seleccion al Azar de 5 Estudiantes | B27: Se seleccionarán 5 estudiantes al azar para presentarse brevemente | K27: En el primer recuadro colocaras la metodollogia que adoptaras para la eleccion de los estudiantes. En el segundo recuadro colocaras la redaccion de las preguntas que comprendan los siguientes puntos respecto al estudiante: Nombre. Intereses y expectativas sobre el curso. Experiencia previa relacionada con el curso (si aplica). Un dato curioso sobre sí mismo. Consideras que la prueba de conociminetos previos esta acorde al conocimiento que se te brindo en su momento Que tan comodo se sintio con la prueba anterior.
A28: Preguntas que responderan los estudiantes afortunados | B28: Nombre Intereses o expectativas sobre el curso. Experiencia previa relacionada con el tema (si aplica). Un dato curioso sobre sí mismo.
A29: Tiempo que emplearas | B29: 20
A32: 4. Censo de Horarios de Calificación | G32: Tiempo Aproximado | H32: =B36 -> 5
A33: Deberas estar recordando que deben contestar el formulario asi mismo dejar el link fijado en la llamada | G33: Esta actividad quedara abierta hasta el fin de la clase. pero emplearas 5 min especificos para la actividad
A34: Link de google forms donde este el cuestionario | B34: Formulario para recopilar disponibilidad de horarios | K34: Esta actividad te ayudara a realizar un senso de posibles horarios de calificacion y que tus estudiantes esten enterados y puedan preveer los dias de calificacion y asi mismo el horario. Deberas colocar en los reacuadros de la derecha link de Google form libre para correos intitucionales, esto para garantizar una sola respuesta por estudiante. TAmbien deberas colocar los posibles horarios y dias que tentativamente tendrias disponibles. para colocarlos en el google form.
A35: Dias y posibles Horarios de calificacion | B35: Horarios y dias que esté disponible
A36: Tiempo que emplearas | B36: 5
A39: 4. Mostrar Programa del Curso | G39: Tiempo Aproximado | H39: =B41 -> 30
G40: No puedes excederte mas de 30 minutos
A41: Tiempo que emplearas | B41: 30
A44: 2. Evaluación de Conocimientos del Curso Actual | G44: Tiempo Aproximado | H44: =B47 -> 15
G45: No puedes excederte mas de 15 minutos
A46: Redactaras 20 preguntas con sus respectivas respuestas | B46: Preguntas sobre temas del curso: manejo de tabla de símbolos, tipos de datos, verificación semántica, código de tres direcciones
A47: Tiempo que emplearas | B47: 15

Sheet S.1
B2: Diseño de la Sesión de Laboratorio
B4: Curso | C4: ='Diseño'!C4 -> 781 - Organización de Lenguajes y Compiladores 2
B5: Semana | C5: 2
B6: Tiempo | C6: =H10+H21+H44+H68 -> 100
B7: Ponderación | C7: =B49+B60 -> 0
B8: Validación de Tiempo | C8: =IF(H44<=0, "❌ ERROR: La Actividad 1 debe tener un tiempo mayor a 0.", IF(H21>60, "❌ ERROR: El 'Área de Conocimiento' no puede exceder los 60 min.", IF((H10+H21+H44)<100, "❌ ERROR: El tiempo total debe ser de al menos 100 min.", "✅ VALIDACIÓN CORRECTA"))) -> ❌ ERROR: El tiempo total debe ser de al menos 100 min.
A10: 1. Área Actitudinal (Saber Ser) | G10: Tiempo Aproximado | H10: 5
G11: Tiene que estar en un rango de 3 a 5 minutos
A12: Nombre del Valor | B12: Curiosidad académica
A13: Tiempo Aproximado
A14: Descripcion
A15: Comprender las motivaciones y aplicaciones de los compiladores despierta interés en el diseño de lenguajes de programación y herramientas de desarrollo.
A17: Como se relaciona con los conocimientos de la sesion y se aplicaria
A18: Al conocer las fases de compilación y las diferencias entre compilar, interpretar y transpilar, se aprecia la complejidad y utilidad de estas herramientas en el desarrollo de software moderno.
A21: 2. Área Conocimiento (Saber) | G21: Tiempo Aproximado | H21: =D39+D40+D41+D42 -> 60
G22: No puede exceder los 60 minutos
A23: Competencia a desarrollar | B23: El estudiante comprende las fases de un compilador a través de diagramas de flujo y modelos teóricos con ejemplos de compilación real en lenguajes como C, Go o Java.
A24: Competencia a desarrollar | B24: El estudiante explica la eliminación de recursión por la izquierda con ejemplos paso a paso para preparar gramáticas para análisis sintáctico
A26: 2.1 Contenido
A27: No. | B27: Unidad | D27: Tema | F27: Sub Tema
A28: 1 | B28: =IFERROR(__xludf.DUMMYFUNCTION("FILTER('Diseño'!D:D,'Diseño'!H:H=$C$5)"),1.0) -> 1 | D28: Fases de la compilación | F28: Motivaciones para estudiar compiladores
A29: 2 | B29: =IFERROR(__xludf.DUMMYFUNCTION("""COMPUTED_VALUE"""),1.0) -> 1 | D29: Fases de la compilación | F29: Recomendaciones para el curso
A30: 3 | B30: =IFERROR(__xludf.DUMMYFUNCTION("""COMPUTED_VALUE"""),1.0) -> 1 | D30: Fases de la compilación | F30: ¿Qué es un compilador?
A31: 4 | B31: =IFERROR(__xludf.DUMMYFUNCTION("""COMPUTED_VALUE"""),1.0) -> 1 | D31: Fases de la compilación | F31: Análisis Léxico
A32: 5 | B32: =IFERROR(__xludf.DUMMYFUNCTION("""COMPUTED_VALUE"""),1.0) -> 1 | D32: Fases de la compilación | F32: Análisis Sintáctico
A33: 6 | B33: 1 | D33: Fases de la compilación | F33: Análisis Semántico
A34: 7 | B34: 1 | D34: Fases de la compilación | F34: Compilar vs Interpretar vs Transpilar
A36: 2.2 Recursos Educativos
A38: Tipo de Recurso a utilizar | B38: Tipo | C38: Rango Aproximando | D38: Tiempo Aproximado
A39: Presentacion | B39: Obligatorio | D39: 20
A40: Video | B40: Obligatorio | C40: 3 a 6 minutos | D40: 5
A41: Lectura | B41: Optativo
A42: Ejercicio Demostrativo | B42: Obligatorio | D42: 35
A44: 3. Área de Habilidades (Saber Hacer) | G44: Tiempo Aproximado | H44: =B50+B61 -> 25
G45: Tiene que estar en un rango de 30 a 50 minutos
A46: Actividad 1 (Obligatoria)
A47: Competencia que predomina en la actividad | B47: El estudiante explica la eliminación de recursión por la izquierda con ejemplos paso a paso para preparar gramáticas para análisis sintáctico
A48: Tipo de Actividad | B48: Ejercicio practico
A49: Ponderación | B49: 0
A50: Tiempo Aproximado | B50: 25
A51: Coloca el tiempo que usar en la actividad, un tiempo sugerido 30 minutos
A52: Descripcion de la Actividad
A57: Actividad 2 (Optativa puedes hacerla si lo consideras apropiado)
A58: Competencia que predomina en la actividad
A59: Tipo de Actividad
A60: Ponderación
A61: Tiempo Aproximado
A62: Coloca el tiempo que usar en la actividad, un tiempo sugerido 20 minutos
A63: Descripcion de la Actividad
A68: 3. Cierre | G68: Tiempo Aproximado | H68: =B70 -> 10
G69: Tiene que estar en un rango de 10 a 15 minutos
A70: Tiempo Aproximado | B70: 10
A71: Asignacion de Actividades
A72: Resolución de dudas
A74: Resuelve alguna duda, asigna las actividades que deben realizar, dudas de proyectos, etc

Sheet S.2
B2: Diseño de la Sesión de Laboratorio
B4: Curso | C4: ='Diseño'!C4 -> 781 - Organización de Lenguajes y Compiladores 2
B5: Semana | C5: 2
B6: Tiempo | C6: =H10+H21+H44+H68 -> 100
B7: Ponderación | C7: =B49+B60 -> 0
B8: Validación de Tiempo | C8: =IF(H44<=0, "❌ ERROR: La Actividad 1 debe tener un tiempo mayor a 0.", IF(H21>60, "❌ ERROR: El 'Área de Conocimiento' no puede exceder los 60 min.", IF((H10+H21+H44)<100, "❌ ERROR: El tiempo total debe ser de al menos 100 min.", "✅ VALIDACIÓN CORRECTA"))) -> ❌ ERROR: El tiempo total debe ser de al menos 100 min.
A10: 1. Área Actitudinal (Saber Ser) | G10: Tiempo Aproximado | H10: =B13 -> 5
G11: Tiene que estar en un rango de 3 a 5 minutos
A12: Nombre del Valor | B12: Precisión técnica
A13: Tiempo Aproximado | B13: 5
A14: Descripcion
A15: La precedencia de operadores y acciones semánticas requieren atención al detalle para evitar errores en la interpretación de expresiones matemáticas.
A17: Como se relaciona con los conocimientos de la sesion y se aplicaria
A18: Al implementar una calculadora básica, la correcta precedencia de operadores es fundamental para evaluar expresiones correctamente, aplicando las reglas matemáticas estándar.
A21: 2. Área Conocimiento (Saber) | G21: Tiempo Aproximado | H21: =D39+D40+D41+D42 -> 60
G22: No puede exceder los 60 minutos
A23: Competencia a desarrollar | B23: El estudiante utiliza herramientas generadoras de lexers y parsers tales como Flex, Bison y ANTLR en proyectos de análisis léxico y sintáctico
A24: Competencia a desarrollar
A26: 2.1 Contenido
A27: No. | B27: Unidad | D27: Tema | F27: Sub Tema
A28: 1 | B28: =IFERROR(__xludf.DUMMYFUNCTION("FILTER('Diseño'!D:D,'Diseño'!H:H=$C$5)"),1.0) -> 1 | D28: =IFERROR(__xludf.DUMMYFUNCTION("FILTER('Diseño'!E:E,'Diseño'!H:H=$C$5)"),"Interpretación de instruciones básicas") -> Interpretación de instruciones básicas | F28: =IFERROR(__xludf.DUMMYFUNCTION("FILTER('Diseño'!F:F,'Diseño'!H:H=$C$5)"),"Repaso de fases del compilador") -> Repaso de fases del compilador
A29: 2 | B29: =IFERROR(__xludf.DUMMYFUNCTION("""COMPUTED_VALUE"""),1.0) -> 1 | D29: =IFERROR(__xludf.DUMMYFUNCTION("""COMPUTED_VALUE"""),"Interpretación de instruciones básicas") -> Interpretación de instruciones básicas | F29: =IFERROR(__xludf.DUMMYFUNCTION("""COMPUTED_VALUE"""),"Precedecia de operadores") -> Precedecia de operadores
A30: 3 | B30: =IFERROR(__xludf.DUMMYFUNCTION("""COMPUTED_VALUE"""),1.0) -> 1 | D30: =IFERROR(__xludf.DUMMYFUNCTION("""COMPUTED_VALUE"""),"Interpretación de instruciones básicas") -> Interpretación de instruciones básicas | F30: =IFERROR(__xludf.DUMMYFUNCTION("""COMPUTED_VALUE"""),"Calculadora Básica") -> Calculadora Básica
A31: 4 | B31: =IFERROR(__xludf.DUMMYFUNCTION("""COMPUTED_VALUE"""),1.0) -> 1 | D31: =IFERROR(__xludf.DUMMYFUNCTION("""COMPUTED_VALUE"""),"Interpretación de instruciones básicas") -> Interpretación de instruciones básicas | F31: =IFERROR(__xludf.DUMMYFUNCTION("""COMPUTED_VALUE"""),"Acciones Semánticas") -> Acciones Semánticas
A32: 5 | B32: =IFERROR(__xludf.DUMMYFUNCTION("""COMPUTED_VALUE"""),1.0) -> 1 | D32: =IFERROR(__xludf.DUMMYFUNCTION("""COMPUTED_VALUE"""),"Interpretación de instruciones básicas") -> Interpretación de instruciones básicas | F32: =IFERROR(__xludf.DUMMYFUNCTION("""COMPUTED_VALUE"""),"Tipos de analizadores sintácticos") -> Tipos de analizadores sintácticos
A33: 6
A34: 7
A36: 2.2 Recursos Educativos
A38: Tipo de Recurso a utilizar | B38: Tipo | C38: Rango Aproximando | D38: Tiempo Aproximado
A39: Presentacion | B39: Obligatorio | D39: 20
A40: Video | B40: Obligatorio | C40: 3 a 6 minutos | D40: 5
A41: Lectura | B41: Optativo
A42: Ejercicio Demostrativo | B42: Obligatorio | D42: 35
A44: 3. Área de Habilidades (Saber Hacer) | G44: Tiempo Aproximado | H44: =B50+B61 -> 25
G45: Tiene que estar en un rango de 30 a 50 minutos
A46: Actividad 1 (Obligatoria)
A47: Competencia que predomina en la actividad | B47: El estudiante explica la eliminación de recursión por la izquierda con ejemplos paso a paso para preparar gramáticas para análisis sintáctico
A48: Tipo de Actividad | B48: Ejercicio practico
A49: Ponderación | B49: 0
A50: Tiempo Aproximado | B50: 25
A51: Coloca el tiempo que usar en la actividad, un tiempo sugerido 30 minutos
A52: Descripcion de la Actividad
A57: Actividad 2 (Optativa puedes hacerla si lo consideras apropiado)
A58: Competencia que predomina en la actividad
A59: Tipo de Actividad
A60: Ponderación
A61: Tiempo Aproximado
A62: Coloca el tiempo que usar en la actividad, un tiempo sugerido 20 minutos
A63: Descripcion de la Actividad
A68: 3. Cierre | G68: Tiempo Aproximado | H68: =B70 -> 10
G69: Tiene que estar en un rango de 10 a 15 minutos
A70: Tiempo Aproximado | B70: 10
A71: Asignacion de Actividades
A72: Resolución de dudas
A74: Resuelve alguna duda, asigna las actividades que deben realizar, dudas de proyectos, etc

Sheet S.3
B2: Diseño de la Sesión de Laboratorio
B4: Curso | C4: ='Diseño'!C4 -> 781 - Organización de Lenguajes y Compiladores 2
B5: Semana | C5: 3
B6: Tiempo | C6: =H10+H21+H44+H68 -> 100
B7: Ponderación | C7: =B49+B60 -> 0
B8: Validación de Tiempo | C8: =IF(H44<=0, "❌ ERROR: La Actividad 1 debe tener un tiempo mayor a 0.", IF(H21>60, "❌ ERROR: El 'Área de Conocimiento' no puede exceder los 60 min.", IF((H10+H21+H44)<100, "❌ ERROR: El tiempo total debe ser de al menos 100 min.", "✅ VALIDACIÓN CORRECTA"))) -> ❌ ERROR: El tiempo total debe ser de al menos 100 min.
A10: 1. Área Actitudinal (Saber Ser) | G10: Tiempo Aproximado | H10: =B13 -> 5
G11: Tiene que estar en un rango de 3 a 5 minutos
A12: Nombre del Valor | B12: Organización y estructura
A13: Tiempo Aproximado | B13: 5
A14: Descripcion
A15: El manejo de entornos y tabla de símbolos requiere una organización sistemática para gestionar correctamente el alcance de variables y sus valores.
A17: Como se relaciona con los conocimientos de la sesion y se aplicaria
A18: Al implementar entornos anidados con el patrón Visitor y tabla de símbolos, se mantiene un código estructurado que facilita el rastreo de declaraciones y asignaciones en diferentes scopes.
A21: 2. Área Conocimiento (Saber) | G21: Tiempo Aproximado | H21: =D39+D40+D41+D42 -> 60
G22: No puede exceder los 60 minutos
A23: Competencia a desarrollar | B23: El estudiante comprende las fases de un compilador a través de diagramas de flujo y modelos teóricos con ejemplos de compilación real en lenguajes como C, Go o Java.
A24: Competencia a desarrollar
A26: 2.1 Contenido
A27: No. | B27: Unidad | D27: Tema | F27: Sub Tema
A28: 1 | B28: =IFERROR(__xludf.DUMMYFUNCTION("FILTER('Diseño'!D:D,'Diseño'!H:H=$C$5)"),1.0) -> 1 | D28: =IFERROR(__xludf.DUMMYFUNCTION("FILTER('Diseño'!E:E,'Diseño'!H:H=$C$5)"),"Manejo de entornos dentro del intérprete") -> Manejo de entornos dentro del intérprete | F28: =IFERROR(__xludf.DUMMYFUNCTION("FILTER('Diseño'!F:F,'Diseño'!H:H=$C$5)"),"Patron Visitor") -> Patron Visitor
A29: 2 | B29: =IFERROR(__xludf.DUMMYFUNCTION("""COMPUTED_VALUE"""),1.0) -> 1 | D29: =IFERROR(__xludf.DUMMYFUNCTION("""COMPUTED_VALUE"""),"Manejo de entornos dentro del intérprete") -> Manejo de entornos dentro del intérprete | F29: =IFERROR(__xludf.DUMMYFUNCTION("""COMPUTED_VALUE"""),"Tabla de simbolos ") -> Tabla de simbolos
A30: 3 | B30: =IFERROR(__xludf.DUMMYFUNCTION("""COMPUTED_VALUE"""),1.0) -> 1 | D30: =IFERROR(__xludf.DUMMYFUNCTION("""COMPUTED_VALUE"""),"Manejo de entornos dentro del intérprete") -> Manejo de entornos dentro del intérprete | F30: =IFERROR(__xludf.DUMMYFUNCTION("""COMPUTED_VALUE"""),"Parent Pointer Tree") -> Parent Pointer Tree
A31: 4 | B31: =IFERROR(__xludf.DUMMYFUNCTION("""COMPUTED_VALUE"""),1.0) -> 1 | D31: =IFERROR(__xludf.DUMMYFUNCTION("""COMPUTED_VALUE"""),"Manejo de entornos dentro del intérprete") -> Manejo de entornos dentro del intérprete | F31: =IFERROR(__xludf.DUMMYFUNCTION("""COMPUTED_VALUE"""),"Declaraciones") -> Declaraciones
A32: 5 | B32: =IFERROR(__xludf.DUMMYFUNCTION("""COMPUTED_VALUE"""),1.0) -> 1 | D32: =IFERROR(__xludf.DUMMYFUNCTION("""COMPUTED_VALUE"""),"Manejo de entornos dentro del intérprete") -> Manejo de entornos dentro del intérprete | F32: =IFERROR(__xludf.DUMMYFUNCTION("""COMPUTED_VALUE"""),"Asignaciones") -> Asignaciones
A33: 6
A34: 7
A36: 2.2 Recursos Educativos
A38: Tipo de Recurso a utilizar | B38: Tipo | C38: Rango Aproximando | D38: Tiempo Aproximado
A39: Presentacion | B39: Obligatorio | D39: 20
A40: Video | B40: Obligatorio | C40: 3 a 6 minutos | D40: 5
A41: Lectura | B41: Optativo
A42: Ejercicio Demostrativo | B42: Obligatorio | D42: 35
A44: 3. Área de Habilidades (Saber Hacer) | G44: Tiempo Aproximado | H44: =B50+B61 -> 25
G45: Tiene que estar en un rango de 30 a 50 minutos
A46: Actividad 1 (Obligatoria)
A47: Competencia que predomina en la actividad | B47: El estudiante comprende las fases de un compilador a través de diagramas de flujo y modelos teóricos con ejemplos de compilación real en lenguajes como C, Go o Java.
A48: Tipo de Actividad | B48: Ejercicio practico
A49: Ponderación | B49: 0
A50: Tiempo Aproximado | B50: 25
A51: Coloca el tiempo que usar en la actividad, un tiempo sugerido 30 minutos
A52: Descripcion de la Actividad
A57: Actividad 2 (Optativa puedes hacerla si lo consideras apropiado)
A58: Competencia que predomina en la actividad
A59: Tipo de Actividad
A60: Ponderación
A61: Tiempo Aproximado
A62: Coloca el tiempo que usar en la actividad, un tiempo sugerido 20 minutos
A63: Descripcion de la Actividad
A68: 3. Cierre | G68: Tiempo Aproximado | H68: =B70 -> 10
G69: Tiene que estar en un rango de 10 a 15 minutos
A70: Tiempo Aproximado | B70: 10
A71: Asignacion de Actividades
A72: Resolución de dudas
A74: Resuelve alguna duda, asigna las actividades que deben realizar, dudas de proyectos, etc

Sheet S.4
B2: Diseño de la Sesión de Laboratorio
B4: Curso | C4: ='Diseño'!C4 -> 781 - Organización de Lenguajes y Compiladores 2
B5: Semana | C5: 4
B6: Tiempo | C6: =H10+H21+H44+H68 -> 100
B7: Ponderación | C7: =B49+B60 -> 0
B8: Validación de Tiempo | C8: =IF(H44<=0, "❌ ERROR: La Actividad 1 debe tener un tiempo mayor a 0.", IF(H21>60, "❌ ERROR: El 'Área de Conocimiento' no puede exceder los 60 min.", IF((H10+H21+H44)<100, "❌ ERROR: El tiempo total debe ser de al menos 100 min.", "✅ VALIDACIÓN CORRECTA"))) -> ❌ ERROR: El tiempo total debe ser de al menos 100 min.
A10: 1. Área Actitudinal (Saber Ser) | G10: Tiempo Aproximado | H10: 3
G11: Tiene que estar en un rango de 3 a 5 minutos
A12: Nombre del Valor | B12: Responsabilidad computacional
A13: Tiempo Aproximado | B13: 3
A14: Descripcion
A15: Entender el poder de un lenguaje implica usarlo de forma ética y consciente.
A17: Como se relaciona con los conocimientos de la sesion y se aplicaria
A18: Al saber más sobre lo que pasa detras de un lenguaje puede hacer que se intente "romper" programar.
A21: 2. Área Conocimiento (Saber) | G21: Tiempo Aproximado | H21: 45
G22: No puede exceder los 60 minutos
A23: Competencia a desarrollar | B23: El estudiante comprende las fases de un compilador a través de diagramas de flujo y modelos teóricos con ejemplos de compilación real en lenguajes como C, Go o Java.
A24: Competencia a desarrollar | B24: El estudiante utiliza herramientas generadoras de lexers y parsers tales como Flex, Bison y ANTLR en proyectos de análisis léxico y sintáctico
A26: 2.1 Contenido
A27: No. | B27: Unidad | D27: Tema | F27: Sub Tema
A28: 1 | B28: =IFERROR(__xludf.DUMMYFUNCTION("FILTER('Diseño'!D:D,'Diseño'!H:H=$C$5)"),1.0) -> 1 | D28: =IFERROR(__xludf.DUMMYFUNCTION("FILTER('Diseño'!E:E,'Diseño'!H:H=$C$5)"),"Estructuras cíclicas y de control de flujo") -> Estructuras cíclicas y de control de flujo | F28: =IFERROR(__xludf.DUMMYFUNCTION("FILTER('Diseño'!F:F,'Diseño'!H:H=$C$5)"),"Lenguajes Turing Completos") -> Lenguajes Turing Completos
A29: 2 | B29: =IFERROR(__xludf.DUMMYFUNCTION("""COMPUTED_VALUE"""),1.0) -> 1 | D29: =IFERROR(__xludf.DUMMYFUNCTION("""COMPUTED_VALUE"""),"Estructuras cíclicas y de control de flujo") -> Estructuras cíclicas y de control de flujo | F29: =IFERROR(__xludf.DUMMYFUNCTION("""COMPUTED_VALUE"""),"Estructuras de control") -> Estructuras de control
A30: 3 | B30: =IFERROR(__xludf.DUMMYFUNCTION("""COMPUTED_VALUE"""),1.0) -> 1 | D30: =IFERROR(__xludf.DUMMYFUNCTION("""COMPUTED_VALUE"""),"Estructuras cíclicas y de control de flujo") -> Estructuras cíclicas y de control de flujo | F30: =IFERROR(__xludf.DUMMYFUNCTION("""COMPUTED_VALUE"""),"Ciclos") -> Ciclos
A31: 4 | B31: =IFERROR(__xludf.DUMMYFUNCTION("""COMPUTED_VALUE"""),1.0) -> 1 | D31: =IFERROR(__xludf.DUMMYFUNCTION("""COMPUTED_VALUE"""),"Estructuras cíclicas y de control de flujo") -> Estructuras cíclicas y de control de flujo | F31: =IFERROR(__xludf.DUMMYFUNCTION("""COMPUTED_VALUE"""),"Sentencias de transferencia") -> Sentencias de transferencia
A32: 5
A33: 6
A34: 7
A36: 2.2 Recursos Educativos
A38: Tipo de Recurso a utilizar | B38: Tipo | C38: Rango Aproximando | D38: Tiempo Aproximado
A39: Presentacion | B39: Obligatorio
A40: Video | B40: Obligatorio | C40: 3 a 6 minutos
A41: Lectura | B41: Optativo
A42: Ejercicio Demostrativo | B42: Obligatorio
A44: 3. Área de Habilidades (Saber Hacer) | G44: Tiempo Aproximado | H44: 40
G45: Tiene que estar en un rango de 30 a 50 minutos
A46: Actividad 1 (Obligatoria)
A47: Competencia que predomina en la actividad | B47: El estudiante comprende las fases de un compilador a través de diagramas de flujo y modelos teóricos con ejemplos de compilación real en lenguajes como C, Go o Java.
A48: Tipo de Actividad | B48: otros
A49: Ponderación | B49: 0
A50: Tiempo Aproximado | B50: 40
A51: Coloca el tiempo que usar en la actividad, un tiempo sugerido 30 minutos
A52: Descripcion de la Actividad
A53: Ejemplo práctico sobre el contenido impartido de la sesión, mejorando el código del ejemplo de la sesión anterior.
A57: Actividad 2 (Optativa puedes hacerla si lo consideras apropiado)
A58: Competencia que predomina en la actividad
A59: Tipo de Actividad
A60: Ponderación
A61: Tiempo Aproximado
A62: Coloca el tiempo que usar en la actividad, un tiempo sugerido 20 minutos
A63: Descripcion de la Actividad
A68: 3. Cierre | G68: Tiempo Aproximado | H68: 12
G69: Tiene que estar en un rango de 10 a 15 minutos
A70: Tiempo Aproximado | B70: 12
A71: Asignacion de Actividades
A72: Resolución de dudas de la calse y primer proyecto.
A74: Resuelve alguna duda, asigna las actividades que deben realizar, dudas de proyectos, etc

Sheet S.5
B2: Diseño de la Sesión de Laboratorio
B4: Curso | C4: ='Diseño'!C4 -> 781 - Organización de Lenguajes y Compiladores 2
B5: Semana | C5: 5
B6: Tiempo | C6: =H10+H21+H44+H68 -> 100
B7: Ponderación | C7: =B49+B60 -> 0
B8: Validación de Tiempo | C8: =IF(H44<=0, "❌ ERROR: La Actividad 1 debe tener un tiempo mayor a 0.", IF(H21>60, "❌ ERROR: El 'Área de Conocimiento' no puede exceder los 60 min.", IF((H10+H21+H44)<100, "❌ ERROR: El tiempo total debe ser de al menos 100 min.", "✅ VALIDACIÓN CORRECTA"))) -> ❌ ERROR: El tiempo total debe ser de al menos 100 min.
A10: 1. Área Actitudinal (Saber Ser) | G10: Tiempo Aproximado | H10: 3
G11: Tiene que estar en un rango de 3 a 5 minutos
A12: Nombre del Valor | B12: Ética del alcance
A13: Tiempo Aproximado | B13: 3
A14: Descripcion
A15: Mantener el uso de variables dentro de su contexto lógico y justo.
A17: Como se relaciona con los conocimientos de la sesion y se aplicaria
A18: La verdad no hay valor que pueda relacionar a la sesión.
A21: 2. Área Conocimiento (Saber) | G21: Tiempo Aproximado | H21: 45
G22: No puede exceder los 60 minutos
A23: Competencia a desarrollar | B23: El estudiante evalúa el desempeño de cada fase del compilador a través de métricas de tiempo y uso de memoria para comparar implementaciones como GCC vs. Clang
A24: Competencia a desarrollar | B24: El estudiante utiliza herramientas generadoras de lexers y parsers tales como Flex, Bison y ANTLR en proyectos de análisis léxico y sintáctico
A26: 2.1 Contenido
A27: No. | B27: Unidad | D27: Tema | F27: Sub Tema
A28: 1 | B28: =IFERROR(__xludf.DUMMYFUNCTION("FILTER('Diseño'!D:D,'Diseño'!H:H=$C$5)"),2.0) -> 2 | D28: =IFERROR(__xludf.DUMMYFUNCTION("FILTER('Diseño'!E:E,'Diseño'!H:H=$C$5)"),"Funciones y cerraduras en un intérprete") -> Funciones y cerraduras en un intérprete | F28: =IFERROR(__xludf.DUMMYFUNCTION("FILTER('Diseño'!F:F,'Diseño'!H:H=$C$5)"),"Funciones embebidas") -> Funciones embebidas
A29: 2 | B29: =IFERROR(__xludf.DUMMYFUNCTION("""COMPUTED_VALUE"""),2.0) -> 2 | D29: =IFERROR(__xludf.DUMMYFUNCTION("""COMPUTED_VALUE"""),"Funciones y cerraduras en un intérprete") -> Funciones y cerraduras en un intérprete | F29: =IFERROR(__xludf.DUMMYFUNCTION("""COMPUTED_VALUE"""),"Funciones foráneas") -> Funciones foráneas
A30: 3 | B30: =IFERROR(__xludf.DUMMYFUNCTION("""COMPUTED_VALUE"""),2.0) -> 2 | D30: =IFERROR(__xludf.DUMMYFUNCTION("""COMPUTED_VALUE"""),"Funciones y cerraduras en un intérprete") -> Funciones y cerraduras en un intérprete | F30: =IFERROR(__xludf.DUMMYFUNCTION("""COMPUTED_VALUE"""),"Clousures") -> Clousures
A31: 4 | B31: =IFERROR(__xludf.DUMMYFUNCTION("""COMPUTED_VALUE"""),2.0) -> 2 | D31: =IFERROR(__xludf.DUMMYFUNCTION("""COMPUTED_VALUE"""),"Funciones y cerraduras en un intérprete") -> Funciones y cerraduras en un intérprete | F31: =IFERROR(__xludf.DUMMYFUNCTION("""COMPUTED_VALUE"""),"Resolución de variables") -> Resolución de variables
A32: 5 | B32: =IFERROR(__xludf.DUMMYFUNCTION("""COMPUTED_VALUE"""),2.0) -> 2 | D32: =IFERROR(__xludf.DUMMYFUNCTION("""COMPUTED_VALUE"""),"Funciones y cerraduras en un intérprete") -> Funciones y cerraduras en un intérprete | F32: =IFERROR(__xludf.DUMMYFUNCTION("""COMPUTED_VALUE"""),"Hoisting") -> Hoisting
A33: 6 | B33: =IFERROR(__xludf.DUMMYFUNCTION("""COMPUTED_VALUE"""),2.0) -> 2 | D33: =IFERROR(__xludf.DUMMYFUNCTION("""COMPUTED_VALUE"""),"Funciones y cerraduras en un intérprete") -> Funciones y cerraduras en un intérprete | F33: =IFERROR(__xludf.DUMMYFUNCTION("""COMPUTED_VALUE"""),"Call Stack") -> Call Stack
A34: 7
A36: 2.2 Recursos Educativos
A38: Tipo de Recurso a utilizar | B38: Tipo | C38: Rango Aproximando | D38: Tiempo Aproximado
A39: Presentacion | B39: Obligatorio
A40: Video | B40: Obligatorio | C40: 3 a 6 minutos
A41: Lectura | B41: Optativo
A42: Ejercicio Demostrativo | B42: Obligatorio
A44: 3. Área de Habilidades (Saber Hacer) | G44: Tiempo Aproximado | H44: 40
G45: Tiene que estar en un rango de 30 a 50 minutos
A46: Actividad 1 (Obligatoria)
A47: Competencia que predomina en la actividad | B47: El estudiante comprende las fases de un compilador a través de diagramas de flujo y modelos teóricos con ejemplos de compilación real en lenguajes como C, Go o Java.
A48: Tipo de Actividad | B48: otros
A49: Ponderación | B49: 0
A50: Tiempo Aproximado | B50: 40
A51: Coloca el tiempo que usar en la actividad, un tiempo sugerido 30 minutos
A52: Descripcion de la Actividad
A53: Ejemplo práctico sobre el contenido impartido de la sesión, mejorando el código del ejemplo de la sesión anterior.
A57: Actividad 2 (Optativa puedes hacerla si lo consideras apropiado)
A58: Competencia que predomina en la actividad
A59: Tipo de Actividad
A60: Ponderación
A61: Tiempo Aproximado
A62: Coloca el tiempo que usar en la actividad, un tiempo sugerido 20 minutos
A63: Descripcion de la Actividad
A68: 3. Cierre | G68: Tiempo Aproximado | H68: 12
G69: Tiene que estar en un rango de 10 a 15 minutos
A70: Tiempo Aproximado | B70: 12
A71: Asignacion de Actividades
A72: Resolución de dudas de la calse y primer proyecto.
A74: Resuelve alguna duda, asigna las actividades que deben realizar, dudas de proyectos, etc

Sheet S.6
B2: Diseño de la Sesión de Laboratorio
B4: Curso | C4: ='Diseño'!C4 -> 781 - Organización de Lenguajes y Compiladores 2
B5: Semana | C5: 6
B6: Tiempo | C6: =H10+H21+H44+H68 -> 100
B7: Ponderación | C7: =B49+B60 -> 0
B8: Validación de Tiempo | C8: =IF(H44<=0, "❌ ERROR: La Actividad 1 debe tener un tiempo mayor a 0.", IF(H21>60, "❌ ERROR: El 'Área de Conocimiento' no puede exceder los 60 min.", IF((H10+H21+H44)<100, "❌ ERROR: El tiempo total debe ser de al menos 100 min.", "✅ VALIDACIÓN CORRECTA"))) -> ❌ ERROR: El tiempo total debe ser de al menos 100 min.
A10: 1. Área Actitudinal (Saber Ser) | G10: Tiempo Aproximado | H10: 3
G11: Tiene que estar en un rango de 3 a 5 minutos
A12: Nombre del Valor | B12: Precisión
A13: Tiempo Aproximado | B13: 3
A14: Descripcion
A15: ya que al aplicar técnicas de optimización y análisis de código, se requiere atención a los detalles para lograr mejoras reales y evitar errores.
A17: Como se relaciona con los conocimientos de la sesion y se aplicaria
A18: La verdad no hay valor que pueda relacionar a la sesión.
A21: 2. Área Conocimiento (Saber) | G21: Tiempo Aproximado | H21: 45
G22: No puede exceder los 60 minutos
A23: Competencia a desarrollar | B23: El estudiante comprende las fases de un compilador a través de diagramas de flujo y modelos teóricos con ejemplos de compilación real en lenguajes como C, Go o Java.
A24: Competencia a desarrollar | B24: El estudiante utiliza herramientas generadoras de lexers y parsers tales como Flex, Bison y ANTLR en proyectos de análisis léxico y sintáctico
A26: 2.1 Contenido
A27: No. | B27: Unidad | D27: Tema | F27: Sub Tema
A28: 1 | B28: =IFERROR(__xludf.DUMMYFUNCTION("FILTER('Diseño'!D:D,'Diseño'!H:H=$C$5)"),2.0) -> 2 | D28: =IFERROR(__xludf.DUMMYFUNCTION("FILTER('Diseño'!E:E,'Diseño'!H:H=$C$5)"),"Programación orientada a objetos en un intérprete") -> Programación orientada a objetos en un intérprete | F28: =IFERROR(__xludf.DUMMYFUNCTION("FILTER('Diseño'!F:F,'Diseño'!H:H=$C$5)"),"Clases y Objetos") -> Clases y Objetos
A29: 2 | B29: =IFERROR(__xludf.DUMMYFUNCTION("""COMPUTED_VALUE"""),2.0) -> 2 | D29: =IFERROR(__xludf.DUMMYFUNCTION("""COMPUTED_VALUE"""),"Programación orientada a objetos en un intérprete") -> Programación orientada a objetos en un intérprete | F29: =IFERROR(__xludf.DUMMYFUNCTION("""COMPUTED_VALUE"""),"Prototipos") -> Prototipos
A30: 3 | B30: =IFERROR(__xludf.DUMMYFUNCTION("""COMPUTED_VALUE"""),2.0) -> 2 | D30: =IFERROR(__xludf.DUMMYFUNCTION("""COMPUTED_VALUE"""),"Programación orientada a objetos en un intérprete") -> Programación orientada a objetos en un intérprete | F30: =IFERROR(__xludf.DUMMYFUNCTION("""COMPUTED_VALUE"""),"Constructores") -> Constructores
A31: 4 | B31: =IFERROR(__xludf.DUMMYFUNCTION("""COMPUTED_VALUE"""),2.0) -> 2 | D31: =IFERROR(__xludf.DUMMYFUNCTION("""COMPUTED_VALUE"""),"Programación orientada a objetos en un intérprete") -> Programación orientada a objetos en un intérprete | F31: =IFERROR(__xludf.DUMMYFUNCTION("""COMPUTED_VALUE"""),"Sobrecarga de métodos") -> Sobrecarga de métodos
A32: 5
A33: 6
A34: 7
A36: 2.2 Recursos Educativos
A38: Tipo de Recurso a utilizar | B38: Tipo | C38: Rango Aproximando | D38: Tiempo Aproximado
A39: Presentacion | B39: Obligatorio
A40: Video | B40: Obligatorio | C40: 3 a 6 minutos
A41: Lectura | B41: Optativo
A42: Ejercicio Demostrativo | B42: Obligatorio
A44: 3. Área de Habilidades (Saber Hacer) | G44: Tiempo Aproximado | H44: 40
G45: Tiene que estar en un rango de 30 a 50 minutos
A46: Actividad 1 (Obligatoria)
A47: Competencia que predomina en la actividad | B47: El estudiante utiliza herramientas generadoras de lexers y parsers tales como Flex, Bison y ANTLR en proyectos de análisis léxico y sintáctico
A48: Tipo de Actividad | B48: otros
A49: Ponderación | B49: 0
A50: Tiempo Aproximado | B50: 40
A51: Coloca el tiempo que usar en la actividad, un tiempo sugerido 30 minutos
A52: Descripcion de la Actividad
A53: Ejemplo práctico sobre el contenido impartido de la sesión, mejorando el código del ejemplo de la sesión anterior.
A57: Actividad 2 (Optativa puedes hacerla si lo consideras apropiado)
A58: Competencia que predomina en la actividad
A59: Tipo de Actividad
A60: Ponderación
A61: Tiempo Aproximado
A62: Coloca el tiempo que usar en la actividad, un tiempo sugerido 20 minutos
A63: Descripcion de la Actividad
A68: 3. Cierre | G68: Tiempo Aproximado | H68: 12
G69: Tiene que estar en un rango de 10 a 15 minutos
A70: Tiempo Aproximado | B70: 12
A71: Asignacion de Actividades
A72: Resolución de dudas de la calse y primer proyecto.
A74: Resuelve alguna duda, asigna las actividades que deben realizar, dudas de proyectos, etc

Sheet S.7
B2: Diseño de la Sesión de Laboratorio
B4: Curso | C4: ='Diseño'!C4 -> 781 - Organización de Lenguajes y Compiladores 2
B5: Semana | C5: 7
B6: Tiempo | C6: =H10+H21+H44+H68 -> 100
B7: Ponderación | C7: =B49+B60 -> 0
B8: Validación de Tiempo | C8: =IF(H44<=0, "❌ ERROR: La Actividad 1 debe tener un tiempo mayor a 0.", IF(H21>60, "❌ ERROR: El 'Área de Conocimiento' no puede exceder los 60 min.", IF((H10+H21+H44)<100, "❌ ERROR: El tiempo total debe ser de al menos 100 min.", "✅ VALIDACIÓN CORRECTA"))) -> ❌ ERROR: El tiempo total debe ser de al menos 100 min.
A10: 1. Área Actitudinal (Saber Ser) | G10: Tiempo Aproximado | H10: 3
G11: Tiene que estar en un rango de 3 a 5 minutos
A12: Nombre del Valor | B12: Rigor
A13: Tiempo Aproximado | B13: 3
A14: Descripcion
A15: porque se trabaja con conceptos técnicos de bajo nivel, donde la precisión y estructura lógica son clave, especialmente en temas como ensamblador o representación en memoria.
A17: Como se relaciona con los conocimientos de la sesion y se aplicaria
A18: La verdad no hay valor que pueda relacionar a la sesión.
A21: 2. Área Conocimiento (Saber) | G21: Tiempo Aproximado | H21: 45
G22: No puede exceder los 60 minutos
A23: Competencia a desarrollar | B23: El estudiante utiliza herramientas generadoras de lexers y parsers tales como Flex, Bison y ANTLR en proyectos de análisis léxico y sintáctico
A24: Competencia a desarrollar | B24: El estudiante comprende las fases de un compilador a través de diagramas de flujo y modelos teóricos con ejemplos de compilación real en lenguajes como C, Go o Java.
A26: 2.1 Contenido
A27: No. | B27: Unidad | D27: Tema | F27: Sub Tema
A28: 1 | B28: =IFERROR(__xludf.DUMMYFUNCTION("FILTER('Diseño'!D:D,'Diseño'!H:H=$C$5)"),2.0) -> 2 | D28: =IFERROR(__xludf.DUMMYFUNCTION("FILTER('Diseño'!E:E,'Diseño'!H:H=$C$5)"),"Representaciones intermedias y generación de código") -> Representaciones intermedias y generación de código | F28: =IFERROR(__xludf.DUMMYFUNCTION("FILTER('Diseño'!F:F,'Diseño'!H:H=$C$5)"),"Código de 3 direcciones") -> Código de 3 direcciones
A29: 2 | B29: =IFERROR(__xludf.DUMMYFUNCTION("""COMPUTED_VALUE"""),2.0) -> 2 | D29: =IFERROR(__xludf.DUMMYFUNCTION("""COMPUTED_VALUE"""),"Representaciones intermedias y generación de código") -> Representaciones intermedias y generación de código | F29: =IFERROR(__xludf.DUMMYFUNCTION("""COMPUTED_VALUE"""),"Bytecode") -> Bytecode
A30: 3 | B30: =IFERROR(__xludf.DUMMYFUNCTION("""COMPUTED_VALUE"""),2.0) -> 2 | D30: =IFERROR(__xludf.DUMMYFUNCTION("""COMPUTED_VALUE"""),"Representaciones intermedias y generación de código") -> Representaciones intermedias y generación de código | F30: =IFERROR(__xludf.DUMMYFUNCTION("""COMPUTED_VALUE"""),"Assembly: RISC-V") -> Assembly: RISC-V
A31: 4 | B31: =IFERROR(__xludf.DUMMYFUNCTION("""COMPUTED_VALUE"""),2.0) -> 2 | D31: =IFERROR(__xludf.DUMMYFUNCTION("""COMPUTED_VALUE"""),"Tipos primitivos a bajo nivel") -> Tipos primitivos a bajo nivel | F31: =IFERROR(__xludf.DUMMYFUNCTION("""COMPUTED_VALUE"""),"Tipos enteros") -> Tipos enteros
A32: 5 | B32: =IFERROR(__xludf.DUMMYFUNCTION("""COMPUTED_VALUE"""),2.0) -> 2 | D32: =IFERROR(__xludf.DUMMYFUNCTION("""COMPUTED_VALUE"""),"Tipos primitivos a bajo nivel") -> Tipos primitivos a bajo nivel | F32: =IFERROR(__xludf.DUMMYFUNCTION("""COMPUTED_VALUE"""),"Representación de punto flotante") -> Representación de punto flotante
A33: 6 | B33: =IFERROR(__xludf.DUMMYFUNCTION("""COMPUTED_VALUE"""),2.0) -> 2 | D33: =IFERROR(__xludf.DUMMYFUNCTION("""COMPUTED_VALUE"""),"Tipos primitivos a bajo nivel") -> Tipos primitivos a bajo nivel | F33: =IFERROR(__xludf.DUMMYFUNCTION("""COMPUTED_VALUE"""),"Char") -> Char
A34: 7 | B34: =IFERROR(__xludf.DUMMYFUNCTION("""COMPUTED_VALUE"""),2.0) -> 2 | D34: =IFERROR(__xludf.DUMMYFUNCTION("""COMPUTED_VALUE"""),"Tipos primitivos a bajo nivel") -> Tipos primitivos a bajo nivel | F34: =IFERROR(__xludf.DUMMYFUNCTION("""COMPUTED_VALUE"""),"Strings") -> Strings
A36: 2.2 Recursos Educativos
A38: Tipo de Recurso a utilizar | B38: Tipo | C38: Rango Aproximando | D38: Tiempo Aproximado
A39: Presentacion | B39: Obligatorio
A40: Video | B40: Obligatorio | C40: 3 a 6 minutos
A41: Lectura | B41: Optativo
A42: Ejercicio Demostrativo | B42: Obligatorio
A44: 3. Área de Habilidades (Saber Hacer) | G44: Tiempo Aproximado | H44: 40
G45: Tiene que estar en un rango de 30 a 50 minutos
A46: Actividad 1 (Obligatoria)
A47: Competencia que predomina en la actividad | B47: El estudiante utiliza herramientas generadoras de lexers y parsers tales como Flex, Bison y ANTLR en proyectos de análisis léxico y sintáctico
A48: Tipo de Actividad | B48: otros
A49: Ponderación | B49: 0
A50: Tiempo Aproximado | B50: 0
A51: Coloca el tiempo que usar en la actividad, un tiempo sugerido 30 minutos
A52: Descripcion de la Actividad
A53: Ejemplo práctico sobre el contenido impartido de la sesión, mejorando el código del ejemplo de la sesión anterior.
A57: Actividad 2 (Optativa puedes hacerla si lo consideras apropiado)
A58: Competencia que predomina en la actividad
A59: Tipo de Actividad
A60: Ponderación
A61: Tiempo Aproximado
A62: Coloca el tiempo que usar en la actividad, un tiempo sugerido 20 minutos
A63: Descripcion de la Actividad
A68: 3. Cierre | G68: Tiempo Aproximado | H68: 12
G69: Tiene que estar en un rango de 10 a 15 minutos
A70: Tiempo Aproximado | B70: 12
A71: Asignacion de Actividades
A72: Resolución de dudas de la calse y primer proyecto.
A74: Resuelve alguna duda, asigna las actividades que deben realizar, dudas de proyectos, etc

Sheet S.8
B2: Diseño de la Sesión de Laboratorio
B4: Curso | C4: ='Diseño'!C4 -> 781 - Organización de Lenguajes y Compiladores 2
B5: Semana | C5: 8
B6: Tiempo | C6: =H10+H21+H44+H68 -> 100
B7: Ponderación | C7: =B49+B60 -> 0
B8: Validación de Tiempo | C8: =IF(H44<=0, "❌ ERROR: La Actividad 1 debe tener un tiempo mayor a 0.", IF(H21>60, "❌ ERROR: El 'Área de Conocimiento' no puede exceder los 60 min.", IF((H10+H21+H44+H68)<100, "❌ ERROR: El tiempo total debe ser de al menos 100 min.", "✅ VALIDACIÓN CORRECTA"))) -> ✅ VALIDACIÓN CORRECTA
A10: 1. Área Actitudinal (Saber Ser) | G10: Tiempo Aproximado | H10: =B13 -> 5
G11: Tiene que estar en un rango de 3 a 5 minutos
A12: Nombre del Valor | B12: Responsabilidad computacional
A13: Tiempo Aproximado | B13: 5
A14: Descripcion
A15: El uso correcto de las tablas de símbolos ayudan a la eficiencia del programa
A17: Como se relaciona con los conocimientos de la sesion y se aplicaria
A21: 2. Área Conocimiento (Saber) | G21: Tiempo Aproximado | H21: =D39+D40+D41+D42 -> 60
G22: No puede exceder los 60 minutos
A23: Competencia a desarrollar | B23: El estudiante genera código de bajo nivel y ensamblador a partir de plantillas de generación y asignación de registros considerando convenciones de llamada y optimización de registros
A24: Competencia a desarrollar
A26: 2.1 Contenido
A27: No. | B27: Unidad | D27: Tema | F27: Sub Tema
A28: 1 | B28: =IFERROR(__xludf.DUMMYFUNCTION("FILTER('Diseño'!D:D,'Diseño'!H:H=$C$5)"),3.0) -> 3 | D28: =IFERROR(__xludf.DUMMYFUNCTION("FILTER('Diseño'!E:E,'Diseño'!H:H=$C$5)"),"Entornos, variables globales y locales en un compilador") -> Entornos, variables globales y locales en un compilador | F28: =IFERROR(__xludf.DUMMYFUNCTION("FILTER('Diseño'!F:F,'Diseño'!H:H=$C$5)"),"Tabla de simbolos") -> Tabla de simbolos
A29: 2 | B29: =IFERROR(__xludf.DUMMYFUNCTION("""COMPUTED_VALUE"""),3.0) -> 3 | D29: =IFERROR(__xludf.DUMMYFUNCTION("""COMPUTED_VALUE"""),"Entornos, variables globales y locales en un compilador") -> Entornos, variables globales y locales en un compilador | F29: =IFERROR(__xludf.DUMMYFUNCTION("""COMPUTED_VALUE"""),"Manejo del stack para variables locales") -> Manejo del stack para variables locales
A30: 3 | B30: =IFERROR(__xludf.DUMMYFUNCTION("""COMPUTED_VALUE"""),3.0) -> 3 | D30: =IFERROR(__xludf.DUMMYFUNCTION("""COMPUTED_VALUE"""),"Entornos, variables globales y locales en un compilador") -> Entornos, variables globales y locales en un compilador | F30: =IFERROR(__xludf.DUMMYFUNCTION("""COMPUTED_VALUE"""),"Resolucion de variables") -> Resolucion de variables
A31: 4 | B31: =IFERROR(__xludf.DUMMYFUNCTION("""COMPUTED_VALUE"""),3.0) -> 3 | D31: =IFERROR(__xludf.DUMMYFUNCTION("""COMPUTED_VALUE"""),"Traducción de estructuras de control en un compilador") -> Traducción de estructuras de control en un compilador | F31: =IFERROR(__xludf.DUMMYFUNCTION("""COMPUTED_VALUE"""),"Etiquetas") -> Etiquetas
A32: 5 | B32: =IFERROR(__xludf.DUMMYFUNCTION("""COMPUTED_VALUE"""),3.0) -> 3 | D32: =IFERROR(__xludf.DUMMYFUNCTION("""COMPUTED_VALUE"""),"Traducción de estructuras de control en un compilador") -> Traducción de estructuras de control en un compilador | F32: =IFERROR(__xludf.DUMMYFUNCTION("""COMPUTED_VALUE"""),"Saltos condicionales") -> Saltos condicionales
A33: 6 | B33: =IFERROR(__xludf.DUMMYFUNCTION("""COMPUTED_VALUE"""),3.0) -> 3 | D33: =IFERROR(__xludf.DUMMYFUNCTION("""COMPUTED_VALUE"""),"Traducción de estructuras de control en un compilador") -> Traducción de estructuras de control en un compilador | F33: =IFERROR(__xludf.DUMMYFUNCTION("""COMPUTED_VALUE"""),"Saltos incondicionales") -> Saltos incondicionales
A34: 7
A36: 2.2 Recursos Educativos
A38: Tipo de Recurso a utilizar | B38: Tipo | C38: Rango Aproximando | D38: Tiempo Aproximado
A39: Presentacion | B39: Obligatorio | D39: 24
A40: Video | B40: Obligatorio | C40: 3 a 6 minutos | D40: 6
A41: Lectura | B41: Optativo
A42: Ejercicio Demostrativo | B42: Obligatorio | D42: 30
A44: 3. Área de Habilidades (Saber Hacer) | G44: Tiempo Aproximado | H44: =B50+B61 -> 25
G45: Tiene que estar en un rango de 30 a 50 minutos
A46: Actividad 1 (Obligatoria)
A47: Competencia que predomina en la actividad | B47: El estudiante genera código de bajo nivel y ensamblador a partir de plantillas de generación y asignación de registros considerando convenciones de llamada y optimización de registros
A48: Tipo de Actividad | B48: Ejercicio practico
A49: Ponderación | B49: 0
A50: Tiempo Aproximado | B50: 25
A51: Coloca el tiempo que usar en la actividad, un tiempo sugerido 30 minutos
A52: Descripcion de la Actividad
A53: Generacion de codigo de 3 direcciones.
A57: Actividad 2 (Optativa puedes hacerla si lo consideras apropiado)
A58: Competencia que predomina en la actividad
A59: Tipo de Actividad
A60: Ponderación
A61: Tiempo Aproximado
A62: Coloca el tiempo que usar en la actividad, un tiempo sugerido 20 minutos
A63: Descripcion de la Actividad
A68: 3. Cierre | G68: Tiempo Aproximado | H68: =B70 -> 10
G69: Tiene que estar en un rango de 10 a 15 minutos
A70: Tiempo Aproximado | B70: 10
A71: Asignacion de Actividades
A72: Resolucion de dudas
A74: Resuelve alguna duda, asigna las actividades que deben realizar, dudas de proyectos, etc

Sheet S.9
B2: Diseño de la Sesión de Laboratorio
B4: Curso | C4: ='Diseño'!C4 -> 781 - Organización de Lenguajes y Compiladores 2
B5: Semana | C5: 9
B6: Tiempo | C6: =H10+H21+H44+H68 -> 100
B7: Ponderación | C7: =B49+B60 -> 0
B8: Validación de Tiempo | C8: =IF(H44<=0, "❌ ERROR: La Actividad 1 debe tener un tiempo mayor a 0.", IF(H21>60, "❌ ERROR: El 'Área de Conocimiento' no puede exceder los 60 min.", IF((H10+H21+H44+H68)<100, "❌ ERROR: El tiempo total debe ser de al menos 100 min.", "✅ VALIDACIÓN CORRECTA"))) -> ✅ VALIDACIÓN CORRECTA
A10: 1. Área Actitudinal (Saber Ser) | G10: Tiempo Aproximado | H10: =B13 -> 5
G11: Tiene que estar en un rango de 3 a 5 minutos
A12: Nombre del Valor | B12: Rigor técnico
A13: Tiempo Aproximado | B13: 5
A14: Descripcion
A15: La traducción de funciones e instrucciones ocupa la mayor parte de complejidad en un compilador por lo que mejora su uso
A17: Como se relaciona con los conocimientos de la sesion y se aplicaria
A21: 2. Área Conocimiento (Saber) | G21: Tiempo Aproximado | H21: =D39+D40+D41+D42 -> 60
G22: No puede exceder los 60 minutos
A23: Competencia a desarrollar | B23: El estudiante genera código de bajo nivel y ensamblador a partir de plantillas de generación y asignación de registros considerando convenciones de llamada y optimización de registros
A24: Competencia a desarrollar
A26: 2.1 Contenido
A27: No. | B27: Unidad | D27: Tema | F27: Sub Tema
A28: 1 | B28: =IFERROR(__xludf.DUMMYFUNCTION("FILTER('Diseño'!D:D,'Diseño'!H:H=$C$5)"),3.0) -> 3 | D28: =IFERROR(__xludf.DUMMYFUNCTION("FILTER('Diseño'!E:E,'Diseño'!H:H=$C$5)"),"Traducción de funciones de primera clase en un compilador") -> Traducción de funciones de primera clase en un compilador | F28: =IFERROR(__xludf.DUMMYFUNCTION("FILTER('Diseño'!F:F,'Diseño'!H:H=$C$5)"),"Paso de argumentos") -> Paso de argumentos
A29: 2 | B29: =IFERROR(__xludf.DUMMYFUNCTION("""COMPUTED_VALUE"""),3.0) -> 3 | D29: =IFERROR(__xludf.DUMMYFUNCTION("""COMPUTED_VALUE"""),"Traducción de funciones de primera clase en un compilador") -> Traducción de funciones de primera clase en un compilador | F29: =IFERROR(__xludf.DUMMYFUNCTION("""COMPUTED_VALUE"""),"Call Frames") -> Call Frames
A30: 3 | B30: =IFERROR(__xludf.DUMMYFUNCTION("""COMPUTED_VALUE"""),3.0) -> 3 | D30: =IFERROR(__xludf.DUMMYFUNCTION("""COMPUTED_VALUE"""),"Traducción de funciones de primera clase en un compilador") -> Traducción de funciones de primera clase en un compilador | F30: =IFERROR(__xludf.DUMMYFUNCTION("""COMPUTED_VALUE"""),"Valores de retorno") -> Valores de retorno
A31: 4 | B31: =IFERROR(__xludf.DUMMYFUNCTION("""COMPUTED_VALUE"""),3.0) -> 3 | D31: =IFERROR(__xludf.DUMMYFUNCTION("""COMPUTED_VALUE"""),"Programación orientada a objetos en un compilador") -> Programación orientada a objetos en un compilador | F31: =IFERROR(__xludf.DUMMYFUNCTION("""COMPUTED_VALUE"""),"Propiedades") -> Propiedades
A32: 5
A33: 6
A34: 7
A36: 2.2 Recursos Educativos
A38: Tipo de Recurso a utilizar | B38: Tipo | C38: Rango Aproximando | D38: Tiempo Aproximado
A39: Presentacion | B39: Obligatorio | D39: 24
A40: Video | B40: Obligatorio | C40: 3 a 6 minutos | D40: 6
A41: Lectura | B41: Optativo
A42: Ejercicio Demostrativo | B42: Obligatorio | D42: 30
A44: 3. Área de Habilidades (Saber Hacer) | G44: Tiempo Aproximado | H44: =B50+B61 -> 25
G45: Tiene que estar en un rango de 30 a 50 minutos
A46: Actividad 1 (Obligatoria)
A47: Competencia que predomina en la actividad | B47: El estudiante genera código de bajo nivel y ensamblador a partir de plantillas de generación y asignación de registros considerando convenciones de llamada y optimización de registros
A48: Tipo de Actividad | B48: Ejercicio practico
A49: Ponderación | B49: 0
A50: Tiempo Aproximado | B50: 25
A51: Coloca el tiempo que usar en la actividad, un tiempo sugerido 30 minutos
A52: Descripcion de la Actividad
A53: Generacion de codigo de 3 direcciones.
A57: Actividad 2 (Optativa puedes hacerla si lo consideras apropiado)
A58: Competencia que predomina en la actividad
A59: Tipo de Actividad
A60: Ponderación
A61: Tiempo Aproximado
A62: Coloca el tiempo que usar en la actividad, un tiempo sugerido 20 minutos
A63: Descripcion de la Actividad
A68: 3. Cierre | G68: Tiempo Aproximado | H68: =B70 -> 10
G69: Tiene que estar en un rango de 10 a 15 minutos
A70: Tiempo Aproximado | B70: 10
A71: Asignacion de Actividades
A72: Resolucion de dudas
A74: Resuelve alguna duda, asigna las actividades que deben realizar, dudas de proyectos, etc

Sheet S.10
B2: Diseño de la Sesión de Laboratorio
B4: Curso | C4: ='Diseño'!C4 -> 781 - Organización de Lenguajes y Compiladores 2
B5: Semana | C5: 10
B6: Tiempo | C6: =H10+H21+H44+H68 -> 100
B7: Ponderación | C7: =B49+B60 -> 0
B8: Validación de Tiempo | C8: =IF(H44<=0, "❌ ERROR: La Actividad 1 debe tener un tiempo mayor a 0.", IF(H21>60, "❌ ERROR: El 'Área de Conocimiento' no puede exceder los 60 min.", IF((H10+H21+H44+H68)<100, "❌ ERROR: El tiempo total debe ser de al menos 100 min.", "✅ VALIDACIÓN CORRECTA"))) -> ✅ VALIDACIÓN CORRECTA
A10: 1. Área Actitudinal (Saber Ser) | G10: Tiempo Aproximado | H10: =B13 -> 5
G11: Tiene que estar en un rango de 3 a 5 minutos
A12: Nombre del Valor | B12: Responsabilidad computacional
A13: Tiempo Aproximado | B13: 5
A14: Descripcion
A15: El uso de la memoria permite que los programas generados por el compilador tengan un rendimiento adecuado
A17: Como se relaciona con los conocimientos de la sesion y se aplicaria
A21: 2. Área Conocimiento (Saber) | G21: Tiempo Aproximado | H21: =D39+D40+D41+D42 -> 60
G22: No puede exceder los 60 minutos
A23: Competencia a desarrollar
A24: Competencia a desarrollar
A26: 2.1 Contenido
A27: No. | B27: Unidad | D27: Tema | F27: Sub Tema
A28: 1 | B28: 3 | D28: Programación orientada a objetos en un compilador | F28: Métodos
A29: 2 | B29: 3 | D29: Programación orientada a objetos en un compilador | F29: Manejo de heap
A30: 3 | B30: 3 | D30: Optimización de código | F30: Eliminación de código muerto
A31: 4 | B31: 3 | D31: Optimización de código | F31: Propagación de constantes
A32: 5
A33: 6
A34: 7
A36: 2.2 Recursos Educativos
A38: Tipo de Recurso a utilizar | B38: Tipo | C38: Rango Aproximando | D38: Tiempo Aproximado
A39: Presentacion | B39: Obligatorio | D39: 24
A40: Video | B40: Obligatorio | C40: 3 a 6 minutos | D40: 6
A41: Lectura | B41: Optativo
A42: Ejercicio Demostrativo | B42: Obligatorio | D42: 30
A44: 3. Área de Habilidades (Saber Hacer) | G44: Tiempo Aproximado | H44: =B50+B61 -> 25
G45: Tiene que estar en un rango de 30 a 50 minutos
A46: Actividad 1 (Obligatoria)
A47: Competencia que predomina en la actividad | B47: El estudiante genera código de bajo nivel y ensamblador a partir de plantillas de generación y asignación de registros considerando convenciones de llamada y optimización de registros
A48: Tipo de Actividad | B48: Ejercicio practico
A49: Ponderación | B49: 0
A50: Tiempo Aproximado | B50: 25
A51: Coloca el tiempo que usar en la actividad, un tiempo sugerido 30 minutos
A52: Descripcion de la Actividad
A53: Generacion de codigo de 3 direcciones.
A57: Actividad 2 (Optativa puedes hacerla si lo consideras apropiado)
A58: Competencia que predomina en la actividad
A59: Tipo de Actividad
A60: Ponderación
A61: Tiempo Aproximado
A62: Coloca el tiempo que usar en la actividad, un tiempo sugerido 20 minutos
A63: Descripcion de la Actividad
A68: 3. Cierre | G68: Tiempo Aproximado | H68: =B70 -> 10
G69: Tiene que estar en un rango de 10 a 15 minutos
A70: Tiempo Aproximado | B70: 10
A71: Asignacion de Actividades
A72: Resolucion de dudas
A74: Resuelve alguna duda, asigna las actividades que deben realizar, dudas de proyectos, etc

Sheet S.11
B2: Diseño de la Sesión de Laboratorio
B4: Curso | C4: ='Diseño'!C4 -> 781 - Organización de Lenguajes y Compiladores 2
B5: Semana | C5: 11
B6: Tiempo | C6: =H10+H21+H44+H68 -> 100
B7: Ponderación | C7: =B49+B60 -> 0
B8: Validación de Tiempo | C8: =IF(H44<=0, "❌ ERROR: La Actividad 1 debe tener un tiempo mayor a 0.", IF(H21>60, "❌ ERROR: El 'Área de Conocimiento' no puede exceder los 60 min.", IF((H10+H21+H44+H68)<100, "❌ ERROR: El tiempo total debe ser de al menos 100 min.", "✅ VALIDACIÓN CORRECTA"))) -> ✅ VALIDACIÓN CORRECTA
A10: 1. Área Actitudinal (Saber Ser) | G10: Tiempo Aproximado | H10: =B13 -> 5
G11: Tiene que estar en un rango de 3 a 5 minutos
A12: Nombre del Valor | B12: Precisión
A13: Tiempo Aproximado | B13: 5
A14: Descripcion
A15: La optimización es el paso que nos permite corregir aquello generado en el proceso de compilación lo que permite que el resultado final siempre sea óptimo
A17: Como se relaciona con los conocimientos de la sesion y se aplicaria
A21: 2. Área Conocimiento (Saber) | G21: Tiempo Aproximado | H21: =D39+D40+D41+D42 -> 60
G22: No puede exceder los 60 minutos
A23: Competencia a desarrollar | B23: El estudiante genera código de bajo nivel y ensamblador a partir de plantillas de generación y asignación de registros considerando convenciones de llamada y optimización de registros
A24: Competencia a desarrollar
A26: 2.1 Contenido
A27: No. | B27: Unidad | D27: Tema | F27: Sub Tema
A28: 1 | B28: =IFERROR(__xludf.DUMMYFUNCTION("FILTER('Diseño'!D:D,'Diseño'!H:H=$C$5)"),3.0) -> 3 | D28: =IFERROR(__xludf.DUMMYFUNCTION("FILTER('Diseño'!E:E,'Diseño'!H:H=$C$5)"),"Programación orientada a objetos en un compilador") -> Programación orientada a objetos en un compilador | F28: =IFERROR(__xludf.DUMMYFUNCTION("FILTER('Diseño'!F:F,'Diseño'!H:H=$C$5)"),"Métodos") -> Métodos
A29: 2 | B29: =IFERROR(__xludf.DUMMYFUNCTION("""COMPUTED_VALUE"""),3.0) -> 3 | D29: =IFERROR(__xludf.DUMMYFUNCTION("""COMPUTED_VALUE"""),"Programación orientada a objetos en un compilador") -> Programación orientada a objetos en un compilador | F29: =IFERROR(__xludf.DUMMYFUNCTION("""COMPUTED_VALUE"""),"Manejo del heap") -> Manejo del heap
A30: 3 | B30: =IFERROR(__xludf.DUMMYFUNCTION("""COMPUTED_VALUE"""),4.0) -> 4 | D30: =IFERROR(__xludf.DUMMYFUNCTION("""COMPUTED_VALUE"""),"Optimización de código") -> Optimización de código | F30: =IFERROR(__xludf.DUMMYFUNCTION("""COMPUTED_VALUE"""),"Eliminación de código muerto") -> Eliminación de código muerto
A31: 4 | B31: =IFERROR(__xludf.DUMMYFUNCTION("""COMPUTED_VALUE"""),4.0) -> 4 | D31: =IFERROR(__xludf.DUMMYFUNCTION("""COMPUTED_VALUE"""),"Optimización de código") -> Optimización de código | F31: =IFERROR(__xludf.DUMMYFUNCTION("""COMPUTED_VALUE"""),"Propagación de constantes") -> Propagación de constantes
A32: 5 | B32: =IFERROR(__xludf.DUMMYFUNCTION("""COMPUTED_VALUE"""),4.0) -> 4 | D32: =IFERROR(__xludf.DUMMYFUNCTION("""COMPUTED_VALUE"""),"Optimización de código") -> Optimización de código | F32: =IFERROR(__xludf.DUMMYFUNCTION("""COMPUTED_VALUE"""),"Optmización de bucles") -> Optmización de bucles
A33: 6 | B33: =IFERROR(__xludf.DUMMYFUNCTION("""COMPUTED_VALUE"""),4.0) -> 4 | D33: =IFERROR(__xludf.DUMMYFUNCTION("""COMPUTED_VALUE"""),"Optimización de código") -> Optimización de código | F33: =IFERROR(__xludf.DUMMYFUNCTION("""COMPUTED_VALUE"""),"Simplificación Algebraica") -> Simplificación Algebraica
A34: 7 | B34: =IFERROR(__xludf.DUMMYFUNCTION("""COMPUTED_VALUE"""),4.0) -> 4 | D34: =IFERROR(__xludf.DUMMYFUNCTION("""COMPUTED_VALUE"""),"Optimización de código") -> Optimización de código | F34: =IFERROR(__xludf.DUMMYFUNCTION("""COMPUTED_VALUE"""),"Optimización de saltos condicionales") -> Optimización de saltos condicionales
B35: =IFERROR(__xludf.DUMMYFUNCTION("""COMPUTED_VALUE"""),4.0) -> 4 | D35: =IFERROR(__xludf.DUMMYFUNCTION("""COMPUTED_VALUE"""),"Recolección de basura") -> Recolección de basura | F35: =IFERROR(__xludf.DUMMYFUNCTION("""COMPUTED_VALUE"""),"Garbage Collection") -> Garbage Collection
A36: 2.2 Recursos Educativos | B36: =IFERROR(__xludf.DUMMYFUNCTION("""COMPUTED_VALUE"""),4.0) -> 4 | D36: =IFERROR(__xludf.DUMMYFUNCTION("""COMPUTED_VALUE"""),"Recolección de basura") -> Recolección de basura | F36: =IFERROR(__xludf.DUMMYFUNCTION("""COMPUTED_VALUE"""),"Memory Leaks") -> Memory Leaks
A38: Tipo de Recurso a utilizar | B38: Tipo | C38: Rango Aproximando | D38: Tiempo Aproximado
A39: Presentacion | B39: Obligatorio | D39: 24
A40: Video | B40: Obligatorio | C40: 3 a 6 minutos | D40: 6
A41: Lectura | B41: Optativo
A42: Ejercicio Demostrativo | B42: Obligatorio | D42: 30
A44: 3. Área de Habilidades (Saber Hacer) | G44: Tiempo Aproximado | H44: =B50+B61 -> 25
G45: Tiene que estar en un rango de 30 a 50 minutos
A46: Actividad 1 (Obligatoria)
A47: Competencia que predomina en la actividad | B47: El estudiante genera código de bajo nivel y ensamblador a partir de plantillas de generación y asignación de registros considerando convenciones de llamada y optimización de registros
A48: Tipo de Actividad | B48: Ejercicio practico
A49: Ponderación | B49: 0
A50: Tiempo Aproximado | B50: 25
A51: Coloca el tiempo que usar en la actividad, un tiempo sugerido 30 minutos
A52: Descripcion de la Actividad
A53: Generacion de codigo de 3 direcciones.
A57: Actividad 2 (Optativa puedes hacerla si lo consideras apropiado)
A58: Competencia que predomina en la actividad
A59: Tipo de Actividad
A60: Ponderación
A61: Tiempo Aproximado
A62: Coloca el tiempo que usar en la actividad, un tiempo sugerido 20 minutos
A63: Descripcion de la Actividad
A68: 3. Cierre | G68: Tiempo Aproximado | H68: =B70 -> 10
G69: Tiene que estar en un rango de 10 a 15 minutos
A70: Tiempo Aproximado | B70: 10
A71: Asignacion de Actividades
A72: Resolucion de dudas
A74: Resuelve alguna duda, asigna las actividades que deben realizar, dudas de proyectos, etc

Sheet Proyectos
B2: Proyectos
B4: Curso | C4: ='Diseño'!C4 -> 781 - Organización de Lenguajes y Compiladores 2
B5: Tiempo | C5: =H9+H26+H43 -> 80
B6: Ponderación | C6: =F9+F26+F43 -> 90
B7: La sumatoria de los puntos de los proyectos debe superar el 70% del total de la nota, no puede ser un 100%
A9: 1. Primer Proyecto | E9: Ponderación | F9: 35 | G9: Horas para realizarlo | H9: 35
A10: Obligatorio
A11: Competencia a desarrollar | B11: El estudiante comprende las fases de un compilador a través de diagramas de flujo y modelos teóricos con ejemplos de compilación real en lenguajes como C, Go o Java.
A12: Competencia a desarrollar | B12: El estudiante evalúa el desempeño de cada fase del compilador a través de métricas de tiempo y uso de memoria para comparar implementaciones como GCC vs. Clang
A13: Competencia a desarrollar | B13: El estudiante utiliza herramientas generadoras de lexers y parsers tales como Flex, Bison y ANTLR en proyectos de análisis léxico y sintáctico
A14: Titulo | B14: Golampi Interpreter
A15: Qué tecnologías, lenguajes de programación, plataformas, hardware o software se utilizaran
A16: PHP LIME Linux
A19: Descripción de lo que se realizara
A20: Implementación de análisis lexico, semantico y sintactico para la elaboración de un intérprete.
A26: 2. Segundo Proyecto | E26: Ponderación | F26: 55 | G26: Horas para realizarlo | H26: 45
A27: Obligatorio
A28: Competencia a desarrollar | B28: El estudiante comprende las fases de un compilador a través de diagramas de flujo y modelos teóricos con ejemplos de compilación real en lenguajes como C, Go o Java.
A29: Competencia a desarrollar | B29: El estudiante aplica técnicas de optimización de código como optimización local y global para reducir tamaño de código y mejorar rendimiento
A30: Competencia a desarrollar | B30: El estudiante genera código de bajo nivel y ensamblador a partir de plantillas de generación y asignación de registros considerando convenciones de llamada y optimización de registros
A31: Titulo | B31: Golampi Compiler
A32: Qué tecnologías, lenguajes de programación, plataformas, hardware o software se utilizaran
A33: Lenguaje ensamblador. Qemu.
A36: Descripción de lo que se realizara
A37: Generacion de lenguaje a bajo nivel sobre las instrucciones realizadas en el primer proyecto, eliminando ciertas secciones del proyecto 1.
A43: 3. Tercer Proyecto | E43: Ponderación | G43: Horas para realizarlo
A44: Optativa
A45: Competencia a desarrollar
A46: Competencia a desarrollar
A47: Competencia a desarrollar
A48: Titulo
A49: Qué tecnologías, lenguajes de programación, plataformas, hardware o software se utilizaran
A53: Descripción de lo que se realizara

Sheet Practicas
B2: Practicas
B4: Curso | C4: ='Diseño'!C4 -> 781 - Organización de Lenguajes y Compiladores 2
B5: Tiempo | C5: =H9+H26+H43+H60+H77+H94+H111 -> 4
B6: Ponderación | C6: =F9+F26+F43+F60+F77+F94+F111 -> 4
B7: La sumatoria de los puntos de los practicas debe no debe super el 20%
A9: 1. Primera Practica | E9: Ponderación | F9: 1 | G9: Horas para realizarlo | H9: 1
A10: Obligatoria
A11: Competencia a desarrollar | B11: El estudiante comprende las fases de un compilador a través de diagramas de flujo y modelos teóricos con ejemplos de compilación real en lenguajes como C, Go o Java.
A12: Competencia a desarrollar | B12: El estudiante explica la eliminación de recursión por la izquierda con ejemplos paso a paso para preparar gramáticas para análisis sintáctico
A13: Competencia a desarrollar | B13: El estudiante utiliza herramientas generadoras de lexers y parsers tales como Flex, Bison y ANTLR en proyectos de análisis léxico y sintáctico
A14: Titulo
A15: Qué tecnologías, lenguajes de programación, plataformas, hardware o software se utilizaran
A19: Descripción de lo que se realizara
A20: Diseñar un analizador que reconozca literales de números binarios con parte entera y fraccionaria, usando dígitos {0,1} y un único punto .. El esquema de traducción debe calcular, su equivalente en base decimal
A26: 2. Segunda Practica | E26: Ponderación | F26: 1 | G26: Horas para realizarlo | H26: 1
A27: Optativa
A28: Competencia a desarrollar | B28: El estudiante comprende las fases de un compilador a través de diagramas de flujo y modelos teóricos con ejemplos de compilación real en lenguajes como C, Go o Java.
A29: Competencia a desarrollar
A30: Competencia a desarrollar
A31: Titulo
A32: Qué tecnologías, lenguajes de programación, plataformas, hardware o software se utilizaran
A36: Descripción de lo que se realizara
A37: Dado una entrada de declaraciones de variables con su tipo, propagar el tipo correspondiente a cada identificador usando atributos heredados, al final de la evaluación, una lista de pares (ID, Type) que representa todas las declaraciones del bloque.
A43: 3. Tercera Practica | E43: Ponderación | F43: 1 | G43: Horas para realizarlo | H43: 1
A44: Optativa
A45: Competencia a desarrollar | B45: El estudiante analiza representaciones intermedias de código mediante código de tres direcciones para identificar oportunidades de optimización
A46: Competencia a desarrollar
A47: Competencia a desarrollar
A48: Titulo
A49: Qué tecnologías, lenguajes de programación, plataformas, hardware o software se utilizaran
A53: Descripción de lo que se realizara
A54: Usando la herramienta, construir un traductor para un mini-lenguaje que soporte if/else y expresiones booleanas (&&, ||, !, relacionales). La salida debe ser C3D con corto-circuito.
A60: 4. Cuarta Practica | E60: Ponderación | F60: 1 | G60: Horas para realizarlo | H60: 1
A61: Optativa
A62: Competencia a desarrollar | B62: El estudiante analiza representaciones intermedias de código mediante código de tres direcciones para identificar oportunidades de optimización
A63: Competencia a desarrollar
A64: Competencia a desarrollar
A65: Titulo
A66: Qué tecnologías, lenguajes de programación, plataformas, hardware o software se utilizaran
A70: Descripción de lo que se realizara
A71: Usando la herramienta, construir un traductor para un mini-lenguaje que soporte while, con break y continue, y expresiones booleanas (&&, ||, !, relacionales) con corto-circuito. La salida debe ser C3D
A77: 5. Quinta Practica | E77: Ponderación | G77: Horas para realizarlo
A78: Optativa
A79: Competencia a desarrollar
A80: Competencia a desarrollar
A81: Competencia a desarrollar
A82: Titulo
A83: Qué tecnologías, lenguajes de programación, plataformas, hardware o software se utilizaran
A87: Descripción de lo que se realizara
A94: 6. Sexta Practica | E94: Ponderación | G94: Horas para realizarlo
A95: Optativa
A96: Competencia a desarrollar
A97: Competencia a desarrollar
A98: Competencia a desarrollar
A99: Titulo
A100: Qué tecnologías, lenguajes de programación, plataformas, hardware o software se utilizaran
A104: Descripción de lo que se realizara
A111: 7. Septima Practica | E111: Ponderación | G111: Horas para realizarlo
A112: Optativa
A113: Competencia a desarrollar
A114: Competencia a desarrollar
A115: Competencia a desarrollar
A116: Titulo
A117: Qué tecnologías, lenguajes de programación, plataformas, hardware o software se utilizaran
A121: Descripción de lo que se realizara

Sheet Tareas
B2: Tareas
B4: Curso | C4: ='Diseño'!C4 -> 781 - Organización de Lenguajes y Compiladores 2
B5: Tiempo | C5: =H9+H26+H43+H60+H77+H94+H111 -> 33
B6: Ponderación | C6: =F9+F26+F43+F60+F77+F94+F111 -> 6
B7: La sumatoria de los puntos de los practicas debe no debe super el 20% de la nota
A9: 1. Primera Tarea | E9: Ponderación | F9: 1 | G9: Horas para realizarlo | H9: 3
A10: Obligatoria
A11: Competencia a desarrollar | B11: El estudiante comprende las fases de un compilador a través de diagramas de flujo y modelos teóricos con ejemplos de compilación real en lenguajes como C, Go o Java.
A12: Competencia a desarrollar | B12: El estudiante evalúa el desempeño de cada fase del compilador a través de métricas de tiempo y uso de memoria para comparar implementaciones como GCC vs. Clang
A13: Competencia a desarrollar | B13: El estudiante utiliza herramientas generadoras de lexers y parsers tales como Flex, Bison y ANTLR en proyectos de análisis léxico y sintáctico
A14: Titulo
A15: Qué tecnologías, lenguajes de programación, plataformas, hardware o software se utilizaran
A19: Descripción de lo que se realizara
A20: Implementar una calculadora que lea expresiones como 12+3*4-5/2, genere tokens, construya un árbol de expresión y devuelva el resultado en consola. No se requiere generación de código ni manejo de errores complejo: el foco está en la cadena de procesamiento de léxico y sintaxis.
A26: 2. Segunda Tarea | E26: Ponderación | F26: 1 | G26: Horas para realizarlo | H26: 6
A27: Obligatoria
A28: Competencia a desarrollar | B28: El estudiante comprende las fases de un compilador a través de diagramas de flujo y modelos teóricos con ejemplos de compilación real en lenguajes como C, Go o Java.
A29: Competencia a desarrollar | B29: El estudiante evalúa el desempeño de cada fase del compilador a través de métricas de tiempo y uso de memoria para comparar implementaciones como GCC vs. Clang
A30: Competencia a desarrollar | B30: El estudiante utiliza herramientas generadoras de lexers y parsers tales como Flex, Bison y ANTLR en proyectos de análisis léxico y sintáctico
A31: Titulo | B31: Interpretador de Ciclos
A32: Qué tecnologías, lenguajes de programación, plataformas, hardware o software se utilizaran
A36: Descripción de lo que se realizara
A37: Crear un pequeño intérprete que maneje ciclos while y for con una sintaxis
A43: 3. Tercera Tarea | E43: Ponderación | F43: 1 | G43: Horas para realizarlo | H43: 10
A44: Optativa
A45: Competencia a desarrollar | B45: El estudiante comprende las fases de un compilador a través de diagramas de flujo y modelos teóricos con ejemplos de compilación real en lenguajes como C, Go o Java.
A46: Competencia a desarrollar | B46: El estudiante evalúa el desempeño de cada fase del compilador a través de métricas de tiempo y uso de memoria para comparar implementaciones como GCC vs. Clang
A47: Competencia a desarrollar | B47: El estudiante utiliza herramientas generadoras de lexers y parsers tales como Flex, Bison y ANTLR en proyectos de análisis léxico y sintáctico
A48: Titulo | B48: Creación de funciones en lenguaje de compilación
A49: Qué tecnologías, lenguajes de programación, plataformas, hardware o software se utilizaran
A53: Descripción de lo que se realizara
A54: Se debera de realizar una gramatica y un interprete la cual pueda leer y ejecutar funciones con y sin parámetros.
A60: 4. Cuarta Tarea | E60: Ponderación | F60: 1 | G60: Horas para realizarlo | H60: 5
A61: Optativa
A62: Competencia a desarrollar | B62: El estudiante aplica técnicas de optimización de código como optimización local y global para reducir tamaño de código y mejorar rendimiento
A63: Competencia a desarrollar | B63: El estudiante genera código de bajo nivel y ensamblador a partir de plantillas de generación y asignación de registros considerando convenciones de llamada y optimización de registros
A64: Competencia a desarrollar
A65: Titulo | B65: Creacion de instrucciones basica a bajo nivel
A66: Qué tecnologías, lenguajes de programación, plataformas, hardware o software se utilizaran
A70: Descripción de lo que se realizara
A71: Las instrucciones basicas que se realizaron en el proyecto 1, como lo son sumas, restas, multiplicacion y division se deberan de realizar ahora a un lenguaje de bajo nivel donde se genere un archivo con las instrucciones de bajo nivel para posteriormente este archivo ejecutarlo en un emulador de lenguaje ensamblador.
A77: 5. Quinta Tarea | E77: Ponderación | F77: 1 | G77: Horas para realizarlo | H77: 5
A78: Optativa
A79: Competencia a desarrollar | B79: El estudiante genera código de bajo nivel y ensamblador a partir de plantillas de generación y asignación de registros considerando convenciones de llamada y optimización de registros
A80: Competencia a desarrollar | B80: El estudiante aplica técnicas de optimización de código como optimización local y global para reducir tamaño de código y mejorar rendimiento
A81: Competencia a desarrollar
A82: Titulo
A83: Qué tecnologías, lenguajes de programación, plataformas, hardware o software se utilizaran
A87: Descripción de lo que se realizara
A94: 6. Sexta Tarea | E94: Ponderación | F94: 1 | G94: Horas para realizarlo | H94: 4
A95: Optativa
A96: Competencia a desarrollar | B96: El estudiante genera código de bajo nivel y ensamblador a partir de plantillas de generación y asignación de registros considerando convenciones de llamada y optimización de registros
A97: Competencia a desarrollar | B97: El estudiante utiliza herramientas generadoras de lexers y parsers tales como Flex, Bison y ANTLR en proyectos de análisis léxico y sintáctico
A98: Competencia a desarrollar
A99: Titulo | B99: Generar código de tres direcciones
A100: Qué tecnologías, lenguajes de programación, plataformas, hardware o software se utilizaran
A104: Descripción de lo que se realizara
A105: Basado en un grámatica para generar representación intermedia, adaptarla a la herramienta del proyecto y en base a una entrada generada por el estudiante, realizar un análisis al código de tres direcciones obtenido.
A111: 7. Septima Tarea | E111: Ponderación | G111: Horas para realizarlo
A112: Optativa
A113: Competencia a desarrollar
A114: Competencia a desarrollar
A115: Competencia a desarrollar
A116: Titulo
A117: Qué tecnologías, lenguajes de programación, plataformas, hardware o software se utilizaran
A121: Descripción de lo que se realizara

Sheet Resumen
B2: Resumen de Ponderacion y Horas para realizar las actividades
B4: Curso | C4: ='Diseño'!C4 -> 781 - Organización de Lenguajes y Compiladores 2
B5: Periodo al que aplica | C5: Primer Semestre 2026
B6: Total de Puntos del Laboratorio
A9: Actividades Formativas | D9: Proyectos
A10: Debe abarcar entre el 20% y 30% de la Nota | D10: Debe abarcar entre el 60% y 70% de la Nota
A12: Tipo de Actividad | B12: Ponderacion | C12: Horas Aproximadas para realizarlo | D12: Observaciones
A13: Actividades durante el peridodo de laboratorio | E13: Sumatoria de todas las semas
A14: Proyectos | B14: =Proyectos!C6 -> 90 | C14: =Proyectos!C5 -> 80
A15: Practicas | B15: =Practicas!C6 -> 4 | C15: =Practicas!C5 -> 4
A16: Tareas | B16: =Tareas!C6 -> 6 | C16: =Tareas!C5 -> 33
A17: Total | B17: =SUM(B13:B16) -> 100 | C17: =SUM(C13:C16) -> 117

Sheet METADATA
A1: =IFERROR(__xludf.DUMMYFUNCTION("IMPORTRANGE(""1j2lHEvOoZ_EPY086Qt7f7AFaZGVfiYKJxXlsnNfWCA0"",""Listado Cursos!H:L"")"),"Codigo-Nombre") -> Codigo-Nombre | B1: =IFERROR(__xludf.DUMMYFUNCTION("""COMPUTED_VALUE"""),"Diseño Curricular V01") -> Diseño Curricular V01 | C1: =IFERROR(__xludf.DUMMYFUNCTION("""COMPUTED_VALUE"""),"Analisis de Contexto V01") -> Analisis de Contexto V01 | D1: =IFERROR(__xludf.DUMMYFUNCTION("""COMPUTED_VALUE"""),"2_Analisis_Internacional_y_Local") -> 2_Analisis_Internacional_y_Local | E1: =IFERROR(__xludf.DUMMYFUNCTION("""COMPUTED_VALUE"""),"3_Diseño_Curricular") -> 3_Diseño_Curricular | H1: =IFERROR(__xludf.DUMMYFUNCTION("IMPORTRANGE(VLOOKUP('Diseño'!C4,A:E,4,FALSE), ""Competencias_1re_Sem_2026!B10:J23"")"),1.0) -> 1 | I1: =IFERROR(__xludf.DUMMYFUNCTION("""COMPUTED_VALUE"""),"General") -> General | J1: =IFERROR(__xludf.DUMMYFUNCTION("""COMPUTED_VALUE"""),"El estudiante comprende") -> El estudiante comprende | K1: =IFERROR(__xludf.DUMMYFUNCTION("""COMPUTED_VALUE"""),"las fases de un compilador") -> las fases de un compilador | M1: =IFERROR(__xludf.DUMMYFUNCTION("""COMPUTED_VALUE"""),"a través de diagramas de flujo y modelos teóricos") -> a través de diagramas de flujo y modelos teóricos | N1: =IFERROR(__xludf.DUMMYFUNCTION("""COMPUTED_VALUE"""),"con ejemplos de compilación real en lenguajes como C, Go o Java.") -> con ejemplos de compilación real en lenguajes como C, Go o Java. | P1: =IFERROR(__xludf.DUMMYFUNCTION("""COMPUTED_VALUE"""),"Comprender") -> Comprender
A2: =IFERROR(__xludf.DUMMYFUNCTION("""COMPUTED_VALUE"""),"17 - Área Social Humanística 1") -> 17 - Área Social Humanística 1 | I2: =IFERROR(__xludf.DUMMYFUNCTION("""COMPUTED_VALUE"""),"El estudiante comprende las fases de un compilador a través de diagramas de flujo y modelos teóricos con ejemplos de compilación real en lenguajes como C, Go o Java. ") -> El estudiante comprende las fases de un compilador a través de diagramas de flujo y modelos teóricos con ejemplos de compilación real en lenguajes como C, Go o Java.
A3: =IFERROR(__xludf.DUMMYFUNCTION("""COMPUTED_VALUE"""),"101 - Área Matemática Básica 1") -> 101 - Área Matemática Básica 1 | H3: =IFERROR(__xludf.DUMMYFUNCTION("""COMPUTED_VALUE"""),2.0) -> 2 | I3: =IFERROR(__xludf.DUMMYFUNCTION("""COMPUTED_VALUE"""),"Especifica") -> Especifica | J3: =IFERROR(__xludf.DUMMYFUNCTION("""COMPUTED_VALUE"""),"El estudiante evalúa") -> El estudiante evalúa | K3: =IFERROR(__xludf.DUMMYFUNCTION("""COMPUTED_VALUE"""),"el desempeño de cada fase del compilador") -> el desempeño de cada fase del compilador | M3: =IFERROR(__xludf.DUMMYFUNCTION("""COMPUTED_VALUE"""),"a través de métricas de tiempo y uso de memoria para") -> a través de métricas de tiempo y uso de memoria para | N3: =IFERROR(__xludf.DUMMYFUNCTION("""COMPUTED_VALUE"""),"comparar implementaciones como GCC vs. Clang") -> comparar implementaciones como GCC vs. Clang | P3: =IFERROR(__xludf.DUMMYFUNCTION("""COMPUTED_VALUE"""),"Evaluar") -> Evaluar
A4: =IFERROR(__xludf.DUMMYFUNCTION("""COMPUTED_VALUE"""),"5 - Técnicas de Estudio e Investigación") -> 5 - Técnicas de Estudio e Investigación | I4: =IFERROR(__xludf.DUMMYFUNCTION("""COMPUTED_VALUE"""),"El estudiante evalúa el desempeño de cada fase del compilador a través de métricas de tiempo y uso de memoria para comparar implementaciones como GCC vs. Clang ") -> El estudiante evalúa el desempeño de cada fase del compilador a través de métricas de tiempo y uso de memoria para comparar implementaciones como GCC vs. Clang
A5: =IFERROR(__xludf.DUMMYFUNCTION("""COMPUTED_VALUE"""),"39 - Deportes 1") -> 39 - Deportes 1 | H5: =IFERROR(__xludf.DUMMYFUNCTION("""COMPUTED_VALUE"""),3.0) -> 3 | I5: =IFERROR(__xludf.DUMMYFUNCTION("""COMPUTED_VALUE"""),"General") -> General | J5: =IFERROR(__xludf.DUMMYFUNCTION("""COMPUTED_VALUE"""),"El estudiante utiliza") -> El estudiante utiliza | K5: =IFERROR(__xludf.DUMMYFUNCTION("""COMPUTED_VALUE"""),"herramientas generadoras de lexers y parsers") -> herramientas generadoras de lexers y parsers | M5: =IFERROR(__xludf.DUMMYFUNCTION("""COMPUTED_VALUE"""),"tales como Flex, Bison y ANTLR en") -> tales como Flex, Bison y ANTLR en | N5: =IFERROR(__xludf.DUMMYFUNCTION("""COMPUTED_VALUE"""),"proyectos de análisis léxico y sintáctico") -> proyectos de análisis léxico y sintáctico | P5: =IFERROR(__xludf.DUMMYFUNCTION("""COMPUTED_VALUE"""),"Aplicar") -> Aplicar
A6: =IFERROR(__xludf.DUMMYFUNCTION("""COMPUTED_VALUE"""),"6 - Idioma Tecnico 1") -> 6 - Idioma Tecnico 1 | I6: =IFERROR(__xludf.DUMMYFUNCTION("""COMPUTED_VALUE"""),"El estudiante utiliza herramientas generadoras de lexers y parsers tales como Flex, Bison y ANTLR en proyectos de análisis léxico y sintáctico ") -> El estudiante utiliza herramientas generadoras de lexers y parsers tales como Flex, Bison y ANTLR en proyectos de análisis léxico y sintáctico
A7: =IFERROR(__xludf.DUMMYFUNCTION("""COMPUTED_VALUE"""),"19 - Área Social Humanística 2") -> 19 - Área Social Humanística 2 | H7: =IFERROR(__xludf.DUMMYFUNCTION("""COMPUTED_VALUE"""),4.0) -> 4 | I7: =IFERROR(__xludf.DUMMYFUNCTION("""COMPUTED_VALUE"""),"Especifica") -> Especifica | J7: =IFERROR(__xludf.DUMMYFUNCTION("""COMPUTED_VALUE"""),"El estudiante aplica") -> El estudiante aplica | K7: =IFERROR(__xludf.DUMMYFUNCTION("""COMPUTED_VALUE"""),"técnicas de optimización de código") -> técnicas de optimización de código | M7: =IFERROR(__xludf.DUMMYFUNCTION("""COMPUTED_VALUE"""),"como optimización local y global") -> como optimización local y global | N7: =IFERROR(__xludf.DUMMYFUNCTION("""COMPUTED_VALUE"""),"para reducir tamaño de código y mejorar rendimiento") -> para reducir tamaño de código y mejorar rendimiento | P7: =IFERROR(__xludf.DUMMYFUNCTION("""COMPUTED_VALUE"""),"Aplicar") -> Aplicar
A8: =IFERROR(__xludf.DUMMYFUNCTION("""COMPUTED_VALUE"""),"103 - Área Matemática Básica 2") -> 103 - Área Matemática Básica 2 | I8: =IFERROR(__xludf.DUMMYFUNCTION("""COMPUTED_VALUE"""),"El estudiante aplica técnicas de optimización de código como optimización local y global para reducir tamaño de código y mejorar rendimiento ") -> El estudiante aplica técnicas de optimización de código como optimización local y global para reducir tamaño de código y mejorar rendimiento
A9: =IFERROR(__xludf.DUMMYFUNCTION("""COMPUTED_VALUE"""),"960 - Matemática Para Computación 1") -> 960 - Matemática Para Computación 1 | H9: =IFERROR(__xludf.DUMMYFUNCTION("""COMPUTED_VALUE"""),5.0) -> 5 | I9: =IFERROR(__xludf.DUMMYFUNCTION("""COMPUTED_VALUE"""),"Especifica") -> Especifica | J9: =IFERROR(__xludf.DUMMYFUNCTION("""COMPUTED_VALUE"""),"El estudiante genera") -> El estudiante genera | K9: =IFERROR(__xludf.DUMMYFUNCTION("""COMPUTED_VALUE"""),"código de bajo nivel y ensamblador") -> código de bajo nivel y ensamblador | M9: =IFERROR(__xludf.DUMMYFUNCTION("""COMPUTED_VALUE"""),"a partir de plantillas de generación y asignación de registros considerando") -> a partir de plantillas de generación y asignación de registros considerando | N9: =IFERROR(__xludf.DUMMYFUNCTION("""COMPUTED_VALUE"""),"convenciones de llamada y optimización de registros") -> convenciones de llamada y optimización de registros | P9: =IFERROR(__xludf.DUMMYFUNCTION("""COMPUTED_VALUE"""),"Crear") -> Crear
A10: =IFERROR(__xludf.DUMMYFUNCTION("""COMPUTED_VALUE"""),"147 - Física Básica") -> 147 - Física Básica | I10: =IFERROR(__xludf.DUMMYFUNCTION("""COMPUTED_VALUE"""),"El estudiante genera código de bajo nivel y ensamblador a partir de plantillas de generación y asignación de registros considerando convenciones de llamada y optimización de registros ") -> El estudiante genera código de bajo nivel y ensamblador a partir de plantillas de generación y asignación de registros considerando convenciones de llamada y optimización de registros
A11: =IFERROR(__xludf.DUMMYFUNCTION("""COMPUTED_VALUE"""),"40 - Deportes 2") -> 40 - Deportes 2 | H11: =IFERROR(__xludf.DUMMYFUNCTION("""COMPUTED_VALUE"""),6.0) -> 6 | I11: =IFERROR(__xludf.DUMMYFUNCTION("""COMPUTED_VALUE"""),"Especifica") -> Especifica | J11: =IFERROR(__xludf.DUMMYFUNCTION("""COMPUTED_VALUE"""),"El estudiante analiza") -> El estudiante analiza | K11: =IFERROR(__xludf.DUMMYFUNCTION("""COMPUTED_VALUE"""),"representaciones intermedias de código") -> representaciones intermedias de código | M11: =IFERROR(__xludf.DUMMYFUNCTION("""COMPUTED_VALUE"""),"mediante código de tres direcciones") -> mediante código de tres direcciones | N11: =IFERROR(__xludf.DUMMYFUNCTION("""COMPUTED_VALUE"""),"para identificar oportunidades de optimización") -> para identificar oportunidades de optimización | P11: =IFERROR(__xludf.DUMMYFUNCTION("""COMPUTED_VALUE"""),"Analizar") -> Analizar
A12: =IFERROR(__xludf.DUMMYFUNCTION("""COMPUTED_VALUE"""),"8 - Idioma Técnico 2") -> 8 - Idioma Técnico 2 | I12: =IFERROR(__xludf.DUMMYFUNCTION("""COMPUTED_VALUE"""),"El estudiante analiza representaciones intermedias de código mediante código de tres direcciones para identificar oportunidades de optimización ") -> El estudiante analiza representaciones intermedias de código mediante código de tres direcciones para identificar oportunidades de optimización
A13: =IFERROR(__xludf.DUMMYFUNCTION("""COMPUTED_VALUE"""),"795 - Logica de Sitemas") -> 795 - Logica de Sitemas | B13: =IFERROR(__xludf.DUMMYFUNCTION("""COMPUTED_VALUE"""),"1tGblVNcAY7QU_u00ZUgf5GJjDZOK39vXt9FvZeMfPKg") -> 1tGblVNcAY7QU_u00ZUgf5GJjDZOK39vXt9FvZeMfPKg | C13: =IFERROR(__xludf.DUMMYFUNCTION("""COMPUTED_VALUE"""),"1olpUmnSmvTLYIIWFmjmPX_CYPTPOprpPEwh7xMvm2WM") -> 1olpUmnSmvTLYIIWFmjmPX_CYPTPOprpPEwh7xMvm2WM | D13: =IFERROR(__xludf.DUMMYFUNCTION("""COMPUTED_VALUE"""),"17agcDtIQgmVILM9RXVaUBYkv_J7pJleLEkxEkIyMJJM") -> 17agcDtIQgmVILM9RXVaUBYkv_J7pJleLEkxEkIyMJJM | E13: =IFERROR(__xludf.DUMMYFUNCTION("""COMPUTED_VALUE"""),"1w95w-5-FomsEx4h6E_6QIaFvwjWn3GpS") -> 1w95w-5-FomsEx4h6E_6QIaFvwjWn3GpS | H13: =IFERROR(__xludf.DUMMYFUNCTION("""COMPUTED_VALUE"""),7.0) -> 7 | I13: =IFERROR(__xludf.DUMMYFUNCTION("""COMPUTED_VALUE"""),"Especifica") -> Especifica | J13: =IFERROR(__xludf.DUMMYFUNCTION("""COMPUTED_VALUE"""),"El estudiante explica") -> El estudiante explica | K13: =IFERROR(__xludf.DUMMYFUNCTION("""COMPUTED_VALUE"""),"la eliminación de recursión por la izquierda") -> la eliminación de recursión por la izquierda | M13: =IFERROR(__xludf.DUMMYFUNCTION("""COMPUTED_VALUE"""),"con ejemplos paso a paso para") -> con ejemplos paso a paso para | N13: =IFERROR(__xludf.DUMMYFUNCTION("""COMPUTED_VALUE"""),"preparar gramáticas para análisis sintáctico") -> preparar gramáticas para análisis sintáctico | P13: =IFERROR(__xludf.DUMMYFUNCTION("""COMPUTED_VALUE"""),"Comprender") -> Comprender
A14: =IFERROR(__xludf.DUMMYFUNCTION("""COMPUTED_VALUE"""),"962 - Matemática Para Computación 2") -> 962 - Matemática Para Computación 2 | I14: =IFERROR(__xludf.DUMMYFUNCTION("""COMPUTED_VALUE"""),"El estudiante explica la eliminación de recursión por la izquierda con ejemplos paso a paso para preparar gramáticas para análisis sintáctico ") -> El estudiante explica la eliminación de recursión por la izquierda con ejemplos paso a paso para preparar gramáticas para análisis sintáctico
A15: =IFERROR(__xludf.DUMMYFUNCTION("""COMPUTED_VALUE"""),"770 - Introducción a ala programación y computación 1") -> 770 - Introducción a ala programación y computación 1 | B15: =IFERROR(__xludf.DUMMYFUNCTION("""COMPUTED_VALUE"""),"1hnCz3e7R539DMJA_6KBromYXyQWjR5cbX4eUFYyZB78") -> 1hnCz3e7R539DMJA_6KBromYXyQWjR5cbX4eUFYyZB78 | C15: =IFERROR(__xludf.DUMMYFUNCTION("""COMPUTED_VALUE"""),"13K0AQ2QyRJmkDL_B9YKTYVy3OKQyLCIBTe0sAqstrFI") -> 13K0AQ2QyRJmkDL_B9YKTYVy3OKQyLCIBTe0sAqstrFI | D15: =IFERROR(__xludf.DUMMYFUNCTION("""COMPUTED_VALUE"""),"1kT0U-6N_PfLXHZnMI7r4DBtAi8DedDHU4nlc6LJYNo0") -> 1kT0U-6N_PfLXHZnMI7r4DBtAi8DedDHU4nlc6LJYNo0 | E15: =IFERROR(__xludf.DUMMYFUNCTION("""COMPUTED_VALUE"""),"1ckY3kIc3clzV4xpXc56uv8KpfX4YxL-8") -> 1ckY3kIc3clzV4xpXc56uv8KpfX4YxL-8
A16: =IFERROR(__xludf.DUMMYFUNCTION("""COMPUTED_VALUE"""),"107 - Área Matemática Intermedia 1") -> 107 - Área Matemática Intermedia 1
A17: =IFERROR(__xludf.DUMMYFUNCTION("""COMPUTED_VALUE"""),"150 - Fisica 1") -> 150 - Fisica 1 | I17: =I2 -> El estudiante comprende las fases de un compilador a través de diagramas de flujo y modelos teóricos con ejemplos de compilación real en lenguajes como C, Go o Java.
A18: =IFERROR(__xludf.DUMMYFUNCTION("""COMPUTED_VALUE"""),"1 - Ética Profesional") -> 1 - Ética Profesional | I18: =I4 -> El estudiante evalúa el desempeño de cada fase del compilador a través de métricas de tiempo y uso de memoria para comparar implementaciones como GCC vs. Clang
A19: =IFERROR(__xludf.DUMMYFUNCTION("""COMPUTED_VALUE"""),"9 - Idioma Técnico 3") -> 9 - Idioma Técnico 3 | I19: =I6 -> El estudiante utiliza herramientas generadoras de lexers y parsers tales como Flex, Bison y ANTLR en proyectos de análisis léxico y sintáctico
A20: =IFERROR(__xludf.DUMMYFUNCTION("""COMPUTED_VALUE"""),"796 - Lenguajes Formales y de Programación") -> 796 - Lenguajes Formales y de Programación | B20: =IFERROR(__xludf.DUMMYFUNCTION("""COMPUTED_VALUE"""),"1-dPQ2ZCWWgBi4gyaV8KmnDWxF063I-zfJutKPMwJjrw") -> 1-dPQ2ZCWWgBi4gyaV8KmnDWxF063I-zfJutKPMwJjrw | C20: =IFERROR(__xludf.DUMMYFUNCTION("""COMPUTED_VALUE"""),"14p5IrzE6q20i9mtWRrbgJgIQTyfVIS4RiO1JbrFY3Ng") -> 14p5IrzE6q20i9mtWRrbgJgIQTyfVIS4RiO1JbrFY3Ng | D20: =IFERROR(__xludf.DUMMYFUNCTION("""COMPUTED_VALUE"""),"1AGg7thSM78QT3j-XZKX-5O8_jS800m3f69bnsKDL7lw") -> 1AGg7thSM78QT3j-XZKX-5O8_jS800m3f69bnsKDL7lw | E20: =IFERROR(__xludf.DUMMYFUNCTION("""COMPUTED_VALUE"""),"1OmnbU2f0aXljqhgz4fTmiAjtEt-JJYai") -> 1OmnbU2f0aXljqhgz4fTmiAjtEt-JJYai | I20: =I8 -> El estudiante aplica técnicas de optimización de código como optimización local y global para reducir tamaño de código y mejorar rendimiento
A21: =IFERROR(__xludf.DUMMYFUNCTION("""COMPUTED_VALUE"""),"771 - Introducción a la Programación y Computación 2") -> 771 - Introducción a la Programación y Computación 2 | B21: =IFERROR(__xludf.DUMMYFUNCTION("""COMPUTED_VALUE"""),"1__RmanO4MiKBpppCFzGzdDC2fWb5cD2m02xjOur_6nk") -> 1__RmanO4MiKBpppCFzGzdDC2fWb5cD2m02xjOur_6nk | C21: =IFERROR(__xludf.DUMMYFUNCTION("""COMPUTED_VALUE"""),"1hwyEeHtTnYmAXwVixwCmwcQ_1S6x1ID8qghxNj_2les") -> 1hwyEeHtTnYmAXwVixwCmwcQ_1S6x1ID8qghxNj_2les | D21: =IFERROR(__xludf.DUMMYFUNCTION("""COMPUTED_VALUE"""),"1u-w0HNCWqujufP7pN3mFHcpWgitZrec1rkML6inpQK4") -> 1u-w0HNCWqujufP7pN3mFHcpWgitZrec1rkML6inpQK4 | E21: =IFERROR(__xludf.DUMMYFUNCTION("""COMPUTED_VALUE"""),"1cHaBQxjzhcYUkXb4b-PtA5PT2axoYWIL") -> 1cHaBQxjzhcYUkXb4b-PtA5PT2axoYWIL | I21: =I10 -> El estudiante genera código de bajo nivel y ensamblador a partir de plantillas de generación y asignación de registros considerando convenciones de llamada y optimización de registros
A22: =IFERROR(__xludf.DUMMYFUNCTION("""COMPUTED_VALUE"""),"112 - Área Matemática Intermedia 2") -> 112 - Área Matemática Intermedia 2 | I22: =I12 -> El estudiante analiza representaciones intermedias de código mediante código de tres direcciones para identificar oportunidades de optimización
A23: =IFERROR(__xludf.DUMMYFUNCTION("""COMPUTED_VALUE"""),"114 - Área Matemática Intermedia 3") -> 114 - Área Matemática Intermedia 3 | I23: =I14 -> El estudiante explica la eliminación de recursión por la izquierda con ejemplos paso a paso para preparar gramáticas para análisis sintáctico
A24: =IFERROR(__xludf.DUMMYFUNCTION("""COMPUTED_VALUE"""),"152 - Física 2") -> 152 - Física 2
A25: =IFERROR(__xludf.DUMMYFUNCTION("""COMPUTED_VALUE"""),"10 - Lógica") -> 10 - Lógica
A26: =IFERROR(__xludf.DUMMYFUNCTION("""COMPUTED_VALUE"""),"11 - Idioma Técnico 4") -> 11 - Idioma Técnico 4
A27: =IFERROR(__xludf.DUMMYFUNCTION("""COMPUTED_VALUE"""),"2025 - Prácticas Iniciales") -> 2025 - Prácticas Iniciales
A28: =IFERROR(__xludf.DUMMYFUNCTION("""COMPUTED_VALUE"""),"732 - Estadística 1") -> 732 - Estadística 1
A29: =IFERROR(__xludf.DUMMYFUNCTION("""COMPUTED_VALUE"""),"777 - Organización de Lenguajes y Compiladores 1") -> 777 - Organización de Lenguajes y Compiladores 1 | B29: =IFERROR(__xludf.DUMMYFUNCTION("""COMPUTED_VALUE"""),"1sMJr8kYIDF7fR6Jn6GMDZp8CdJCeGqxbVA5UTdBCrkM") -> 1sMJr8kYIDF7fR6Jn6GMDZp8CdJCeGqxbVA5UTdBCrkM | C29: =IFERROR(__xludf.DUMMYFUNCTION("""COMPUTED_VALUE"""),"1sznB5glJmAKD25Jh38PR_uvVmYLeupPdQfr5Z_cGdy0") -> 1sznB5glJmAKD25Jh38PR_uvVmYLeupPdQfr5Z_cGdy0 | D29: =IFERROR(__xludf.DUMMYFUNCTION("""COMPUTED_VALUE"""),"1kBA4IGrUYJDRe0Y1euEq_2KSZ_6qIOJf4ChyOoB7-bw") -> 1kBA4IGrUYJDRe0Y1euEq_2KSZ_6qIOJf4ChyOoB7-bw | E29: =IFERROR(__xludf.DUMMYFUNCTION("""COMPUTED_VALUE"""),"14tEUE8qfBh4CI8Qotf2UbaoJFzpnWz0r") -> 14tEUE8qfBh4CI8Qotf2UbaoJFzpnWz0r
A30: =IFERROR(__xludf.DUMMYFUNCTION("""COMPUTED_VALUE"""),"964 - Organización Computacional") -> 964 - Organización Computacional | B30: =IFERROR(__xludf.DUMMYFUNCTION("""COMPUTED_VALUE"""),"1daYmFoqU1khKZXb4p_ygv5jH4tkv8-tTjdTDSUh72F0") -> 1daYmFoqU1khKZXb4p_ygv5jH4tkv8-tTjdTDSUh72F0 | C30: =IFERROR(__xludf.DUMMYFUNCTION("""COMPUTED_VALUE"""),"1Iu2w--EUMRmqIHGvbgJsupMFeebEMTKXZFzhrwGZtOs") -> 1Iu2w--EUMRmqIHGvbgJsupMFeebEMTKXZFzhrwGZtOs | D30: =IFERROR(__xludf.DUMMYFUNCTION("""COMPUTED_VALUE"""),"1gqR4HPKEldyIGuEb4K6wpzCwLjthMqCU81C5lPPJfYo") -> 1gqR4HPKEldyIGuEb4K6wpzCwLjthMqCU81C5lPPJfYo | E30: =IFERROR(__xludf.DUMMYFUNCTION("""COMPUTED_VALUE"""),"168JiBG-dVAZLw3Z00Wh0GzOSNJ7yxpVe") -> 168JiBG-dVAZLw3Z00Wh0GzOSNJ7yxpVe
A31: =IFERROR(__xludf.DUMMYFUNCTION("""COMPUTED_VALUE"""),"772 - Estructuras de Datos") -> 772 - Estructuras de Datos | B31: =IFERROR(__xludf.DUMMYFUNCTION("""COMPUTED_VALUE"""),"1rTNY7hLmB5N26Z2z6EtF0axcaKKizdu0eLKqLiwUhto") -> 1rTNY7hLmB5N26Z2z6EtF0axcaKKizdu0eLKqLiwUhto | C31: =IFERROR(__xludf.DUMMYFUNCTION("""COMPUTED_VALUE"""),"1e8AAZ395NIODTRjmbwP3Bvdb1OJlsJawLywq7NixwcM") -> 1e8AAZ395NIODTRjmbwP3Bvdb1OJlsJawLywq7NixwcM | D31: =IFERROR(__xludf.DUMMYFUNCTION("""COMPUTED_VALUE"""),"1PVCPYoBYbA64z-ceE8HVIWfvtziNTX_CeNB1XrAFUmk") -> 1PVCPYoBYbA64z-ceE8HVIWfvtziNTX_CeNB1XrAFUmk | E31: =IFERROR(__xludf.DUMMYFUNCTION("""COMPUTED_VALUE"""),"1E0q2biUjzF_2MGRSFGlAtpUs_jiKeYCi") -> 1E0q2biUjzF_2MGRSFGlAtpUs_jiKeYCi
A32: =IFERROR(__xludf.DUMMYFUNCTION("""COMPUTED_VALUE"""),"116 - Matemática Aplicada 3") -> 116 - Matemática Aplicada 3
A33: =IFERROR(__xludf.DUMMYFUNCTION("""COMPUTED_VALUE"""),"118 - Matemática Aplicada 1") -> 118 - Matemática Aplicada 1
A34: =IFERROR(__xludf.DUMMYFUNCTION("""COMPUTED_VALUE"""),"18 - Filosofía de la Ciencia") -> 18 - Filosofía de la Ciencia
A35: =IFERROR(__xludf.DUMMYFUNCTION("""COMPUTED_VALUE"""),"722 - Teoría de Sistemas 1") -> 722 - Teoría de Sistemas 1 | B35: =IFERROR(__xludf.DUMMYFUNCTION("""COMPUTED_VALUE"""),"1npGvBttUX2JHkjnmDRQmNhZacltUudlNKCQsLV09BaU") -> 1npGvBttUX2JHkjnmDRQmNhZacltUudlNKCQsLV09BaU | C35: =IFERROR(__xludf.DUMMYFUNCTION("""COMPUTED_VALUE"""),"1hMUPf0qs2ca-iLxfgxe8cYMynK4MJCa34p7GqRHJXbE") -> 1hMUPf0qs2ca-iLxfgxe8cYMynK4MJCa34p7GqRHJXbE | D35: =IFERROR(__xludf.DUMMYFUNCTION("""COMPUTED_VALUE"""),"1ATHMFdf0XbWCqh2hcVgPbB3YAnr637GqzneY0kwZPXs") -> 1ATHMFdf0XbWCqh2hcVgPbB3YAnr637GqzneY0kwZPXs | E35: =IFERROR(__xludf.DUMMYFUNCTION("""COMPUTED_VALUE"""),"1me1nH7wLH9V0Y0D1dBAqO-cxBMvcPd1a") -> 1me1nH7wLH9V0Y0D1dBAqO-cxBMvcPd1a
A36: =IFERROR(__xludf.DUMMYFUNCTION("""COMPUTED_VALUE"""),"601 - Investigación de Operaciones 1") -> 601 - Investigación de Operaciones 1
A37: =IFERROR(__xludf.DUMMYFUNCTION("""COMPUTED_VALUE"""),"14 - Economía") -> 14 - Economía | B37: =IFERROR(__xludf.DUMMYFUNCTION("""COMPUTED_VALUE"""),"169ieOogZaXHMs_PddYQfqqWTOgqfbgT1NUf8dchmb4U") -> 169ieOogZaXHMs_PddYQfqqWTOgqfbgT1NUf8dchmb4U | C37: =IFERROR(__xludf.DUMMYFUNCTION("""COMPUTED_VALUE"""),"1aRV1pjb7CPc1NcugRe2l92I-OqNZYb_4YmhuHZtvXzs") -> 1aRV1pjb7CPc1NcugRe2l92I-OqNZYb_4YmhuHZtvXzs | D37: =IFERROR(__xludf.DUMMYFUNCTION("""COMPUTED_VALUE"""),"1pajOO3AWmOi1jPG43utDMvSL31e0t1UDzgvEQYveS28") -> 1pajOO3AWmOi1jPG43utDMvSL31e0t1UDzgvEQYveS28 | E37: =IFERROR(__xludf.DUMMYFUNCTION("""COMPUTED_VALUE"""),"1WqxKIBh1lpbr01vS0jn_ragnl3d_04zY") -> 1WqxKIBh1lpbr01vS0jn_ragnl3d_04zY
A38: =IFERROR(__xludf.DUMMYFUNCTION("""COMPUTED_VALUE"""),"781 - Organización de Lenguajes y Compiladores 2") -> 781 - Organización de Lenguajes y Compiladores 2 | B38: =IFERROR(__xludf.DUMMYFUNCTION("""COMPUTED_VALUE"""),"18dQYgiKWkpI2wogupgHf8u3PbCa0cKqMH6-ZsAIhLPw") -> 18dQYgiKWkpI2wogupgHf8u3PbCa0cKqMH6-ZsAIhLPw | C38: =IFERROR(__xludf.DUMMYFUNCTION("""COMPUTED_VALUE"""),"1FvDr2nu5sW0gxDkpPanB4sWbi78KZCAhc6wrywlrvlE") -> 1FvDr2nu5sW0gxDkpPanB4sWbi78KZCAhc6wrywlrvlE | D38: =IFERROR(__xludf.DUMMYFUNCTION("""COMPUTED_VALUE"""),"1vR-fd-_MbOLAfMSv4L0B7CMj6jdlTkOQCD95r1XcqZI") -> 1vR-fd-_MbOLAfMSv4L0B7CMj6jdlTkOQCD95r1XcqZI | E38: =IFERROR(__xludf.DUMMYFUNCTION("""COMPUTED_VALUE"""),"1OpTiDYbGu0wNKI3xw8Lxhx1c4euS0YR9") -> 1OpTiDYbGu0wNKI3xw8Lxhx1c4euS0YR9
A39: =IFERROR(__xludf.DUMMYFUNCTION("""COMPUTED_VALUE"""),"778 - Arquitectura de Computadoras y Ensambladores 1") -> 778 - Arquitectura de Computadoras y Ensambladores 1 | B39: =IFERROR(__xludf.DUMMYFUNCTION("""COMPUTED_VALUE"""),"13gNb-7XS_aMptaL1TLnLB5k06Y_okRzOgjzOxLHNuiI") -> 13gNb-7XS_aMptaL1TLnLB5k06Y_okRzOgjzOxLHNuiI | C39: =IFERROR(__xludf.DUMMYFUNCTION("""COMPUTED_VALUE"""),"1dlO25kugHQowRwF3LcOkrFuLGg-hP9mn9OW7x7GssMc") -> 1dlO25kugHQowRwF3LcOkrFuLGg-hP9mn9OW7x7GssMc | D39: =IFERROR(__xludf.DUMMYFUNCTION("""COMPUTED_VALUE"""),"1jMElka7Ve71KPvj9i1bHpM_BAVnEwEXLC-W_04LIFGg") -> 1jMElka7Ve71KPvj9i1bHpM_BAVnEwEXLC-W_04LIFGg | E39: =IFERROR(__xludf.DUMMYFUNCTION("""COMPUTED_VALUE"""),"1vPaqqtPi3QjCFIUp-K5im-qBz572iNPY") -> 1vPaqqtPi3QjCFIUp-K5im-qBz572iNPY
A40: =IFERROR(__xludf.DUMMYFUNCTION("""COMPUTED_VALUE"""),"773 - Manejo e Implementación de Archivos") -> 773 - Manejo e Implementación de Archivos | B40: =IFERROR(__xludf.DUMMYFUNCTION("""COMPUTED_VALUE"""),"1VDaIod2C3XfezxQfz50xvWZ9yVVdVvNIqd-1xbJmaD8") -> 1VDaIod2C3XfezxQfz50xvWZ9yVVdVvNIqd-1xbJmaD8 | C40: =IFERROR(__xludf.DUMMYFUNCTION("""COMPUTED_VALUE"""),"1MkqyTtzzzyQyC--twNt__AoC_Sd0UBC67j0f9nktivE") -> 1MkqyTtzzzyQyC--twNt__AoC_Sd0UBC67j0f9nktivE | D40: =IFERROR(__xludf.DUMMYFUNCTION("""COMPUTED_VALUE"""),"1TN3z_RT4NXTQfbj6qQEFc9gmXRHLB6-fy_oyWA0RHdU") -> 1TN3z_RT4NXTQfbj6qQEFc9gmXRHLB6-fy_oyWA0RHdU | E40: =IFERROR(__xludf.DUMMYFUNCTION("""COMPUTED_VALUE"""),"1Nn4F-GdSnEftvTXSfmVRSNkPuH0v1E3D") -> 1Nn4F-GdSnEftvTXSfmVRSNkPuH0v1E3D
A41: =IFERROR(__xludf.DUMMYFUNCTION("""COMPUTED_VALUE"""),"122 - Matemática Aplicada 4") -> 122 - Matemática Aplicada 4
A42: =IFERROR(__xludf.DUMMYFUNCTION("""COMPUTED_VALUE"""),"120 - Matemática Aplicada 2") -> 120 - Matemática Aplicada 2
A43: =IFERROR(__xludf.DUMMYFUNCTION("""COMPUTED_VALUE"""),"200 - Ingeniería Eléctrica 1") -> 200 - Ingeniería Eléctrica 1
A44: =IFERROR(__xludf.DUMMYFUNCTION("""COMPUTED_VALUE"""),"724 - Teoría de Sistemas 2") -> 724 - Teoría de Sistemas 2 | B44: =IFERROR(__xludf.DUMMYFUNCTION("""COMPUTED_VALUE"""),"1Oh-yJJ9oc8SdDPJao-u31YXfwOPrsifu2o1a7Sf2-9k") -> 1Oh-yJJ9oc8SdDPJao-u31YXfwOPrsifu2o1a7Sf2-9k | C44: =IFERROR(__xludf.DUMMYFUNCTION("""COMPUTED_VALUE"""),"1O2rxycdV4XrytI_g4llqenReY8-rYp3frKI7rd6fNMI") -> 1O2rxycdV4XrytI_g4llqenReY8-rYp3frKI7rd6fNMI | D44: =IFERROR(__xludf.DUMMYFUNCTION("""COMPUTED_VALUE"""),"1uWuKRV1yUDuRgCMclGBs18DlrkJbY-3RrPrV1PnXLeM") -> 1uWuKRV1yUDuRgCMclGBs18DlrkJbY-3RrPrV1PnXLeM | E44: =IFERROR(__xludf.DUMMYFUNCTION("""COMPUTED_VALUE"""),"1EQVlwt_Q14_MHhr3GeYfJvtnySQAorrC") -> 1EQVlwt_Q14_MHhr3GeYfJvtnySQAorrC
A45: =IFERROR(__xludf.DUMMYFUNCTION("""COMPUTED_VALUE"""),"603 - Investigación de Operaciones 2") -> 603 - Investigación de Operaciones 2
A46: =IFERROR(__xludf.DUMMYFUNCTION("""COMPUTED_VALUE"""),"734 - Estadística 2") -> 734 - Estadística 2
A47: =IFERROR(__xludf.DUMMYFUNCTION("""COMPUTED_VALUE"""),"281 - Sistemas Operativos 1") -> 281 - Sistemas Operativos 1 | B47: =IFERROR(__xludf.DUMMYFUNCTION("""COMPUTED_VALUE"""),"1RAzDRLQZEv8Ck7PxnFQbrklrekiw5bDJFX0wgP7vFSQ") -> 1RAzDRLQZEv8Ck7PxnFQbrklrekiw5bDJFX0wgP7vFSQ | C47: =IFERROR(__xludf.DUMMYFUNCTION("""COMPUTED_VALUE"""),"145JPmfq4pDEEE_ipNtWzYQNDVrAg9WOQ9ocmZu_NegE") -> 145JPmfq4pDEEE_ipNtWzYQNDVrAg9WOQ9ocmZu_NegE | D47: =IFERROR(__xludf.DUMMYFUNCTION("""COMPUTED_VALUE"""),"1HE-c5k7b7a4sV8kZRb8whPINiB0Q_xMq-7-LwYVSiEA") -> 1HE-c5k7b7a4sV8kZRb8whPINiB0Q_xMq-7-LwYVSiEA | E47: =IFERROR(__xludf.DUMMYFUNCTION("""COMPUTED_VALUE"""),"1n0J1NqUgfuTdZBYJs6ClPsEPAT-BsF53") -> 1n0J1NqUgfuTdZBYJs6ClPsEPAT-BsF53
A48: =IFERROR(__xludf.DUMMYFUNCTION("""COMPUTED_VALUE"""),"779 - Arquitectura de Computadoras y Ensambladores 2") -> 779 - Arquitectura de Computadoras y Ensambladores 2 | B48: =IFERROR(__xludf.DUMMYFUNCTION("""COMPUTED_VALUE"""),"1_uxBhWcRvgBlCjf2s6O-Hvly7rBvJyZdswUKwm6KP5Y") -> 1_uxBhWcRvgBlCjf2s6O-Hvly7rBvJyZdswUKwm6KP5Y | C48: =IFERROR(__xludf.DUMMYFUNCTION("""COMPUTED_VALUE"""),"1dqk67SNWBGb15fqe17ZBfmxUg9pla5H7nqVOrGHYEJ4") -> 1dqk67SNWBGb15fqe17ZBfmxUg9pla5H7nqVOrGHYEJ4 | D48: =IFERROR(__xludf.DUMMYFUNCTION("""COMPUTED_VALUE"""),"1I4Bx-1TpNE382Kclmp7qlhsORNllFJ6iza9or1MYlQM") -> 1I4Bx-1TpNE382Kclmp7qlhsORNllFJ6iza9or1MYlQM | E48: =IFERROR(__xludf.DUMMYFUNCTION("""COMPUTED_VALUE"""),"1fb6OBuOK__kn1iOUatpXGXqw-Xx2KUF3") -> 1fb6OBuOK__kn1iOUatpXGXqw-Xx2KUF3
A49: =IFERROR(__xludf.DUMMYFUNCTION("""COMPUTED_VALUE"""),"970 - Redes de Computadoras 1") -> 970 - Redes de Computadoras 1 | B49: =IFERROR(__xludf.DUMMYFUNCTION("""COMPUTED_VALUE"""),"1z_6lSkIcVZpEVQ4tR8c-eSvVvTxWsXwhmFojsLWeBGc") -> 1z_6lSkIcVZpEVQ4tR8c-eSvVvTxWsXwhmFojsLWeBGc | C49: =IFERROR(__xludf.DUMMYFUNCTION("""COMPUTED_VALUE"""),"18wRQLI8Pz51ZFEFWKE1SD6XVhlxOdJa1PpxDFo2dRT4") -> 18wRQLI8Pz51ZFEFWKE1SD6XVhlxOdJa1PpxDFo2dRT4 | D49: =IFERROR(__xludf.DUMMYFUNCTION("""COMPUTED_VALUE"""),"1i-Uona9IG1TfHaWeowvwDDQBbBF5rm-kKLnZwWQbchA") -> 1i-Uona9IG1TfHaWeowvwDDQBbBF5rm-kKLnZwWQbchA | E49: =IFERROR(__xludf.DUMMYFUNCTION("""COMPUTED_VALUE"""),"1MyEh58_aw-4JAg_UmiHarHdZJMAoZYFg") -> 1MyEh58_aw-4JAg_UmiHarHdZJMAoZYFg
A50: =IFERROR(__xludf.DUMMYFUNCTION("""COMPUTED_VALUE"""),"774 - Sistemas de Bases de Datos 1") -> 774 - Sistemas de Bases de Datos 1 | B50: =IFERROR(__xludf.DUMMYFUNCTION("""COMPUTED_VALUE"""),"1h1zzA1-Xq9ihet57bP4f0PLQnKeojJUanhgpuP67hKs") -> 1h1zzA1-Xq9ihet57bP4f0PLQnKeojJUanhgpuP67hKs | C50: =IFERROR(__xludf.DUMMYFUNCTION("""COMPUTED_VALUE"""),"1xYInTWRmhz45q5vjazDVsb1EGOCbYqibWRBgZMK1g2I") -> 1xYInTWRmhz45q5vjazDVsb1EGOCbYqibWRBgZMK1g2I | D50: =IFERROR(__xludf.DUMMYFUNCTION("""COMPUTED_VALUE"""),"1ab_tQ3tdHfx3wTYZggg6topYWfMdNDjc_9Pl6gMgeY0") -> 1ab_tQ3tdHfx3wTYZggg6topYWfMdNDjc_9Pl6gMgeY0 | E50: =IFERROR(__xludf.DUMMYFUNCTION("""COMPUTED_VALUE"""),"1a0bdit9CmOXEhJOXc35cohqfdNKmMAzD") -> 1a0bdit9CmOXEhJOXc35cohqfdNKmMAzD
A51: =IFERROR(__xludf.DUMMYFUNCTION("""COMPUTED_VALUE"""),"2036 - Prácticas Intermedias") -> 2036 - Prácticas Intermedias
A52: =IFERROR(__xludf.DUMMYFUNCTION("""COMPUTED_VALUE"""),"285 - Sistemas Operativos 2") -> 285 - Sistemas Operativos 2 | B52: =IFERROR(__xludf.DUMMYFUNCTION("""COMPUTED_VALUE"""),"1VCx3jdfVNJvtMfY5j_W624CAT1QxC-9qVw_ts_erFM8") -> 1VCx3jdfVNJvtMfY5j_W624CAT1QxC-9qVw_ts_erFM8 | C52: =IFERROR(__xludf.DUMMYFUNCTION("""COMPUTED_VALUE"""),"1ssmi68Gibgtkl07Zn0H_wQWjqhj_SfcpUhCdmyvVjb4") -> 1ssmi68Gibgtkl07Zn0H_wQWjqhj_SfcpUhCdmyvVjb4 | D52: =IFERROR(__xludf.DUMMYFUNCTION("""COMPUTED_VALUE"""),"1bIFK2VHNoCYqh3rnNBIgLzQpv40VUWzyYaRVu-gQbTI") -> 1bIFK2VHNoCYqh3rnNBIgLzQpv40VUWzyYaRVu-gQbTI | E52: =IFERROR(__xludf.DUMMYFUNCTION("""COMPUTED_VALUE"""),"1q8mN6aa9bhjGWUIaszZNHjuEk-b6qckg") -> 1q8mN6aa9bhjGWUIaszZNHjuEk-b6qckg
A53: =IFERROR(__xludf.DUMMYFUNCTION("""COMPUTED_VALUE"""),"975 - Redes de Computadoras 2") -> 975 - Redes de Computadoras 2 | B53: =IFERROR(__xludf.DUMMYFUNCTION("""COMPUTED_VALUE"""),"1JcTacSIMIoXQmOixc1cssvrK_MVzZYH-Yo4FFSny6Nk") -> 1JcTacSIMIoXQmOixc1cssvrK_MVzZYH-Yo4FFSny6Nk | C53: =IFERROR(__xludf.DUMMYFUNCTION("""COMPUTED_VALUE"""),"1JLgRGqqoVVNY2eFrI2m3ylhPGOUPiyZN7_tK8VnOywQ") -> 1JLgRGqqoVVNY2eFrI2m3ylhPGOUPiyZN7_tK8VnOywQ | D53: =IFERROR(__xludf.DUMMYFUNCTION("""COMPUTED_VALUE"""),"1IL8QCca0XDIN9zPNoVS7hKBCHZQ9eh42iA_U0q-_ktQ") -> 1IL8QCca0XDIN9zPNoVS7hKBCHZQ9eh42iA_U0q-_ktQ | E53: =IFERROR(__xludf.DUMMYFUNCTION("""COMPUTED_VALUE"""),"1gu0dvm6zoJE2RmJVBG6ZIV_BFoLoxJfB") -> 1gu0dvm6zoJE2RmJVBG6ZIV_BFoLoxJfB
A54: =IFERROR(__xludf.DUMMYFUNCTION("""COMPUTED_VALUE"""),"775 - Sistemas de Bases de Datos 2") -> 775 - Sistemas de Bases de Datos 2 | B54: =IFERROR(__xludf.DUMMYFUNCTION("""COMPUTED_VALUE"""),"1TCVGX95CGGMGYvyB2K8cDve9RSMthqD6Tc1-CrmctiM") -> 1TCVGX95CGGMGYvyB2K8cDve9RSMthqD6Tc1-CrmctiM | C54: =IFERROR(__xludf.DUMMYFUNCTION("""COMPUTED_VALUE"""),"1c8vA2_5i-ARXIPU3ZxB3bwcKRbWh46erGG5KH3wrJyU") -> 1c8vA2_5i-ARXIPU3ZxB3bwcKRbWh46erGG5KH3wrJyU | D54: =IFERROR(__xludf.DUMMYFUNCTION("""COMPUTED_VALUE"""),"17_WFCeqzOngZrZqB-G0qa2RVksxKYCq8VrQTxvdfvyg") -> 17_WFCeqzOngZrZqB-G0qa2RVksxKYCq8VrQTxvdfvyg | E54: =IFERROR(__xludf.DUMMYFUNCTION("""COMPUTED_VALUE"""),"d/1-KBylfOI9IIiZlF-l2dlJlM6PNNdjzFl") -> d/1-KBylfOI9IIiZlF-l2dlJlM6PNNdjzFl
A55: =IFERROR(__xludf.DUMMYFUNCTION("""COMPUTED_VALUE"""),"283 - Análisis y Diseño de Sistemas 1") -> 283 - Análisis y Diseño de Sistemas 1 | B55: =IFERROR(__xludf.DUMMYFUNCTION("""COMPUTED_VALUE"""),"1Y3HF-OxPbgEhNi6pNhbpImrQsH3btlYO6xtsnryrunY") -> 1Y3HF-OxPbgEhNi6pNhbpImrQsH3btlYO6xtsnryrunY | C55: =IFERROR(__xludf.DUMMYFUNCTION("""COMPUTED_VALUE"""),"12umvxFMZmSLGZenSQOXCnUePgu7-gug8FmFRz5MKlkE") -> 12umvxFMZmSLGZenSQOXCnUePgu7-gug8FmFRz5MKlkE | D55: =IFERROR(__xludf.DUMMYFUNCTION("""COMPUTED_VALUE"""),"1gwmb6_MjiG_JUXAI5JWT33vnYBsnPqtoeHWc1yoFWQQ") -> 1gwmb6_MjiG_JUXAI5JWT33vnYBsnPqtoeHWc1yoFWQQ | E55: =IFERROR(__xludf.DUMMYFUNCTION("""COMPUTED_VALUE"""),"1QXb23bY6W9aTRkpiCON7Q0ews5p7hatK") -> 1QXb23bY6W9aTRkpiCON7Q0ews5p7hatK
A56: =IFERROR(__xludf.DUMMYFUNCTION("""COMPUTED_VALUE"""),"797 - Seminario de Sistemas 1") -> 797 - Seminario de Sistemas 1 | B56: =IFERROR(__xludf.DUMMYFUNCTION("""COMPUTED_VALUE"""),"1VXfuZgL8iNYOe8XfW_5s4rVnIq-_Xurqk8xlOGGexqY") -> 1VXfuZgL8iNYOe8XfW_5s4rVnIq-_Xurqk8xlOGGexqY | C56: =IFERROR(__xludf.DUMMYFUNCTION("""COMPUTED_VALUE"""),"1eWOPuodcZlQ4YNCFI3CQ-Zpw7nxkVx7vi3XlMdj8he4") -> 1eWOPuodcZlQ4YNCFI3CQ-Zpw7nxkVx7vi3XlMdj8he4 | D56: =IFERROR(__xludf.DUMMYFUNCTION("""COMPUTED_VALUE"""),"13DUp9JOUZdD2C1BdD-os-W-bLO-jSufbMHC7eJ5PBSo") -> 13DUp9JOUZdD2C1BdD-os-W-bLO-jSufbMHC7eJ5PBSo | E56: =IFERROR(__xludf.DUMMYFUNCTION("""COMPUTED_VALUE"""),"1EnANLnqSuVktTF4SdlpIOuHPbefsIOnc") -> 1EnANLnqSuVktTF4SdlpIOuHPbefsIOnc
A57: =IFERROR(__xludf.DUMMYFUNCTION("""COMPUTED_VALUE"""),"700 - Ingeniería Económica 1") -> 700 - Ingeniería Económica 1
A58: =IFERROR(__xludf.DUMMYFUNCTION("""COMPUTED_VALUE"""),"729 - Modelación y Simulación 1") -> 729 - Modelación y Simulación 1 | B58: =IFERROR(__xludf.DUMMYFUNCTION("""COMPUTED_VALUE"""),"17u8GNz3HZ-i9KS-yxFiuJx9u7OawTwjyLcvLoG_x6W8") -> 17u8GNz3HZ-i9KS-yxFiuJx9u7OawTwjyLcvLoG_x6W8 | C58: =IFERROR(__xludf.DUMMYFUNCTION("""COMPUTED_VALUE"""),"1NFJSyWLsOrGAG7qFKpXyw79GRTTb4abmj-M6aBddS5U") -> 1NFJSyWLsOrGAG7qFKpXyw79GRTTb4abmj-M6aBddS5U | D58: =IFERROR(__xludf.DUMMYFUNCTION("""COMPUTED_VALUE"""),"1toY-3JEeuVBJwRbyxsqyquwh-orXIfZE8KB3e43PXok") -> 1toY-3JEeuVBJwRbyxsqyquwh-orXIfZE8KB3e43PXok | E58: =IFERROR(__xludf.DUMMYFUNCTION("""COMPUTED_VALUE"""),"15sfPZmXt41hGkttgpVICPuKozdPNEJ6A") -> 15sfPZmXt41hGkttgpVICPuKozdPNEJ6A
A59: =IFERROR(__xludf.DUMMYFUNCTION("""COMPUTED_VALUE"""),"786 - Sistemas Organizacionales y Gerenciales 1") -> 786 - Sistemas Organizacionales y Gerenciales 1 | B59: =IFERROR(__xludf.DUMMYFUNCTION("""COMPUTED_VALUE"""),"1VTtCckO64u9REDx8UoxNJrYiavZGQU_hh4HvsOUiqlc") -> 1VTtCckO64u9REDx8UoxNJrYiavZGQU_hh4HvsOUiqlc | C59: =IFERROR(__xludf.DUMMYFUNCTION("""COMPUTED_VALUE"""),"1dMwVEKpg3j4uCN3CqoVXOWkBQbHNw7DIhtU8Bhc5Mqc") -> 1dMwVEKpg3j4uCN3CqoVXOWkBQbHNw7DIhtU8Bhc5Mqc | D59: =IFERROR(__xludf.DUMMYFUNCTION("""COMPUTED_VALUE"""),"1eh447vkO2YeAmVFqKtzinqlk4a4Y1JJKjOtv9eVOlY0") -> 1eh447vkO2YeAmVFqKtzinqlk4a4Y1JJKjOtv9eVOlY0 | E59: =IFERROR(__xludf.DUMMYFUNCTION("""COMPUTED_VALUE"""),"1txIe6LugQ0CGgSIkqRY1UZvHL7CtMqgD") -> 1txIe6LugQ0CGgSIkqRY1UZvHL7CtMqgD
A60: =IFERROR(__xludf.DUMMYFUNCTION("""COMPUTED_VALUE"""),"972 - Inteligencia Artificial 1") -> 972 - Inteligencia Artificial 1 | B60: =IFERROR(__xludf.DUMMYFUNCTION("""COMPUTED_VALUE"""),"1C04a6qH3d2zJVb1hJwa6tsRQVM9LUb_nwyxMovG5tdI") -> 1C04a6qH3d2zJVb1hJwa6tsRQVM9LUb_nwyxMovG5tdI | C60: =IFERROR(__xludf.DUMMYFUNCTION("""COMPUTED_VALUE"""),"1CEh1GcUg3ntzgPT9yUocLDlrLJKmZCCl1MWUrEyfwzg") -> 1CEh1GcUg3ntzgPT9yUocLDlrLJKmZCCl1MWUrEyfwzg | D60: =IFERROR(__xludf.DUMMYFUNCTION("""COMPUTED_VALUE"""),"1oncZrzGawvfNWTdhWsLhXGKvrApliYXhCf81eUnkV20") -> 1oncZrzGawvfNWTdhWsLhXGKvrApliYXhCf81eUnkV20 | E60: =IFERROR(__xludf.DUMMYFUNCTION("""COMPUTED_VALUE"""),"1eMKEvvWQ4yFq38z3ks0ZmIZ43xAVGgyM") -> 1eMKEvvWQ4yFq38z3ks0ZmIZ43xAVGgyM
A61: =IFERROR(__xludf.DUMMYFUNCTION("""COMPUTED_VALUE"""),"966 - Seguridad y Auditoría de Redes de Computadoras") -> 966 - Seguridad y Auditoría de Redes de Computadoras
A62: =IFERROR(__xludf.DUMMYFUNCTION("""COMPUTED_VALUE"""),"785 - Análisis y Diseño de Sistemas 2") -> 785 - Análisis y Diseño de Sistemas 2 | B62: =IFERROR(__xludf.DUMMYFUNCTION("""COMPUTED_VALUE"""),"1_ufF1kvClwUUTsCz0V0fLuXjs_JRZWRSMCWkUEd8co4") -> 1_ufF1kvClwUUTsCz0V0fLuXjs_JRZWRSMCWkUEd8co4 | C62: =IFERROR(__xludf.DUMMYFUNCTION("""COMPUTED_VALUE"""),"1HaBdPkxZx1GRiw5WlqxQhbxPWuW-mZVFEoUho7tsLDY") -> 1HaBdPkxZx1GRiw5WlqxQhbxPWuW-mZVFEoUho7tsLDY
A63: =IFERROR(__xludf.DUMMYFUNCTION("""COMPUTED_VALUE"""),"798 - Seminario de Sistemas 2") -> 798 - Seminario de Sistemas 2 | B63: =IFERROR(__xludf.DUMMYFUNCTION("""COMPUTED_VALUE"""),"1v6hbJdWzxkj7s5D7oM894pu3kMAvhEZGXUMfRFv7yKQ") -> 1v6hbJdWzxkj7s5D7oM894pu3kMAvhEZGXUMfRFv7yKQ | C63: =IFERROR(__xludf.DUMMYFUNCTION("""COMPUTED_VALUE"""),"1LxPO_wuZRiAXrS1EicVG-gQWzjILKll8Nqvs3MS7G_k") -> 1LxPO_wuZRiAXrS1EicVG-gQWzjILKll8Nqvs3MS7G_k | D63: =IFERROR(__xludf.DUMMYFUNCTION("""COMPUTED_VALUE"""),"1BWLmO3asfl7g244aKrskvOVVUItkuDglmE1c2bmkR30") -> 1BWLmO3asfl7g244aKrskvOVVUItkuDglmE1c2bmkR30 | E63: =IFERROR(__xludf.DUMMYFUNCTION("""COMPUTED_VALUE"""),"1Aq8boJeyyodIKEdkrfe9fWB5RIGSLDb5") -> 1Aq8boJeyyodIKEdkrfe9fWB5RIGSLDb5
A64: =IFERROR(__xludf.DUMMYFUNCTION("""COMPUTED_VALUE"""),"788 - Sistemas Aplicados 1") -> 788 - Sistemas Aplicados 1
A65: =IFERROR(__xludf.DUMMYFUNCTION("""COMPUTED_VALUE"""),"776 - Bases de Datos Avanzadas") -> 776 - Bases de Datos Avanzadas | B65: =IFERROR(__xludf.DUMMYFUNCTION("""COMPUTED_VALUE"""),"1SZ2dJz29IsruB5vMYQ514xwGe6wyVx6cjMu_iwnHpFo") -> 1SZ2dJz29IsruB5vMYQ514xwGe6wyVx6cjMu_iwnHpFo
A66: =IFERROR(__xludf.DUMMYFUNCTION("""COMPUTED_VALUE"""),"2009 - Prácticas Finales Ingeniería Ciencias y Sistemas") -> 2009 - Prácticas Finales Ingeniería Ciencias y Sistemas
A67: =IFERROR(__xludf.DUMMYFUNCTION("""COMPUTED_VALUE"""),"720 - Modelación y Simulación 2") -> 720 - Modelación y Simulación 2 | B67: =IFERROR(__xludf.DUMMYFUNCTION("""COMPUTED_VALUE"""),"1ebc3-I4AbsLDHtzhtolQz7pqZDPvmSE0yZJu1xY6lLY") -> 1ebc3-I4AbsLDHtzhtolQz7pqZDPvmSE0yZJu1xY6lLY | C67: =IFERROR(__xludf.DUMMYFUNCTION("""COMPUTED_VALUE"""),"1VnSdYE6hCH1oAG4XdaAltDp-IuIjLZzv9KdrOGh2-0Y") -> 1VnSdYE6hCH1oAG4XdaAltDp-IuIjLZzv9KdrOGh2-0Y | D67: =IFERROR(__xludf.DUMMYFUNCTION("""COMPUTED_VALUE"""),"1LLT4wjh6eEkdi7y6_yd99pbR2Q8NPBHYmsciMZpRqUE") -> 1LLT4wjh6eEkdi7y6_yd99pbR2Q8NPBHYmsciMZpRqUE | E67: =IFERROR(__xludf.DUMMYFUNCTION("""COMPUTED_VALUE"""),"11D7BpB1NYAQLsl-xomWKo7ibetJ_b2JE") -> 11D7BpB1NYAQLsl-xomWKo7ibetJ_b2JE
A68: =IFERROR(__xludf.DUMMYFUNCTION("""COMPUTED_VALUE"""),"787 - Sistemas Organizacionales y Gerenciales 2") -> 787 - Sistemas Organizacionales y Gerenciales 2 | B68: =IFERROR(__xludf.DUMMYFUNCTION("""COMPUTED_VALUE"""),"1KpYHYX_EAJ-h4GLtSoCT8Rqz-xU4Qh5pUnEiPyxmEZA") -> 1KpYHYX_EAJ-h4GLtSoCT8Rqz-xU4Qh5pUnEiPyxmEZA | C68: =IFERROR(__xludf.DUMMYFUNCTION("""COMPUTED_VALUE"""),"106SYnPHxQ47_qT62NOXndjd6mPwE7LV7AXR9D4-euB8") -> 106SYnPHxQ47_qT62NOXndjd6mPwE7LV7AXR9D4-euB8 | D68: =IFERROR(__xludf.DUMMYFUNCTION("""COMPUTED_VALUE"""),"1uo3-u0rbLWUGIyMydUz-lOWpj7xdx2oKwNH9T1cU12A") -> 1uo3-u0rbLWUGIyMydUz-lOWpj7xdx2oKwNH9T1cU12A | E68: =IFERROR(__xludf.DUMMYFUNCTION("""COMPUTED_VALUE"""),"1wmyYrKnHpQJd0Iebc9cCHZwq93Te5Iq8") -> 1wmyYrKnHpQJd0Iebc9cCHZwq93Te5Iq8
A69: =IFERROR(__xludf.DUMMYFUNCTION("""COMPUTED_VALUE"""),"790 - Emprendedores de Negocios Informáticos") -> 790 - Emprendedores de Negocios Informáticos
A70: =IFERROR(__xludf.DUMMYFUNCTION("""COMPUTED_VALUE"""),"968 - Inteligencia Artificial 2") -> 968 - Inteligencia Artificial 2
A71: =IFERROR(__xludf.DUMMYFUNCTION("""COMPUTED_VALUE"""),"974 - Redes de Nueva Generación") -> 974 - Redes de Nueva Generación
A72: =IFERROR(__xludf.DUMMYFUNCTION("""COMPUTED_VALUE"""),"780 - Software Avanzado") -> 780 - Software Avanzado | B72: =IFERROR(__xludf.DUMMYFUNCTION("""COMPUTED_VALUE"""),"1SZ2dJz29IsruB5vMYQ514xwGe6wyVx6cjMu_iwnHpFo") -> 1SZ2dJz29IsruB5vMYQ514xwGe6wyVx6cjMu_iwnHpFo | C72: =IFERROR(__xludf.DUMMYFUNCTION("""COMPUTED_VALUE"""),"13JrqVT0c3I6SzCOF1sKpi1qJKOryNTT4TsCaNwuV-24") -> 13JrqVT0c3I6SzCOF1sKpi1qJKOryNTT4TsCaNwuV-24 | D72: =IFERROR(__xludf.DUMMYFUNCTION("""COMPUTED_VALUE"""),"1QVpX8zi83Rr6KfcUvSEKp9NqRCfEFmL1eZ88Oeeolto") -> 1QVpX8zi83Rr6KfcUvSEKp9NqRCfEFmL1eZ88Oeeolto | E72: =IFERROR(__xludf.DUMMYFUNCTION("""COMPUTED_VALUE"""),"1j6tUIPNPfK0lVrpQxNZKyB23LcXzn5Ge") -> 1j6tUIPNPfK0lVrpQxNZKyB23LcXzn5Ge
A73: =IFERROR(__xludf.DUMMYFUNCTION("""COMPUTED_VALUE"""),"789 - Sistemas Aplicados 2") -> 789 - Sistemas Aplicados 2
A74: =IFERROR(__xludf.DUMMYFUNCTION("""COMPUTED_VALUE"""),"735 - Auditoría de Proyectos de Software") -> 735 - Auditoría de Proyectos de Software
A75: =IFERROR(__xludf.DUMMYFUNCTION("""COMPUTED_VALUE"""),"7999 - Seminario de Investigación EPS Sistemas") -> 7999 - Seminario de Investigación EPS Sistemas
A76: =IFERROR(__xludf.DUMMYFUNCTION("""COMPUTED_VALUE"""),"799 - Seminario de Investigación") -> 799 - Seminario de Investigación
A77: =IFERROR(__xludf.DUMMYFUNCTION("""COMPUTED_VALUE"""),"90 - Programacion de Computadoras 1") -> 90 - Programacion de Computadoras 1 | B77: =IFERROR(__xludf.DUMMYFUNCTION("""COMPUTED_VALUE"""),"1qvDDGj5yCc7f5CzNszeAsW2HPXfptQjvWIcbjskCMYM") -> 1qvDDGj5yCc7f5CzNszeAsW2HPXfptQjvWIcbjskCMYM | C77: =IFERROR(__xludf.DUMMYFUNCTION("""COMPUTED_VALUE"""),"1YPGQg3r0TE0ZsibgKarHMDVR2FLaHLC0G5O84_GpNhw") -> 1YPGQg3r0TE0ZsibgKarHMDVR2FLaHLC0G5O84_GpNhw | D77: =IFERROR(__xludf.DUMMYFUNCTION("""COMPUTED_VALUE"""),"1A_jprbCHQlF7SUg-tly0Ak7hJtMh8U9qL3lUg0S2T4U") -> 1A_jprbCHQlF7SUg-tly0Ak7hJtMh8U9qL3lUg0S2T4U | E77: =IFERROR(__xludf.DUMMYFUNCTION("""COMPUTED_VALUE"""),"1QT0XgtJhS0WdXvrmJ9l5fhkQxyPS7eMI") -> 1QT0XgtJhS0WdXvrmJ9l5fhkQxyPS7eMI
A78: =IFERROR(__xludf.DUMMYFUNCTION("""COMPUTED_VALUE"""),"92 - Programacion de Computadoras 2") -> 92 - Programacion de Computadoras 2 | B78: =IFERROR(__xludf.DUMMYFUNCTION("""COMPUTED_VALUE"""),"1SCiXODhHsEGBVGnnYk9ZrO_gSOSvcGwu7lDEJBfLaEw") -> 1SCiXODhHsEGBVGnnYk9ZrO_gSOSvcGwu7lDEJBfLaEw | C78: =IFERROR(__xludf.DUMMYFUNCTION("""COMPUTED_VALUE"""),"1Bf3nWt47xcnM3VU3BvJaD4AcWQd-1GK4pJm4b69PzDk") -> 1Bf3nWt47xcnM3VU3BvJaD4AcWQd-1GK4pJm4b69PzDk | D78: =IFERROR(__xludf.DUMMYFUNCTION("""COMPUTED_VALUE"""),"1DHgSe2VDZ9KBUhl4_7NdyzagI7iar5NJSgD9rUtytdY") -> 1DHgSe2VDZ9KBUhl4_7NdyzagI7iar5NJSgD9rUtytdY | E78: =IFERROR(__xludf.DUMMYFUNCTION("""COMPUTED_VALUE"""),"1FHqe10A7z4kQFMWfvfI8tkxBkAgiF7u2e1XlqT1-63E") -> 1FHqe10A7z4kQFMWfvfI8tkxBkAgiF7u2e1XlqT1-63E
A79: =IFERROR(__xludf.DUMMYFUNCTION("""COMPUTED_VALUE"""),"667 - Programacion Comercial 1") -> 667 - Programacion Comercial 1 | B79: =IFERROR(__xludf.DUMMYFUNCTION("""COMPUTED_VALUE"""),"1q-0CM7N_hXOxknvTAL7P8U9-t9hqpm1-3l5E6r3G-qg") -> 1q-0CM7N_hXOxknvTAL7P8U9-t9hqpm1-3l5E6r3G-qg | C79: =IFERROR(__xludf.DUMMYFUNCTION("""COMPUTED_VALUE"""),"1R41rwbBQZrh9qjZ3XYjH5mTM9rwh34s58Htn787_YnY") -> 1R41rwbBQZrh9qjZ3XYjH5mTM9rwh34s58Htn787_YnY | D79: =IFERROR(__xludf.DUMMYFUNCTION("""COMPUTED_VALUE"""),"1s3J2CHGyPGSPwPm7T7m5o_7sQCrWwpQ5xqzAk04bgVA") -> 1s3J2CHGyPGSPwPm7T7m5o_7sQCrWwpQ5xqzAk04bgVA | E79: =IFERROR(__xludf.DUMMYFUNCTION("""COMPUTED_VALUE"""),"1VSynsMtKbK1ktIqRzKf6QEpnepidsJka") -> 1VSynsMtKbK1ktIqRzKf6QEpnepidsJka
A80: =IFERROR(__xludf.DUMMYFUNCTION("""COMPUTED_VALUE"""),"768 - Algoritmos") -> 768 - Algoritmos | B80: =IFERROR(__xludf.DUMMYFUNCTION("""COMPUTED_VALUE"""),"1SjAd6zUsLAnVyCAYH7AjoRBdaM836qJGVSbcpa5npcA") -> 1SjAd6zUsLAnVyCAYH7AjoRBdaM836qJGVSbcpa5npcA | C80: =IFERROR(__xludf.DUMMYFUNCTION("""COMPUTED_VALUE"""),"1afm0IKlaJOgHVN4bCH6AUAoNUqhq0_44_T5aENeyCWo") -> 1afm0IKlaJOgHVN4bCH6AUAoNUqhq0_44_T5aENeyCWo | D80: =IFERROR(__xludf.DUMMYFUNCTION("""COMPUTED_VALUE"""),"1G1fW33CrLmmI1Pxdgw_cAdUJKRHg8LpG4-p2vnoWUqw") -> 1G1fW33CrLmmI1Pxdgw_cAdUJKRHg8LpG4-p2vnoWUqw | E80: =IFERROR(__xludf.DUMMYFUNCTION("""COMPUTED_VALUE"""),"1ySU7wJA5-EonRSWzEsgL03LPoX0Yz7rw") -> 1ySU7wJA5-EonRSWzEsgL03LPoX0Yz7rw
A81: =IFERROR(__xludf.DUMMYFUNCTION("""COMPUTED_VALUE"""),"0089 - Comunicación Asertiva") -> 0089 - Comunicación Asertiva | D81: =IFERROR(__xludf.DUMMYFUNCTION("""COMPUTED_VALUE"""),"1_Ei-qZBLFjKXYNiETo-SLQ_i6LLtwBqz0DelGIPi31I") -> 1_Ei-qZBLFjKXYNiETo-SLQ_i6LLtwBqz0DelGIPi31I | E81: =IFERROR(__xludf.DUMMYFUNCTION("""COMPUTED_VALUE"""),"10NGlQjOf6PbS47vS9QrPsz0UIEnfLTPH") -> 10NGlQjOf6PbS47vS9QrPsz0UIEnfLTPH
