Workbook

Sheet Competencias_actuales
B1: Competencias actuales del laboratorio
A2: =VALUE(LEFT(F4,FIND(" - ",F4)-1)) -> 796
D3: Nombre del Curso | F3: =IFERROR(__xludf.DUMMYFUNCTION("VLOOKUP(A2,IMPORTRANGE(""1j2lHEvOoZ_EPY086Qt7f7AFaZGVfiYKJxXlsnNfWCA0"", ""Listado Cursos!$A$2:$H$100""),2,FALSE)"),"Lenguajes Formales y de Programación") -> Lenguajes Formales y de Programación
D4: Código del Curso | F4: 796 - Lenguajes Formales y de Programación
D5: Semestre | F5: =IFERROR(__xludf.DUMMYFUNCTION("VLOOKUP(A2,IMPORTRANGE(""1j2lHEvOoZ_EPY086Qt7f7AFaZGVfiYKJxXlsnNfWCA0"", ""Listado Cursos!A:G""),4,FALSE)"),4.0) -> 4
D6: Área de Conocimiento | F6: =IFERROR(__xludf.DUMMYFUNCTION("VLOOKUP(A2,IMPORTRANGE(""1j2lHEvOoZ_EPY086Qt7f7AFaZGVfiYKJxXlsnNfWCA0"", ""Listado Cursos!A:G""),6,FALSE)"),"Computación") -> Computación
D7: Cantidad de Creditos | F7: =IFERROR(__xludf.DUMMYFUNCTION("VLOOKUP(A2,IMPORTRANGE(""1j2lHEvOoZ_EPY086Qt7f7AFaZGVfiYKJxXlsnNfWCA0"", ""Listado Cursos!A:G""),3,FALSE)"),4.0) -> 4
D8: Horas de aprendizaje | F8: 4
B11: Descripción del Contexto
B13: Que cursos prerrequisito tiene | F13: Cursos que lleva en el mismo semestre | J13: Qué cursos posteriores dependen de este
B14: No. | C14: Codigo | D14: Nombre | F14: No. | G14: Codigo | H14: Nombre | J14: No. | K14: Codigo | L14: Nombre
B15: 1 | C15: =IFERROR(__xludf.DUMMYFUNCTION("ARRAYFORMULA(TRANSPOSE(SPLIT(FILTER(IMPORTRANGE(""1j2lHEvOoZ_EPY086Qt7f7AFaZGVfiYKJxXlsnNfWCA0"", ""Listado Cursos!E:E""), IMPORTRANGE(""1j2lHEvOoZ_EPY086Qt7f7AFaZGVfiYKJxXlsnNfWCA0"", ""Listado Cursos!A:A"")=A2), "","")))"),770.0) -> 770 | D15: =IFERROR(__xludf.DUMMYFUNCTION("IF(C15="""","""",VLOOKUP(C15,IMPORTRANGE(""1j2lHEvOoZ_EPY086Qt7f7AFaZGVfiYKJxXlsnNfWCA0"", ""Listado Cursos!A:B""),2,FALSE))"),"Introducción a ala programación y computación 1") -> Introducción a ala programación y computación 1 | F15: 1 | G15: =IFERROR(__xludf.DUMMYFUNCTION("FILTER(IMPORTRANGE(""1j2lHEvOoZ_EPY086Qt7f7AFaZGVfiYKJxXlsnNfWCA0"", ""Listado Cursos!A:B""),IMPORTRANGE(""1j2lHEvOoZ_EPY086Qt7f7AFaZGVfiYKJxXlsnNfWCA0"", ""Listado Cursos!D:D"")=F5,IMPORTRANGE(""1j2lHEvOoZ_EPY086Qt7f7AFaZGVfiYKJxXlsnNfWCA0"", ""Listado C"&"ursos!A:A"")<>150)"),796.0) -> 796 | H15: =IFERROR(__xludf.DUMMYFUNCTION("""COMPUTED_VALUE"""),"Lenguajes Formales y de Programación") -> Lenguajes Formales y de Programación | J15: 1 | K15: =IFERROR(__xludf.DUMMYFUNCTION("FILTER(IMPORTRANGE(""1j2lHEvOoZ_EPY086Qt7f7AFaZGVfiYKJxXlsnNfWCA0"", ""Listado Cursos!A:B""), ISNUMBER(SEARCH(A2, IMPORTRANGE(""1j2lHEvOoZ_EPY086Qt7f7AFaZGVfiYKJxXlsnNfWCA0"", ""Listado Cursos!E:E""))))"),777.0) -> 777 | L15: =IFERROR(__xludf.DUMMYFUNCTION("""COMPUTED_VALUE"""),"Organización de Lenguajes y Compiladores 1") -> Organización de Lenguajes y Compiladores 1
B16: 2 | C16: =IFERROR(__xludf.DUMMYFUNCTION("""COMPUTED_VALUE"""),795.0) -> 795 | D16: =IFERROR(__xludf.DUMMYFUNCTION("IF(C16="""","""",VLOOKUP(C16,IMPORTRANGE(""1j2lHEvOoZ_EPY086Qt7f7AFaZGVfiYKJxXlsnNfWCA0"", ""Listado Cursos!A:B""),2,FALSE))"),"Logica de Sitemas") -> Logica de Sitemas | F16: 2 | G16: =IFERROR(__xludf.DUMMYFUNCTION("""COMPUTED_VALUE"""),771.0) -> 771 | H16: =IFERROR(__xludf.DUMMYFUNCTION("""COMPUTED_VALUE"""),"Introducción a la Programación y Computación 2") -> Introducción a la Programación y Computación 2 | J16: 2 | K16: =IFERROR(__xludf.DUMMYFUNCTION("""COMPUTED_VALUE"""),772.0) -> 772 | L16: =IFERROR(__xludf.DUMMYFUNCTION("""COMPUTED_VALUE"""),"Estructuras de Datos") -> Estructuras de Datos
B17: 3 | C17: =IFERROR(__xludf.DUMMYFUNCTION("""COMPUTED_VALUE"""),960.0) -> 960 | D17: =IFERROR(__xludf.DUMMYFUNCTION("IF(C17="""","""",VLOOKUP(C17,IMPORTRANGE(""1j2lHEvOoZ_EPY086Qt7f7AFaZGVfiYKJxXlsnNfWCA0"", ""Listado Cursos!A:B""),2,FALSE))"),"Matemática Para Computación 1") -> Matemática Para Computación 1 | F17: 3 | G17: =IFERROR(__xludf.DUMMYFUNCTION("""COMPUTED_VALUE"""),112.0) -> 112 | H17: =IFERROR(__xludf.DUMMYFUNCTION("""COMPUTED_VALUE"""),"Área Matemática Intermedia 2") -> Área Matemática Intermedia 2 | J17: 3 | K17: =IFERROR(__xludf.DUMMYFUNCTION("""COMPUTED_VALUE"""),778.0) -> 778 | L17: =IFERROR(__xludf.DUMMYFUNCTION("""COMPUTED_VALUE"""),"Arquitectura de Computadoras y Ensambladores 1") -> Arquitectura de Computadoras y Ensambladores 1
B18: 4 | D18: =IFERROR(__xludf.DUMMYFUNCTION("IF(C18="""","""",VLOOKUP(C18,IMPORTRANGE(""1j2lHEvOoZ_EPY086Qt7f7AFaZGVfiYKJxXlsnNfWCA0"", ""Listado Cursos!A:B""),2,FALSE))"),"") | F18: 4 | G18: =IFERROR(__xludf.DUMMYFUNCTION("""COMPUTED_VALUE"""),114.0) -> 114 | H18: =IFERROR(__xludf.DUMMYFUNCTION("""COMPUTED_VALUE"""),"Área Matemática Intermedia 3") -> Área Matemática Intermedia 3 | J18: 4 | K18: =IFERROR(__xludf.DUMMYFUNCTION("""COMPUTED_VALUE"""),773.0) -> 773 | L18: =IFERROR(__xludf.DUMMYFUNCTION("""COMPUTED_VALUE"""),"Manejo e Implementación de Archivos") -> Manejo e Implementación de Archivos
B19: 5 | D19: =IFERROR(__xludf.DUMMYFUNCTION("IF(C19="""","""",VLOOKUP(C19,IMPORTRANGE(""1j2lHEvOoZ_EPY086Qt7f7AFaZGVfiYKJxXlsnNfWCA0"", ""Listado Cursos!A:B""),2,FALSE))"),"") | F19: 5 | G19: =IFERROR(__xludf.DUMMYFUNCTION("""COMPUTED_VALUE"""),152.0) -> 152 | H19: =IFERROR(__xludf.DUMMYFUNCTION("""COMPUTED_VALUE"""),"Física 2") -> Física 2 | J19: 5
B20: 6 | D20: =IFERROR(__xludf.DUMMYFUNCTION("IF(C20="""","""",VLOOKUP(C20,IMPORTRANGE(""1j2lHEvOoZ_EPY086Qt7f7AFaZGVfiYKJxXlsnNfWCA0"", ""Listado Cursos!A:B""),2,FALSE))"),"") | F20: 6 | G20: =IFERROR(__xludf.DUMMYFUNCTION("""COMPUTED_VALUE"""),10.0) -> 10 | H20: =IFERROR(__xludf.DUMMYFUNCTION("""COMPUTED_VALUE"""),"Lógica") -> Lógica | J20: 6
B21: 7 | D21: =IFERROR(__xludf.DUMMYFUNCTION("IF(C21="""","""",VLOOKUP(C21,IMPORTRANGE(""1j2lHEvOoZ_EPY086Qt7f7AFaZGVfiYKJxXlsnNfWCA0"", ""Listado Cursos!A:B""),2,FALSE))"),"") | F21: 7 | G21: =IFERROR(__xludf.DUMMYFUNCTION("""COMPUTED_VALUE"""),11.0) -> 11 | H21: =IFERROR(__xludf.DUMMYFUNCTION("""COMPUTED_VALUE"""),"Idioma Técnico 4") -> Idioma Técnico 4 | J21: 7
B22: 8 | D22: =IFERROR(__xludf.DUMMYFUNCTION("IF(C22="""","""",VLOOKUP(C22,IMPORTRANGE(""1j2lHEvOoZ_EPY086Qt7f7AFaZGVfiYKJxXlsnNfWCA0"", ""Listado Cursos!A:B""),2,FALSE))"),"") | F22: 8 | G22: =IFERROR(__xludf.DUMMYFUNCTION("""COMPUTED_VALUE"""),2025.0) -> 2025 | H22: =IFERROR(__xludf.DUMMYFUNCTION("""COMPUTED_VALUE"""),"Prácticas Iniciales") -> Prácticas Iniciales | J22: 8
B23: 9 | D23: =IFERROR(__xludf.DUMMYFUNCTION("IF(C23="""","""",VLOOKUP(C23,IMPORTRANGE(""1j2lHEvOoZ_EPY086Qt7f7AFaZGVfiYKJxXlsnNfWCA0"", ""Listado Cursos!A:B""),2,FALSE))"),"") | F23: 9 | J23: 9
B24: 10 | D24: =IFERROR(__xludf.DUMMYFUNCTION("IF(C24="""","""",VLOOKUP(C24,IMPORTRANGE(""1j2lHEvOoZ_EPY086Qt7f7AFaZGVfiYKJxXlsnNfWCA0"", ""Listado Cursos!A:B""),2,FALSE))"),"") | F24: 10 | J24: 10
B25: 11 | D25: =IFERROR(__xludf.DUMMYFUNCTION("IF(C25="""","""",VLOOKUP(C25,IMPORTRANGE(""1j2lHEvOoZ_EPY086Qt7f7AFaZGVfiYKJxXlsnNfWCA0"", ""Listado Cursos!A:B""),2,FALSE))"),"") | F25: 11 | J25: 11
B26: 12 | D26: =IFERROR(__xludf.DUMMYFUNCTION("IF(C26="""","""",VLOOKUP(C26,IMPORTRANGE(""1j2lHEvOoZ_EPY086Qt7f7AFaZGVfiYKJxXlsnNfWCA0"", ""Listado Cursos!A:B""),2,FALSE))"),"") | F26: 12 | J26: 12
B27: 13 | D27: =IFERROR(__xludf.DUMMYFUNCTION("IF(C27="""","""",VLOOKUP(C27,IMPORTRANGE(""1j2lHEvOoZ_EPY086Qt7f7AFaZGVfiYKJxXlsnNfWCA0"", ""Listado Cursos!A:B""),2,FALSE))"),"") | F27: 13 | J27: 13
B28: 14 | D28: =IFERROR(__xludf.DUMMYFUNCTION("IF(C28="""","""",VLOOKUP(C28,IMPORTRANGE(""1j2lHEvOoZ_EPY086Qt7f7AFaZGVfiYKJxXlsnNfWCA0"", ""Listado Cursos!A:B""),2,FALSE))"),"") | F28: 14 | J28: 14
B31: Competencias Actuales
B33: No. | C33: Tipo | D33: Competencia | L33: Nivel de la Taxonomina
B34: =IFERROR(__xludf.DUMMYFUNCTION("FILTER(METADA!D2:D17, ISEVEN(ROW(METADA!D2:D17)))"),1.0) -> 1 | C34: =IFERROR(__xludf.DUMMYFUNCTION("FILTER(METADA!E2:E17, ISEVEN(ROW(METADA!E2:E17)))"),"Especifica") -> Especifica | D34: =IFERROR(__xludf.DUMMYFUNCTION("FILTER(METADA!E2:E17, ISODD(ROW(METADA!E2:E17)))"),"El estudiante analiza la evolución y clasificación de los lenguajes formales y de programación mediante la comparación de sus características, estructuras y herramientas para comprender su organización y funcionamiento ") -> El estudiante analiza la evolución y clasificación de los lenguajes formales y de programación mediante la comparación de sus características, estructuras y herramientas para comprender su organización y funcionamiento | L34: =IFERROR(__xludf.DUMMYFUNCTION("FILTER(METADA!L2:L17, ISEVEN(ROW(METADA!L2:L17)))"),"Analizar") -> Analizar
B35: =IFERROR(__xludf.DUMMYFUNCTION("""COMPUTED_VALUE"""),2.0) -> 2 | C35: =IFERROR(__xludf.DUMMYFUNCTION("""COMPUTED_VALUE"""),"Especifica") -> Especifica | D35: =IFERROR(__xludf.DUMMYFUNCTION("""COMPUTED_VALUE"""),"El estudiante genera gramáticas libres de contexto mediante el análisis sintáctico para reconocer lenguajes formales. ") -> El estudiante genera gramáticas libres de contexto mediante el análisis sintáctico para reconocer lenguajes formales. | L35: =IFERROR(__xludf.DUMMYFUNCTION("""COMPUTED_VALUE"""),"Comprender") -> Comprender
B36: =IFERROR(__xludf.DUMMYFUNCTION("""COMPUTED_VALUE"""),3.0) -> 3 | C36: =IFERROR(__xludf.DUMMYFUNCTION("""COMPUTED_VALUE"""),"General") -> General | D36: =IFERROR(__xludf.DUMMYFUNCTION("""COMPUTED_VALUE"""),"El estudiante construye aplicaciones mediante el uso del análisis léxico y sintáctico utilizando herramientas de procesamiento de lenguajes formales para dar solución a enunciados que requieren el reconocimiento de lenguajes. ") -> El estudiante construye aplicaciones mediante el uso del análisis léxico y sintáctico utilizando herramientas de procesamiento de lenguajes formales para dar solución a enunciados que requieren el reconocimiento de lenguajes. | L36: =IFERROR(__xludf.DUMMYFUNCTION("""COMPUTED_VALUE"""),"Crear") -> Crear
B37: =IFERROR(__xludf.DUMMYFUNCTION("""COMPUTED_VALUE"""),4.0) -> 4 | C37: =IFERROR(__xludf.DUMMYFUNCTION("""COMPUTED_VALUE"""),"Especifica") -> Especifica | D37: =IFERROR(__xludf.DUMMYFUNCTION("""COMPUTED_VALUE"""),"El estudiante aplica el análisis léxico mediante el uso de expresiones regulares para solucionar problemas que requieran el reconocimiento de lenguajes. ") -> El estudiante aplica el análisis léxico mediante el uso de expresiones regulares para solucionar problemas que requieran el reconocimiento de lenguajes. | L37: =IFERROR(__xludf.DUMMYFUNCTION("""COMPUTED_VALUE"""),"Aplicar") -> Aplicar
B38: =IFERROR(__xludf.DUMMYFUNCTION("""COMPUTED_VALUE"""),5.0) -> 5 | C38: =IFERROR(__xludf.DUMMYFUNCTION("""COMPUTED_VALUE"""),"Especifica") -> Especifica | D38: =IFERROR(__xludf.DUMMYFUNCTION("""COMPUTED_VALUE"""),"El estudiante aplica el analisis sintactico mediante el uso de gramáticas formales y técnicas de parsing (descendente o ascendente) para verificar la estructura gramatical y construir árboles sintácticos que permitan solucionar problemas relacionados con "&"la interpretación de lenguajes formales. ") -> El estudiante aplica el analisis sintactico mediante el uso de gramáticas formales y técnicas de parsing (descendente o ascendente) para verificar la estructura gramatical y construir árboles sintácticos que permitan solucionar problemas relacionados con la interpretación de lenguajes formales. | L38: =IFERROR(__xludf.DUMMYFUNCTION("""COMPUTED_VALUE"""),"Aplicar") -> Aplicar
B39: =IFERROR(__xludf.DUMMYFUNCTION("""COMPUTED_VALUE"""),6.0) -> 6 | C39: =IFERROR(__xludf.DUMMYFUNCTION("""COMPUTED_VALUE"""),"Especifica") -> Especifica | D39: =IFERROR(__xludf.DUMMYFUNCTION("""COMPUTED_VALUE"""),"El estudiante comprende el funcionamiento del lenguaje de programación Java a través de su aplicación para la resolución de problemas relacionados con las fases del compilador. ") -> El estudiante comprende el funcionamiento del lenguaje de programación Java a través de su aplicación para la resolución de problemas relacionados con las fases del compilador. | L39: =IFERROR(__xludf.DUMMYFUNCTION("""COMPUTED_VALUE"""),"Comprende") -> Comprende
B40: =IFERROR(__xludf.DUMMYFUNCTION("""COMPUTED_VALUE"""),7.0) -> 7 | C40: =IFERROR(__xludf.DUMMYFUNCTION("""COMPUTED_VALUE"""),"Especifica") -> Especifica | D40: =IFERROR(__xludf.DUMMYFUNCTION("""COMPUTED_VALUE"""),"El estudiante aplica técnicas de minimización de autómatas finitos deterministas (AFD) mediante la identificación de estados equivalentes y particiones sucesivas para reducir el número de estados sin alterar el lenguaje reconocido ") -> El estudiante aplica técnicas de minimización de autómatas finitos deterministas (AFD) mediante la identificación de estados equivalentes y particiones sucesivas para reducir el número de estados sin alterar el lenguaje reconocido | L40: =IFERROR(__xludf.DUMMYFUNCTION("""COMPUTED_VALUE"""),"Aplicar") -> Aplicar

Sheet Referentes Internacionales
B1: Identificación de referentes internacionales
B3: Nombre del Curso | C3: =Competencias_actuales!F3 -> Lenguajes Formales y de Programación
B4: Codigo del Curso | C4: 796
B6: 1. Universidad Refente
B7: Analiza cursos similares en universidades internacionales reconocidas (como MIT, Stanford o ETH Zurich) para comparar temas, herramientas y competencias. Esto permite identificar buenas prácticas y alinear el laboratorio con tendencias globales en educación tecnológica.
B9: Nombre de la Universidad | C9: MIT
B10: Nombre del Curso | C10: Computer Language Engineering
B11: Fuente de Información | C11: https://ocw.mit.edu/courses/6-035-computer-language-engineering-spring-2010/pages/syllabus/
B13: Temas relacionados al laboratorio que se imparte
B14: Teoría de lenguajes, análisis léxico, análisis sintáctico, gramáticas, semántica,estructuras de compilador, práctica de implementación de compilador.
B17: Herramientas utilizadas relacionados al laboratorio que se imparte
B18: Herramientas propias de la asignatura, lenguaje de programación Java (ya que es prerequisito) para proyectos; posiblemente uso de herramientas de generación de parsers o construcción manual de parsers.
B21: Competencia(s) relacionada(s) al laboratorio que se imparte
B22: Diseño e implementación de compiladores, aplicar teoría de lenguajes formales, combinar teoría y práctica, trabajo grupal en proyecto de software, razonamiento formal, algoritmos para parsers, manejo de complejidad de software.
B26: 2. Estandar Internacional
B27: Se identifican estándares internacionales relevantes (como ABET, CDIO o IEEE/ACM) para verificar si el laboratorio cumple con criterios de calidad educativa, competencias clave y buenas prácticas recomendadas a nivel global.
B29: Nombre del Estandar | C29: ABET (Accreditation Board for Engineering and Technology)
B30: Sección , Capitulo , etc, | C30: Student Outcomes; Curriculum Requirements; General Criteria 2025‑2026, Computing Accreditation Commission (CAC) Criteria.
B31: Fuente de Información | C31: https://www.abet.org/accreditation/accreditation-criteria/criteria-for-accrediting-computing-programs-2025-2026/
B33: Contenidos relacionados al laboratorio que se imparte
B34: - Requiere que los egresados puedan aplicar teoría de ciencias de la computación (incluyendo teoría de lenguajes, autómatas, etc.) para producir soluciones basadas en cómputo.. - Que el currículo incluya conceptos de lenguajes de programación; tipos de lenguajes; estructuras de datos; software development fundamentals. - Que haya cobertura sustancial de teoría computacional (como autómatas, lenguajes formales) y programación fundamentada. - Que haya un proyecto mayor o experiencia integradora que use conocimientos previos. - Buenas prácticas de enseñanza que aseguren que los estudiantes desarrollan tanto conocimientos como habilidades prácticas.
B37: Nombre del Estandar | C37: ACM / IEEE‑CS Computing Curricula 2020 (CC2020)
B38: Sección , Capitulo , etc, | C38: “Knowledge‑based Computing Education” y “Competency‑based Computing Education”
B39: Funte de Información | C39: https://www.acm.org/binaries/content/assets/education/curricula-recommendations/cc2020.pdf?utm_source=chatgpt.com
B41: Contenidos relacionados al laboratorio que se imparte
B42: - Enumera conocimientos esperados para programas de CS: teoría de lenguajes, lenguajes de programación, parsers, compiladores, autómatas. - Competencias asociadas: análisis, diseño de software, evaluación de algoritmos, implementación, uso de abstracciones. - Importancia de aprendizaje basado en la habilidad de aplicar los conocimientos (no solo teoría). - Incluye disposición para trabajar en herramientas modernas, en proyectos integrados, buen conocimiento de arquitecturas, eficiencia, etc.

Sheet TCO_vrs_Referentes
B1: Comparación con referentes internacionales
A2: =C4&" - "&C3 -> 796 - Lenguajes Formales y de Programación
B3: Nombre del Curso | C3: =Competencias_actuales!F3 -> Lenguajes Formales y de Programación
B4: Codigo del Curso | C4: =Competencias_actuales!A2 -> 796
C5: =Competencias_actuales!A3
B6: Laboratorio Actual | F6: Universidad Referente | G6: Estandar Referente
B7: Competencia | C7: Unidad | D7: Tema | E7: SubTema | F7: Presente en el referente (Sí/No) | G7: Presente en el referente (Sí/No)
B8: =IFERROR(__xludf.DUMMYFUNCTION("QUERY(IMPORTRANGE(VLOOKUP(A2,METADA!A:B,2,FALSE), ""Diseño Curricular!B4:E500""), )"),"El estudiante comprende el funcionamiento del lenguaje de programación Java a través de su aplicación para la resolución de problemas relacionados con las fases del compilador. ") -> El estudiante comprende el funcionamiento del lenguaje de programación Java a través de su aplicación para la resolución de problemas relacionados con las fases del compilador. | C8: =IFERROR(__xludf.DUMMYFUNCTION("""COMPUTED_VALUE"""),"JAVA") -> JAVA | D8: =IFERROR(__xludf.DUMMYFUNCTION("""COMPUTED_VALUE"""),"Introduccion al lenguaje Java") -> Introduccion al lenguaje Java | E8: =IFERROR(__xludf.DUMMYFUNCTION("""COMPUTED_VALUE"""),"Historia de Java") -> Historia de Java | F8: No | G8: No
B9: =IFERROR(__xludf.DUMMYFUNCTION("""COMPUTED_VALUE"""),"El estudiante comprende el funcionamiento del lenguaje de programación Java a través de su aplicación para la resolución de problemas relacionados con las fases del compilador. ") -> El estudiante comprende el funcionamiento del lenguaje de programación Java a través de su aplicación para la resolución de problemas relacionados con las fases del compilador. | D9: =IFERROR(__xludf.DUMMYFUNCTION("""COMPUTED_VALUE"""),"Introduccion al lenguaje Java") -> Introduccion al lenguaje Java | E9: =IFERROR(__xludf.DUMMYFUNCTION("""COMPUTED_VALUE"""),"Aspectos Basicos de Java") -> Aspectos Basicos de Java | F9: No | G9: Si
B10: =IFERROR(__xludf.DUMMYFUNCTION("""COMPUTED_VALUE"""),"El estudiante comprende el funcionamiento del lenguaje de programación Java a través de su aplicación para la resolución de problemas relacionados con las fases del compilador. ") -> El estudiante comprende el funcionamiento del lenguaje de programación Java a través de su aplicación para la resolución de problemas relacionados con las fases del compilador. | D10: =IFERROR(__xludf.DUMMYFUNCTION("""COMPUTED_VALUE"""),"Introduccion al lenguaje Java") -> Introduccion al lenguaje Java | E10: =IFERROR(__xludf.DUMMYFUNCTION("""COMPUTED_VALUE"""),"Reglas de Sintaxis") -> Reglas de Sintaxis | F10: No | G10: Si
B11: =IFERROR(__xludf.DUMMYFUNCTION("""COMPUTED_VALUE"""),"El estudiante comprende el funcionamiento del lenguaje de programación Java a través de su aplicación para la resolución de problemas relacionados con las fases del compilador. ") -> El estudiante comprende el funcionamiento del lenguaje de programación Java a través de su aplicación para la resolución de problemas relacionados con las fases del compilador. | D11: =IFERROR(__xludf.DUMMYFUNCTION("""COMPUTED_VALUE"""),"Introduccion al lenguaje Java") -> Introduccion al lenguaje Java | E11: =IFERROR(__xludf.DUMMYFUNCTION("""COMPUTED_VALUE"""),"Estructura de un programa") -> Estructura de un programa | F11: No | G11: Si
B12: =IFERROR(__xludf.DUMMYFUNCTION("""COMPUTED_VALUE"""),"El estudiante comprende el funcionamiento del lenguaje de programación Java a través de su aplicación para la resolución de problemas relacionados con las fases del compilador. ") -> El estudiante comprende el funcionamiento del lenguaje de programación Java a través de su aplicación para la resolución de problemas relacionados con las fases del compilador. | D12: =IFERROR(__xludf.DUMMYFUNCTION("""COMPUTED_VALUE"""),"Buenas Practicas y funciones en Java") -> Buenas Practicas y funciones en Java | E12: =IFERROR(__xludf.DUMMYFUNCTION("""COMPUTED_VALUE"""),"Convenciones de nombres y estilo de código") -> Convenciones de nombres y estilo de código | F12: No | G12: Si
B13: =IFERROR(__xludf.DUMMYFUNCTION("""COMPUTED_VALUE"""),"El estudiante comprende el funcionamiento del lenguaje de programación Java a través de su aplicación para la resolución de problemas relacionados con las fases del compilador. ") -> El estudiante comprende el funcionamiento del lenguaje de programación Java a través de su aplicación para la resolución de problemas relacionados con las fases del compilador. | D13: =IFERROR(__xludf.DUMMYFUNCTION("""COMPUTED_VALUE"""),"Buenas Practicas y funciones en Java") -> Buenas Practicas y funciones en Java | E13: =IFERROR(__xludf.DUMMYFUNCTION("""COMPUTED_VALUE"""),"Gestión de memoria y optimización") -> Gestión de memoria y optimización | F13: No | G13: Si
B14: =IFERROR(__xludf.DUMMYFUNCTION("""COMPUTED_VALUE"""),"El estudiante comprende el funcionamiento del lenguaje de programación Java a través de su aplicación para la resolución de problemas relacionados con las fases del compilador. ") -> El estudiante comprende el funcionamiento del lenguaje de programación Java a través de su aplicación para la resolución de problemas relacionados con las fases del compilador. | D14: =IFERROR(__xludf.DUMMYFUNCTION("""COMPUTED_VALUE"""),"Buenas Practicas y funciones en Java") -> Buenas Practicas y funciones en Java | E14: =IFERROR(__xludf.DUMMYFUNCTION("""COMPUTED_VALUE"""),"Definición y uso de métodos y funciones") -> Definición y uso de métodos y funciones | F14: No | G14: Si
B15: =IFERROR(__xludf.DUMMYFUNCTION("""COMPUTED_VALUE"""),"El estudiante comprende el funcionamiento del lenguaje de programación Java a través de su aplicación para la resolución de problemas relacionados con las fases del compilador. ") -> El estudiante comprende el funcionamiento del lenguaje de programación Java a través de su aplicación para la resolución de problemas relacionados con las fases del compilador. | D15: =IFERROR(__xludf.DUMMYFUNCTION("""COMPUTED_VALUE"""),"Buenas Practicas y funciones en Java") -> Buenas Practicas y funciones en Java | E15: =IFERROR(__xludf.DUMMYFUNCTION("""COMPUTED_VALUE"""),"Creación y uso de clases") -> Creación y uso de clases | F15: No | G15: Si
B16: =IFERROR(__xludf.DUMMYFUNCTION("""COMPUTED_VALUE"""),"El estudiante comprende el funcionamiento del lenguaje de programación Java a través de su aplicación para la resolución de problemas relacionados con las fases del compilador. ") -> El estudiante comprende el funcionamiento del lenguaje de programación Java a través de su aplicación para la resolución de problemas relacionados con las fases del compilador. | D16: =IFERROR(__xludf.DUMMYFUNCTION("""COMPUTED_VALUE"""),"Buenas Practicas y funciones en Java") -> Buenas Practicas y funciones en Java | E16: =IFERROR(__xludf.DUMMYFUNCTION("""COMPUTED_VALUE"""),"Diferencias entre métodos y funciones") -> Diferencias entre métodos y funciones | F16: No | G16: Si
B17: =IFERROR(__xludf.DUMMYFUNCTION("""COMPUTED_VALUE"""),"El estudiante comprende el funcionamiento del lenguaje de programación Java a través de su aplicación para la resolución de problemas relacionados con las fases del compilador. ") -> El estudiante comprende el funcionamiento del lenguaje de programación Java a través de su aplicación para la resolución de problemas relacionados con las fases del compilador. | D17: =IFERROR(__xludf.DUMMYFUNCTION("""COMPUTED_VALUE"""),"Estructuras de Datos y Control en Java") -> Estructuras de Datos y Control en Java | E17: =IFERROR(__xludf.DUMMYFUNCTION("""COMPUTED_VALUE"""),"Arreglos en Java") -> Arreglos en Java | F17: Si | G17: Si
B18: =IFERROR(__xludf.DUMMYFUNCTION("""COMPUTED_VALUE"""),"El estudiante comprende el funcionamiento del lenguaje de programación Java a través de su aplicación para la resolución de problemas relacionados con las fases del compilador. ") -> El estudiante comprende el funcionamiento del lenguaje de programación Java a través de su aplicación para la resolución de problemas relacionados con las fases del compilador. | D18: =IFERROR(__xludf.DUMMYFUNCTION("""COMPUTED_VALUE"""),"Estructuras de Datos y Control en Java") -> Estructuras de Datos y Control en Java | E18: =IFERROR(__xludf.DUMMYFUNCTION("""COMPUTED_VALUE"""),"Diccionarios y estructuras de Datos") -> Diccionarios y estructuras de Datos | F18: No | G18: Si
B19: =IFERROR(__xludf.DUMMYFUNCTION("""COMPUTED_VALUE"""),"El estudiante comprende el funcionamiento del lenguaje de programación Java a través de su aplicación para la resolución de problemas relacionados con las fases del compilador. ") -> El estudiante comprende el funcionamiento del lenguaje de programación Java a través de su aplicación para la resolución de problemas relacionados con las fases del compilador. | D19: =IFERROR(__xludf.DUMMYFUNCTION("""COMPUTED_VALUE"""),"Estructuras de Datos y Control en Java") -> Estructuras de Datos y Control en Java | E19: =IFERROR(__xludf.DUMMYFUNCTION("""COMPUTED_VALUE"""),"Iteracion en Java") -> Iteracion en Java | F19: No | G19: Si
B20: =IFERROR(__xludf.DUMMYFUNCTION("""COMPUTED_VALUE"""),"El estudiante comprende el funcionamiento del lenguaje de programación Java a través de su aplicación para la resolución de problemas relacionados con las fases del compilador. ") -> El estudiante comprende el funcionamiento del lenguaje de programación Java a través de su aplicación para la resolución de problemas relacionados con las fases del compilador. | D20: =IFERROR(__xludf.DUMMYFUNCTION("""COMPUTED_VALUE"""),"Estructuras de Datos y Control en Java") -> Estructuras de Datos y Control en Java | E20: =IFERROR(__xludf.DUMMYFUNCTION("""COMPUTED_VALUE"""),"Lectura de Archivos") -> Lectura de Archivos | F20: No | G20: Si
B21: =IFERROR(__xludf.DUMMYFUNCTION("""COMPUTED_VALUE"""),"El estudiante comprende el funcionamiento del lenguaje de programación Java a través de su aplicación para la resolución de problemas relacionados con las fases del compilador. ") -> El estudiante comprende el funcionamiento del lenguaje de programación Java a través de su aplicación para la resolución de problemas relacionados con las fases del compilador. | D21: =IFERROR(__xludf.DUMMYFUNCTION("""COMPUTED_VALUE"""),"Estructuras de Datos y Control en Java") -> Estructuras de Datos y Control en Java | E21: =IFERROR(__xludf.DUMMYFUNCTION("""COMPUTED_VALUE"""),"Escritura de Archivos") -> Escritura de Archivos | F21: No | G21: Si
B22: =IFERROR(__xludf.DUMMYFUNCTION("""COMPUTED_VALUE"""),"El estudiante analiza la evolución y clasificación de los lenguajes formales y de programación mediante la comparación de sus características, estructuras y herramientas para comprender su organización y funcionamiento ") -> El estudiante analiza la evolución y clasificación de los lenguajes formales y de programación mediante la comparación de sus características, estructuras y herramientas para comprender su organización y funcionamiento | C22: =IFERROR(__xludf.DUMMYFUNCTION("""COMPUTED_VALUE"""),"Lenguajes Formales") -> Lenguajes Formales | D22: =IFERROR(__xludf.DUMMYFUNCTION("""COMPUTED_VALUE"""),"Lenguajes") -> Lenguajes | E22: =IFERROR(__xludf.DUMMYFUNCTION("""COMPUTED_VALUE"""),"Lenguajes Natural") -> Lenguajes Natural | F22: Si | G22: Si
B23: =IFERROR(__xludf.DUMMYFUNCTION("""COMPUTED_VALUE"""),"El estudiante analiza la evolución y clasificación de los lenguajes formales y de programación mediante la comparación de sus características, estructuras y herramientas para comprender su organización y funcionamiento ") -> El estudiante analiza la evolución y clasificación de los lenguajes formales y de programación mediante la comparación de sus características, estructuras y herramientas para comprender su organización y funcionamiento | D23: =IFERROR(__xludf.DUMMYFUNCTION("""COMPUTED_VALUE"""),"Lenguajes") -> Lenguajes | E23: =IFERROR(__xludf.DUMMYFUNCTION("""COMPUTED_VALUE"""),"Lenguajes Formales") -> Lenguajes Formales | F23: Si | G23: Si
B24: =IFERROR(__xludf.DUMMYFUNCTION("""COMPUTED_VALUE"""),"El estudiante analiza la evolución y clasificación de los lenguajes formales y de programación mediante la comparación de sus características, estructuras y herramientas para comprender su organización y funcionamiento ") -> El estudiante analiza la evolución y clasificación de los lenguajes formales y de programación mediante la comparación de sus características, estructuras y herramientas para comprender su organización y funcionamiento | D24: =IFERROR(__xludf.DUMMYFUNCTION("""COMPUTED_VALUE"""),"Lenguajes") -> Lenguajes | E24: =IFERROR(__xludf.DUMMYFUNCTION("""COMPUTED_VALUE"""),"Lenguajes de Programacion") -> Lenguajes de Programacion | F24: Si | G24: Si
B25: =IFERROR(__xludf.DUMMYFUNCTION("""COMPUTED_VALUE"""),"El estudiante analiza la evolución y clasificación de los lenguajes formales y de programación mediante la comparación de sus características, estructuras y herramientas para comprender su organización y funcionamiento ") -> El estudiante analiza la evolución y clasificación de los lenguajes formales y de programación mediante la comparación de sus características, estructuras y herramientas para comprender su organización y funcionamiento | D25: =IFERROR(__xludf.DUMMYFUNCTION("""COMPUTED_VALUE"""),"Lenguajes") -> Lenguajes | E25: =IFERROR(__xludf.DUMMYFUNCTION("""COMPUTED_VALUE"""),"Evolucion de los Lenguajes de Programacion") -> Evolucion de los Lenguajes de Programacion | F25: Si | G25: Si
B26: =IFERROR(__xludf.DUMMYFUNCTION("""COMPUTED_VALUE"""),"El estudiante analiza la evolución y clasificación de los lenguajes formales y de programación mediante la comparación de sus características, estructuras y herramientas para comprender su organización y funcionamiento ") -> El estudiante analiza la evolución y clasificación de los lenguajes formales y de programación mediante la comparación de sus características, estructuras y herramientas para comprender su organización y funcionamiento | D26: =IFERROR(__xludf.DUMMYFUNCTION("""COMPUTED_VALUE"""),"Lenguajes") -> Lenguajes | E26: =IFERROR(__xludf.DUMMYFUNCTION("""COMPUTED_VALUE"""),"Paradigmas") -> Paradigmas | F26: Si | G26: Si
B27: =IFERROR(__xludf.DUMMYFUNCTION("""COMPUTED_VALUE"""),"El estudiante analiza la evolución y clasificación de los lenguajes formales y de programación mediante la comparación de sus características, estructuras y herramientas para comprender su organización y funcionamiento ") -> El estudiante analiza la evolución y clasificación de los lenguajes formales y de programación mediante la comparación de sus características, estructuras y herramientas para comprender su organización y funcionamiento | D27: =IFERROR(__xludf.DUMMYFUNCTION("""COMPUTED_VALUE"""),"Lenguajes") -> Lenguajes | E27: =IFERROR(__xludf.DUMMYFUNCTION("""COMPUTED_VALUE"""),"Generaciones de lenguajes de programación") -> Generaciones de lenguajes de programación | F27: Si | G27: Si
B28: =IFERROR(__xludf.DUMMYFUNCTION("""COMPUTED_VALUE"""),"El estudiante analiza la evolución y clasificación de los lenguajes formales y de programación mediante la comparación de sus características, estructuras y herramientas para comprender su organización y funcionamiento ") -> El estudiante analiza la evolución y clasificación de los lenguajes formales y de programación mediante la comparación de sus características, estructuras y herramientas para comprender su organización y funcionamiento | D28: =IFERROR(__xludf.DUMMYFUNCTION("""COMPUTED_VALUE"""),"Procesadores de Lenguaje") -> Procesadores de Lenguaje | E28: =IFERROR(__xludf.DUMMYFUNCTION("""COMPUTED_VALUE"""),"Interprete") -> Interprete | F28: Si | G28: Si
B29: =IFERROR(__xludf.DUMMYFUNCTION("""COMPUTED_VALUE"""),"El estudiante analiza la evolución y clasificación de los lenguajes formales y de programación mediante la comparación de sus características, estructuras y herramientas para comprender su organización y funcionamiento ") -> El estudiante analiza la evolución y clasificación de los lenguajes formales y de programación mediante la comparación de sus características, estructuras y herramientas para comprender su organización y funcionamiento | D29: =IFERROR(__xludf.DUMMYFUNCTION("""COMPUTED_VALUE"""),"Procesadores de Lenguaje") -> Procesadores de Lenguaje | E29: =IFERROR(__xludf.DUMMYFUNCTION("""COMPUTED_VALUE"""),"Compilador") -> Compilador | F29: Si | G29: Si
B30: =IFERROR(__xludf.DUMMYFUNCTION("""COMPUTED_VALUE"""),"El estudiante analiza la evolución y clasificación de los lenguajes formales y de programación mediante la comparación de sus características, estructuras y herramientas para comprender su organización y funcionamiento ") -> El estudiante analiza la evolución y clasificación de los lenguajes formales y de programación mediante la comparación de sus características, estructuras y herramientas para comprender su organización y funcionamiento | D30: =IFERROR(__xludf.DUMMYFUNCTION("""COMPUTED_VALUE"""),"Procesadores de Lenguaje") -> Procesadores de Lenguaje | E30: =IFERROR(__xludf.DUMMYFUNCTION("""COMPUTED_VALUE"""),"Estructura de un compilador") -> Estructura de un compilador | F30: Si | G30: Si
B31: =IFERROR(__xludf.DUMMYFUNCTION("""COMPUTED_VALUE"""),"El estudiante analiza la evolución y clasificación de los lenguajes formales y de programación mediante la comparación de sus características, estructuras y herramientas para comprender su organización y funcionamiento ") -> El estudiante analiza la evolución y clasificación de los lenguajes formales y de programación mediante la comparación de sus características, estructuras y herramientas para comprender su organización y funcionamiento | D31: =IFERROR(__xludf.DUMMYFUNCTION("""COMPUTED_VALUE"""),"Procesadores de Lenguaje") -> Procesadores de Lenguaje | E31: =IFERROR(__xludf.DUMMYFUNCTION("""COMPUTED_VALUE"""),"Diferencias y Ejemplos") -> Diferencias y Ejemplos | F31: Si | G31: Si
B32: =IFERROR(__xludf.DUMMYFUNCTION("""COMPUTED_VALUE"""),"El estudiante analiza la evolución y clasificación de los lenguajes formales y de programación mediante la comparación de sus características, estructuras y herramientas para comprender su organización y funcionamiento ") -> El estudiante analiza la evolución y clasificación de los lenguajes formales y de programación mediante la comparación de sus características, estructuras y herramientas para comprender su organización y funcionamiento | D32: =IFERROR(__xludf.DUMMYFUNCTION("""COMPUTED_VALUE"""),"Procesadores de Lenguaje") -> Procesadores de Lenguaje | E32: =IFERROR(__xludf.DUMMYFUNCTION("""COMPUTED_VALUE"""),"Herramientas") -> Herramientas | F32: Si | G32: Si
B33: =IFERROR(__xludf.DUMMYFUNCTION("""COMPUTED_VALUE"""),"El estudiante analiza la evolución y clasificación de los lenguajes formales y de programación mediante la comparación de sus características, estructuras y herramientas para comprender su organización y funcionamiento ") -> El estudiante analiza la evolución y clasificación de los lenguajes formales y de programación mediante la comparación de sus características, estructuras y herramientas para comprender su organización y funcionamiento | D33: =IFERROR(__xludf.DUMMYFUNCTION("""COMPUTED_VALUE"""),"Procesadores de Lenguaje") -> Procesadores de Lenguaje | E33: =IFERROR(__xludf.DUMMYFUNCTION("""COMPUTED_VALUE"""),"Jerarquia de Chosmky") -> Jerarquia de Chosmky | F33: Si | G33: Si
B34: =IFERROR(__xludf.DUMMYFUNCTION("""COMPUTED_VALUE"""),"El estudiante analiza la evolución y clasificación de los lenguajes formales y de programación mediante la comparación de sus características, estructuras y herramientas para comprender su organización y funcionamiento ") -> El estudiante analiza la evolución y clasificación de los lenguajes formales y de programación mediante la comparación de sus características, estructuras y herramientas para comprender su organización y funcionamiento | D34: =IFERROR(__xludf.DUMMYFUNCTION("""COMPUTED_VALUE"""),"Procesadores de Lenguaje") -> Procesadores de Lenguaje | E34: =IFERROR(__xludf.DUMMYFUNCTION("""COMPUTED_VALUE"""),"Clasificacion de Gramaticas") -> Clasificacion de Gramaticas | F34: Si | G34: Si
B35: =IFERROR(__xludf.DUMMYFUNCTION("""COMPUTED_VALUE"""),"El estudiante aplica el análisis léxico mediante el uso de expresiones regulares para solucionar problemas que requieran el reconocimiento de lenguajes. ") -> El estudiante aplica el análisis léxico mediante el uso de expresiones regulares para solucionar problemas que requieran el reconocimiento de lenguajes. | C35: =IFERROR(__xludf.DUMMYFUNCTION("""COMPUTED_VALUE"""),"Analisis Lexico") -> Analisis Lexico | D35: =IFERROR(__xludf.DUMMYFUNCTION("""COMPUTED_VALUE"""),"Definicion y Funcion del analizador lexico ") -> Definicion y Funcion del analizador lexico | E35: =IFERROR(__xludf.DUMMYFUNCTION("""COMPUTED_VALUE"""),"Patrones") -> Patrones | F35: Si | G35: Si
B36: =IFERROR(__xludf.DUMMYFUNCTION("""COMPUTED_VALUE"""),"El estudiante aplica el análisis léxico mediante el uso de expresiones regulares para solucionar problemas que requieran el reconocimiento de lenguajes. ") -> El estudiante aplica el análisis léxico mediante el uso de expresiones regulares para solucionar problemas que requieran el reconocimiento de lenguajes. | D36: =IFERROR(__xludf.DUMMYFUNCTION("""COMPUTED_VALUE"""),"Definicion y Funcion del analizador lexico ") -> Definicion y Funcion del analizador lexico | E36: =IFERROR(__xludf.DUMMYFUNCTION("""COMPUTED_VALUE"""),"Tokens") -> Tokens | F36: Si | G36: Si
B37: =IFERROR(__xludf.DUMMYFUNCTION("""COMPUTED_VALUE"""),"El estudiante aplica el análisis léxico mediante el uso de expresiones regulares para solucionar problemas que requieran el reconocimiento de lenguajes. ") -> El estudiante aplica el análisis léxico mediante el uso de expresiones regulares para solucionar problemas que requieran el reconocimiento de lenguajes. | D37: =IFERROR(__xludf.DUMMYFUNCTION("""COMPUTED_VALUE"""),"Definicion y Funcion del analizador lexico ") -> Definicion y Funcion del analizador lexico | E37: =IFERROR(__xludf.DUMMYFUNCTION("""COMPUTED_VALUE"""),"Lexemas") -> Lexemas | F37: Si | G37: Si
B38: =IFERROR(__xludf.DUMMYFUNCTION("""COMPUTED_VALUE"""),"El estudiante aplica el análisis léxico mediante el uso de expresiones regulares para solucionar problemas que requieran el reconocimiento de lenguajes. ") -> El estudiante aplica el análisis léxico mediante el uso de expresiones regulares para solucionar problemas que requieran el reconocimiento de lenguajes. | D38: =IFERROR(__xludf.DUMMYFUNCTION("""COMPUTED_VALUE"""),"Definicion y Funcion del analizador lexico ") -> Definicion y Funcion del analizador lexico | E38: =IFERROR(__xludf.DUMMYFUNCTION("""COMPUTED_VALUE"""),"Errores Lexicos") -> Errores Lexicos | F38: Si | G38: Si
B39: =IFERROR(__xludf.DUMMYFUNCTION("""COMPUTED_VALUE"""),"El estudiante aplica el análisis léxico mediante el uso de expresiones regulares para solucionar problemas que requieran el reconocimiento de lenguajes. ") -> El estudiante aplica el análisis léxico mediante el uso de expresiones regulares para solucionar problemas que requieran el reconocimiento de lenguajes. | D39: =IFERROR(__xludf.DUMMYFUNCTION("""COMPUTED_VALUE"""),"Definicion y Funcion del analizador lexico ") -> Definicion y Funcion del analizador lexico | E39: =IFERROR(__xludf.DUMMYFUNCTION("""COMPUTED_VALUE"""),"Ejemplos de tokens en diferentes lenguajes") -> Ejemplos de tokens en diferentes lenguajes | F39: Si | G39: Si
B40: =IFERROR(__xludf.DUMMYFUNCTION("""COMPUTED_VALUE"""),"El estudiante aplica el análisis léxico mediante el uso de expresiones regulares para solucionar problemas que requieran el reconocimiento de lenguajes. ") -> El estudiante aplica el análisis léxico mediante el uso de expresiones regulares para solucionar problemas que requieran el reconocimiento de lenguajes. | D40: =IFERROR(__xludf.DUMMYFUNCTION("""COMPUTED_VALUE"""),"Operaciones Entre Lenguajes y Expresiones regulares") -> Operaciones Entre Lenguajes y Expresiones regulares | E40: =IFERROR(__xludf.DUMMYFUNCTION("""COMPUTED_VALUE"""),"Interoperabilidad entre Lenguajes") -> Interoperabilidad entre Lenguajes | F40: No | G40: No
B41: =IFERROR(__xludf.DUMMYFUNCTION("""COMPUTED_VALUE"""),"El estudiante aplica el análisis léxico mediante el uso de expresiones regulares para solucionar problemas que requieran el reconocimiento de lenguajes. ") -> El estudiante aplica el análisis léxico mediante el uso de expresiones regulares para solucionar problemas que requieran el reconocimiento de lenguajes. | D41: =IFERROR(__xludf.DUMMYFUNCTION("""COMPUTED_VALUE"""),"Operaciones Entre Lenguajes y Expresiones regulares") -> Operaciones Entre Lenguajes y Expresiones regulares | E41: =IFERROR(__xludf.DUMMYFUNCTION("""COMPUTED_VALUE"""),"Concepto de interoperabilidad") -> Concepto de interoperabilidad | F41: No | G41: No
B42: =IFERROR(__xludf.DUMMYFUNCTION("""COMPUTED_VALUE"""),"El estudiante aplica el análisis léxico mediante el uso de expresiones regulares para solucionar problemas que requieran el reconocimiento de lenguajes. ") -> El estudiante aplica el análisis léxico mediante el uso de expresiones regulares para solucionar problemas que requieran el reconocimiento de lenguajes. | D42: =IFERROR(__xludf.DUMMYFUNCTION("""COMPUTED_VALUE"""),"Operaciones Entre Lenguajes y Expresiones regulares") -> Operaciones Entre Lenguajes y Expresiones regulares | E42: =IFERROR(__xludf.DUMMYFUNCTION("""COMPUTED_VALUE"""),"Traducción y Compilación:Proceso de traducción de un lenguaje a otro") -> Traducción y Compilación:Proceso de traducción de un lenguaje a otro | F42: Si | G42: Si
B43: =IFERROR(__xludf.DUMMYFUNCTION("""COMPUTED_VALUE"""),"El estudiante aplica el análisis léxico mediante el uso de expresiones regulares para solucionar problemas que requieran el reconocimiento de lenguajes. ") -> El estudiante aplica el análisis léxico mediante el uso de expresiones regulares para solucionar problemas que requieran el reconocimiento de lenguajes. | D43: =IFERROR(__xludf.DUMMYFUNCTION("""COMPUTED_VALUE"""),"Operaciones Entre Lenguajes y Expresiones regulares") -> Operaciones Entre Lenguajes y Expresiones regulares | E43: =IFERROR(__xludf.DUMMYFUNCTION("""COMPUTED_VALUE"""),"Buenas Prácticas en Interoperabilidad") -> Buenas Prácticas en Interoperabilidad | F43: No | G43: Si
B44: =IFERROR(__xludf.DUMMYFUNCTION("""COMPUTED_VALUE"""),"El estudiante aplica el análisis léxico mediante el uso de expresiones regulares para solucionar problemas que requieran el reconocimiento de lenguajes. ") -> El estudiante aplica el análisis léxico mediante el uso de expresiones regulares para solucionar problemas que requieran el reconocimiento de lenguajes. | D44: =IFERROR(__xludf.DUMMYFUNCTION("""COMPUTED_VALUE"""),"Operaciones Entre Lenguajes y Expresiones regulares") -> Operaciones Entre Lenguajes y Expresiones regulares | E44: =IFERROR(__xludf.DUMMYFUNCTION("""COMPUTED_VALUE"""),"¿Qué son las expresiones regulares?") -> ¿Qué son las expresiones regulares? | F44: Si | G44: Si
B45: =IFERROR(__xludf.DUMMYFUNCTION("""COMPUTED_VALUE"""),"El estudiante aplica el análisis léxico mediante el uso de expresiones regulares para solucionar problemas que requieran el reconocimiento de lenguajes. ") -> El estudiante aplica el análisis léxico mediante el uso de expresiones regulares para solucionar problemas que requieran el reconocimiento de lenguajes. | D45: =IFERROR(__xludf.DUMMYFUNCTION("""COMPUTED_VALUE"""),"Operaciones Entre Lenguajes y Expresiones regulares") -> Operaciones Entre Lenguajes y Expresiones regulares | E45: =IFERROR(__xludf.DUMMYFUNCTION("""COMPUTED_VALUE"""),"Aplicaciones de Expresiones Regulares en Análisis Léxico") -> Aplicaciones de Expresiones Regulares en Análisis Léxico | F45: Si | G45: Si
B46: =IFERROR(__xludf.DUMMYFUNCTION("""COMPUTED_VALUE"""),"El estudiante aplica el análisis léxico mediante el uso de expresiones regulares para solucionar problemas que requieran el reconocimiento de lenguajes. ") -> El estudiante aplica el análisis léxico mediante el uso de expresiones regulares para solucionar problemas que requieran el reconocimiento de lenguajes. | D46: =IFERROR(__xludf.DUMMYFUNCTION("""COMPUTED_VALUE"""),"Operaciones Entre Lenguajes y Expresiones regulares") -> Operaciones Entre Lenguajes y Expresiones regulares | E46: =IFERROR(__xludf.DUMMYFUNCTION("""COMPUTED_VALUE"""),"Diagrama de transición de estados") -> Diagrama de transición de estados | F46: Si | G46: Si
B47: =IFERROR(__xludf.DUMMYFUNCTION("""COMPUTED_VALUE"""),"El estudiante aplica el análisis léxico mediante el uso de expresiones regulares para solucionar problemas que requieran el reconocimiento de lenguajes. ") -> El estudiante aplica el análisis léxico mediante el uso de expresiones regulares para solucionar problemas que requieran el reconocimiento de lenguajes. | D47: =IFERROR(__xludf.DUMMYFUNCTION("""COMPUTED_VALUE"""),"Operaciones Entre Lenguajes y Expresiones regulares") -> Operaciones Entre Lenguajes y Expresiones regulares | E47: =IFERROR(__xludf.DUMMYFUNCTION("""COMPUTED_VALUE"""),"Tablas de Transicion") -> Tablas de Transicion | F47: Si | G47: Si
B48: =IFERROR(__xludf.DUMMYFUNCTION("""COMPUTED_VALUE"""),"El estudiante aplica el análisis léxico mediante el uso de expresiones regulares para solucionar problemas que requieran el reconocimiento de lenguajes. ") -> El estudiante aplica el análisis léxico mediante el uso de expresiones regulares para solucionar problemas que requieran el reconocimiento de lenguajes. | D48: =IFERROR(__xludf.DUMMYFUNCTION("""COMPUTED_VALUE"""),"Automata Finitos") -> Automata Finitos | E48: =IFERROR(__xludf.DUMMYFUNCTION("""COMPUTED_VALUE"""),"Definición de AFN") -> Definición de AFN | F48: Si | G48: Si
B49: =IFERROR(__xludf.DUMMYFUNCTION("""COMPUTED_VALUE"""),"El estudiante aplica el análisis léxico mediante el uso de expresiones regulares para solucionar problemas que requieran el reconocimiento de lenguajes. ") -> El estudiante aplica el análisis léxico mediante el uso de expresiones regulares para solucionar problemas que requieran el reconocimiento de lenguajes. | D49: =IFERROR(__xludf.DUMMYFUNCTION("""COMPUTED_VALUE"""),"Automata Finitos") -> Automata Finitos | E49: =IFERROR(__xludf.DUMMYFUNCTION("""COMPUTED_VALUE"""),"Estructura de un AFN") -> Estructura de un AFN | F49: Si | G49: Si
B50: =IFERROR(__xludf.DUMMYFUNCTION("""COMPUTED_VALUE"""),"El estudiante aplica el análisis léxico mediante el uso de expresiones regulares para solucionar problemas que requieran el reconocimiento de lenguajes. ") -> El estudiante aplica el análisis léxico mediante el uso de expresiones regulares para solucionar problemas que requieran el reconocimiento de lenguajes. | D50: =IFERROR(__xludf.DUMMYFUNCTION("""COMPUTED_VALUE"""),"Automata Finitos") -> Automata Finitos | E50: =IFERROR(__xludf.DUMMYFUNCTION("""COMPUTED_VALUE"""),"Ejemplo de AFN") -> Ejemplo de AFN | F50: Si | G50: Si
B51: =IFERROR(__xludf.DUMMYFUNCTION("""COMPUTED_VALUE"""),"El estudiante aplica el análisis léxico mediante el uso de expresiones regulares para solucionar problemas que requieran el reconocimiento de lenguajes. ") -> El estudiante aplica el análisis léxico mediante el uso de expresiones regulares para solucionar problemas que requieran el reconocimiento de lenguajes. | D51: =IFERROR(__xludf.DUMMYFUNCTION("""COMPUTED_VALUE"""),"Automata Finitos") -> Automata Finitos | E51: =IFERROR(__xludf.DUMMYFUNCTION("""COMPUTED_VALUE"""),"Definición de AFD") -> Definición de AFD | F51: Si | G51: Si
B52: =IFERROR(__xludf.DUMMYFUNCTION("""COMPUTED_VALUE"""),"El estudiante aplica el análisis léxico mediante el uso de expresiones regulares para solucionar problemas que requieran el reconocimiento de lenguajes. ") -> El estudiante aplica el análisis léxico mediante el uso de expresiones regulares para solucionar problemas que requieran el reconocimiento de lenguajes. | D52: =IFERROR(__xludf.DUMMYFUNCTION("""COMPUTED_VALUE"""),"Automata Finitos") -> Automata Finitos | E52: =IFERROR(__xludf.DUMMYFUNCTION("""COMPUTED_VALUE"""),"Estructura de un AFD") -> Estructura de un AFD | F52: Si | G52: Si
B53: =IFERROR(__xludf.DUMMYFUNCTION("""COMPUTED_VALUE"""),"El estudiante aplica el análisis léxico mediante el uso de expresiones regulares para solucionar problemas que requieran el reconocimiento de lenguajes. ") -> El estudiante aplica el análisis léxico mediante el uso de expresiones regulares para solucionar problemas que requieran el reconocimiento de lenguajes. | D53: =IFERROR(__xludf.DUMMYFUNCTION("""COMPUTED_VALUE"""),"Automata Finitos") -> Automata Finitos | E53: =IFERROR(__xludf.DUMMYFUNCTION("""COMPUTED_VALUE"""),"Ejemplo de AFD") -> Ejemplo de AFD | F53: Si | G53: Si
B54: =IFERROR(__xludf.DUMMYFUNCTION("""COMPUTED_VALUE"""),"El estudiante aplica el análisis léxico mediante el uso de expresiones regulares para solucionar problemas que requieran el reconocimiento de lenguajes. ") -> El estudiante aplica el análisis léxico mediante el uso de expresiones regulares para solucionar problemas que requieran el reconocimiento de lenguajes. | D54: =IFERROR(__xludf.DUMMYFUNCTION("""COMPUTED_VALUE"""),"Conversion AFN a AFD") -> Conversion AFN a AFD | E54: =IFERROR(__xludf.DUMMYFUNCTION("""COMPUTED_VALUE"""),"Método del Árbol") -> Método del Árbol | F54: Si | G54: Si
B55: =IFERROR(__xludf.DUMMYFUNCTION("""COMPUTED_VALUE"""),"El estudiante aplica el análisis léxico mediante el uso de expresiones regulares para solucionar problemas que requieran el reconocimiento de lenguajes. ") -> El estudiante aplica el análisis léxico mediante el uso de expresiones regulares para solucionar problemas que requieran el reconocimiento de lenguajes. | D55: =IFERROR(__xludf.DUMMYFUNCTION("""COMPUTED_VALUE"""),"Conversion AFN a AFD") -> Conversion AFN a AFD | E55: =IFERROR(__xludf.DUMMYFUNCTION("""COMPUTED_VALUE"""),"Anulables") -> Anulables | F55: Si | G55: Si
B56: =IFERROR(__xludf.DUMMYFUNCTION("""COMPUTED_VALUE"""),"El estudiante aplica el análisis léxico mediante el uso de expresiones regulares para solucionar problemas que requieran el reconocimiento de lenguajes. ") -> El estudiante aplica el análisis léxico mediante el uso de expresiones regulares para solucionar problemas que requieran el reconocimiento de lenguajes. | D56: =IFERROR(__xludf.DUMMYFUNCTION("""COMPUTED_VALUE"""),"Conversion AFN a AFD") -> Conversion AFN a AFD | E56: =IFERROR(__xludf.DUMMYFUNCTION("""COMPUTED_VALUE"""),"Cálculo de First, Last y Next") -> Cálculo de First, Last y Next | F56: Si | G56: Si
B57: =IFERROR(__xludf.DUMMYFUNCTION("""COMPUTED_VALUE"""),"El estudiante aplica técnicas de minimización de autómatas finitos deterministas (AFD) mediante la identificación de estados equivalentes y particiones sucesivas para reducir el número de estados sin alterar el lenguaje reconocido ") -> El estudiante aplica técnicas de minimización de autómatas finitos deterministas (AFD) mediante la identificación de estados equivalentes y particiones sucesivas para reducir el número de estados sin alterar el lenguaje reconocido | D57: =IFERROR(__xludf.DUMMYFUNCTION("""COMPUTED_VALUE"""),"Optimizacion de Estados") -> Optimizacion de Estados | E57: =IFERROR(__xludf.DUMMYFUNCTION("""COMPUTED_VALUE"""),"Minimización de un AFD") -> Minimización de un AFD | F57: Si | G57: Si
B58: =IFERROR(__xludf.DUMMYFUNCTION("""COMPUTED_VALUE"""),"El estudiante aplica técnicas de minimización de autómatas finitos deterministas (AFD) mediante la identificación de estados equivalentes y particiones sucesivas para reducir el número de estados sin alterar el lenguaje reconocido ") -> El estudiante aplica técnicas de minimización de autómatas finitos deterministas (AFD) mediante la identificación de estados equivalentes y particiones sucesivas para reducir el número de estados sin alterar el lenguaje reconocido | D58: =IFERROR(__xludf.DUMMYFUNCTION("""COMPUTED_VALUE"""),"Optimizacion de Estados") -> Optimizacion de Estados | E58: =IFERROR(__xludf.DUMMYFUNCTION("""COMPUTED_VALUE"""),"Identificación de Estados Equivalentes") -> Identificación de Estados Equivalentes | F58: Si | G58: Si
B59: =IFERROR(__xludf.DUMMYFUNCTION("""COMPUTED_VALUE"""),"El estudiante aplica técnicas de minimización de autómatas finitos deterministas (AFD) mediante la identificación de estados equivalentes y particiones sucesivas para reducir el número de estados sin alterar el lenguaje reconocido ") -> El estudiante aplica técnicas de minimización de autómatas finitos deterministas (AFD) mediante la identificación de estados equivalentes y particiones sucesivas para reducir el número de estados sin alterar el lenguaje reconocido | D59: =IFERROR(__xludf.DUMMYFUNCTION("""COMPUTED_VALUE"""),"Optimizacion de Estados") -> Optimizacion de Estados | E59: =IFERROR(__xludf.DUMMYFUNCTION("""COMPUTED_VALUE"""),"Representación Compacta de AFD") -> Representación Compacta de AFD | F59: Si | G59: Si
B60: =IFERROR(__xludf.DUMMYFUNCTION("""COMPUTED_VALUE"""),"El estudiante aplica técnicas de minimización de autómatas finitos deterministas (AFD) mediante la identificación de estados equivalentes y particiones sucesivas para reducir el número de estados sin alterar el lenguaje reconocido ") -> El estudiante aplica técnicas de minimización de autómatas finitos deterministas (AFD) mediante la identificación de estados equivalentes y particiones sucesivas para reducir el número de estados sin alterar el lenguaje reconocido | D60: =IFERROR(__xludf.DUMMYFUNCTION("""COMPUTED_VALUE"""),"Optimizacion de Estados") -> Optimizacion de Estados | E60: =IFERROR(__xludf.DUMMYFUNCTION("""COMPUTED_VALUE"""),"Ventajas de una representación optimizada") -> Ventajas de una representación optimizada | F60: Si | G60: Si
B61: =IFERROR(__xludf.DUMMYFUNCTION("""COMPUTED_VALUE"""),"El estudiante aplica el analisis sintactico mediante el uso de gramáticas formales y técnicas de parsing (descendente o ascendente) para verificar la estructura gramatical y construir árboles sintácticos que permitan solucionar problemas relacionados con "&"la interpretación de lenguajes formales. ") -> El estudiante aplica el analisis sintactico mediante el uso de gramáticas formales y técnicas de parsing (descendente o ascendente) para verificar la estructura gramatical y construir árboles sintácticos que permitan solucionar problemas relacionados con la interpretación de lenguajes formales. | C61: =IFERROR(__xludf.DUMMYFUNCTION("""COMPUTED_VALUE"""),"Analisis Sintactico") -> Analisis Sintactico | D61: =IFERROR(__xludf.DUMMYFUNCTION("""COMPUTED_VALUE"""),"Funcion del Analizador Sintactico ") -> Funcion del Analizador Sintactico | E61: =IFERROR(__xludf.DUMMYFUNCTION("""COMPUTED_VALUE"""),"Definición de análisis sintáctico") -> Definición de análisis sintáctico | F61: Si | G61: Si
B62: =IFERROR(__xludf.DUMMYFUNCTION("""COMPUTED_VALUE"""),"El estudiante aplica el analisis sintactico mediante el uso de gramáticas formales y técnicas de parsing (descendente o ascendente) para verificar la estructura gramatical y construir árboles sintácticos que permitan solucionar problemas relacionados con "&"la interpretación de lenguajes formales. ") -> El estudiante aplica el analisis sintactico mediante el uso de gramáticas formales y técnicas de parsing (descendente o ascendente) para verificar la estructura gramatical y construir árboles sintácticos que permitan solucionar problemas relacionados con la interpretación de lenguajes formales. | D62: =IFERROR(__xludf.DUMMYFUNCTION("""COMPUTED_VALUE"""),"Funcion del Analizador Sintactico ") -> Funcion del Analizador Sintactico | E62: =IFERROR(__xludf.DUMMYFUNCTION("""COMPUTED_VALUE"""),"Propósito del analizador sintáctico en un compilador") -> Propósito del analizador sintáctico en un compilador | F62: Si | G62: Si
B63: =IFERROR(__xludf.DUMMYFUNCTION("""COMPUTED_VALUE"""),"El estudiante aplica el analisis sintactico mediante el uso de gramáticas formales y técnicas de parsing (descendente o ascendente) para verificar la estructura gramatical y construir árboles sintácticos que permitan solucionar problemas relacionados con "&"la interpretación de lenguajes formales. ") -> El estudiante aplica el analisis sintactico mediante el uso de gramáticas formales y técnicas de parsing (descendente o ascendente) para verificar la estructura gramatical y construir árboles sintácticos que permitan solucionar problemas relacionados con la interpretación de lenguajes formales. | D63: =IFERROR(__xludf.DUMMYFUNCTION("""COMPUTED_VALUE"""),"Funcion del Analizador Sintactico ") -> Funcion del Analizador Sintactico | E63: =IFERROR(__xludf.DUMMYFUNCTION("""COMPUTED_VALUE"""),"Diferencias entre análisis léxico y sintáctico") -> Diferencias entre análisis léxico y sintáctico | F63: Si | G63: Si
B64: =IFERROR(__xludf.DUMMYFUNCTION("""COMPUTED_VALUE"""),"El estudiante aplica el analisis sintactico mediante el uso de gramáticas formales y técnicas de parsing (descendente o ascendente) para verificar la estructura gramatical y construir árboles sintácticos que permitan solucionar problemas relacionados con "&"la interpretación de lenguajes formales. ") -> El estudiante aplica el analisis sintactico mediante el uso de gramáticas formales y técnicas de parsing (descendente o ascendente) para verificar la estructura gramatical y construir árboles sintácticos que permitan solucionar problemas relacionados con la interpretación de lenguajes formales. | D64: =IFERROR(__xludf.DUMMYFUNCTION("""COMPUTED_VALUE"""),"Funcion del Analizador Sintactico ") -> Funcion del Analizador Sintactico | E64: =IFERROR(__xludf.DUMMYFUNCTION("""COMPUTED_VALUE"""),"Analizadores sintácticos ascendentes") -> Analizadores sintácticos ascendentes | F64: Si | G64: Si
B65: =IFERROR(__xludf.DUMMYFUNCTION("""COMPUTED_VALUE"""),"El estudiante aplica el analisis sintactico mediante el uso de gramáticas formales y técnicas de parsing (descendente o ascendente) para verificar la estructura gramatical y construir árboles sintácticos que permitan solucionar problemas relacionados con "&"la interpretación de lenguajes formales. ") -> El estudiante aplica el analisis sintactico mediante el uso de gramáticas formales y técnicas de parsing (descendente o ascendente) para verificar la estructura gramatical y construir árboles sintácticos que permitan solucionar problemas relacionados con la interpretación de lenguajes formales. | D65: =IFERROR(__xludf.DUMMYFUNCTION("""COMPUTED_VALUE"""),"Funcion del Analizador Sintactico ") -> Funcion del Analizador Sintactico | E65: =IFERROR(__xludf.DUMMYFUNCTION("""COMPUTED_VALUE"""),"Analizadores sintácticos descendentes") -> Analizadores sintácticos descendentes | F65: Si | G65: Si
B66: =IFERROR(__xludf.DUMMYFUNCTION("""COMPUTED_VALUE"""),"El estudiante aplica el analisis sintactico mediante el uso de gramáticas formales y técnicas de parsing (descendente o ascendente) para verificar la estructura gramatical y construir árboles sintácticos que permitan solucionar problemas relacionados con "&"la interpretación de lenguajes formales. ") -> El estudiante aplica el analisis sintactico mediante el uso de gramáticas formales y técnicas de parsing (descendente o ascendente) para verificar la estructura gramatical y construir árboles sintácticos que permitan solucionar problemas relacionados con la interpretación de lenguajes formales. | D66: =IFERROR(__xludf.DUMMYFUNCTION("""COMPUTED_VALUE"""),"Funcion del Analizador Sintactico ") -> Funcion del Analizador Sintactico | E66: =IFERROR(__xludf.DUMMYFUNCTION("""COMPUTED_VALUE"""),"Comparación de técnicas de análisis sintáctico") -> Comparación de técnicas de análisis sintáctico | F66: Si | G66: Si
B67: =IFERROR(__xludf.DUMMYFUNCTION("""COMPUTED_VALUE"""),"El estudiante genera gramáticas libres de contexto mediante el análisis sintáctico para reconocer lenguajes formales. ") -> El estudiante genera gramáticas libres de contexto mediante el análisis sintáctico para reconocer lenguajes formales. | D67: =IFERROR(__xludf.DUMMYFUNCTION("""COMPUTED_VALUE"""),"Lenguajes Libres de Contexto ") -> Lenguajes Libres de Contexto | E67: =IFERROR(__xludf.DUMMYFUNCTION("""COMPUTED_VALUE"""),"Definición de lenguajes libres de contexto (LFC)") -> Definición de lenguajes libres de contexto (LFC) | F67: Si | G67: Si
B68: =IFERROR(__xludf.DUMMYFUNCTION("""COMPUTED_VALUE"""),"El estudiante genera gramáticas libres de contexto mediante el análisis sintáctico para reconocer lenguajes formales. ") -> El estudiante genera gramáticas libres de contexto mediante el análisis sintáctico para reconocer lenguajes formales. | D68: =IFERROR(__xludf.DUMMYFUNCTION("""COMPUTED_VALUE"""),"Lenguajes Libres de Contexto ") -> Lenguajes Libres de Contexto | E68: =IFERROR(__xludf.DUMMYFUNCTION("""COMPUTED_VALUE"""),"Características de LFC") -> Características de LFC | F68: Si | G68: Si
B69: =IFERROR(__xludf.DUMMYFUNCTION("""COMPUTED_VALUE"""),"El estudiante genera gramáticas libres de contexto mediante el análisis sintáctico para reconocer lenguajes formales. ") -> El estudiante genera gramáticas libres de contexto mediante el análisis sintáctico para reconocer lenguajes formales. | D69: =IFERROR(__xludf.DUMMYFUNCTION("""COMPUTED_VALUE"""),"Lenguajes Libres de Contexto ") -> Lenguajes Libres de Contexto | E69: =IFERROR(__xludf.DUMMYFUNCTION("""COMPUTED_VALUE"""),"Importancia de los LFC en la teoría de lenguajes de programación") -> Importancia de los LFC en la teoría de lenguajes de programación | F69: Si | G69: Si
B70: =IFERROR(__xludf.DUMMYFUNCTION("""COMPUTED_VALUE"""),"El estudiante genera gramáticas libres de contexto mediante el análisis sintáctico para reconocer lenguajes formales. ") -> El estudiante genera gramáticas libres de contexto mediante el análisis sintáctico para reconocer lenguajes formales. | D70: =IFERROR(__xludf.DUMMYFUNCTION("""COMPUTED_VALUE"""),"Lenguajes Libres de Contexto ") -> Lenguajes Libres de Contexto | E70: =IFERROR(__xludf.DUMMYFUNCTION("""COMPUTED_VALUE"""),"Gramáticas Tipo 2") -> Gramáticas Tipo 2 | F70: Si | G70: Si
B71: =IFERROR(__xludf.DUMMYFUNCTION("""COMPUTED_VALUE"""),"El estudiante genera gramáticas libres de contexto mediante el análisis sintáctico para reconocer lenguajes formales. ") -> El estudiante genera gramáticas libres de contexto mediante el análisis sintáctico para reconocer lenguajes formales. | D71: =IFERROR(__xludf.DUMMYFUNCTION("""COMPUTED_VALUE"""),"Lenguajes Libres de Contexto ") -> Lenguajes Libres de Contexto | E71: =IFERROR(__xludf.DUMMYFUNCTION("""COMPUTED_VALUE"""),"Ejemplos de generación de cadenas usando gramáticas Tipo 2") -> Ejemplos de generación de cadenas usando gramáticas Tipo 2 | F71: Si | G71: Si
B72: =IFERROR(__xludf.DUMMYFUNCTION("""COMPUTED_VALUE"""),"El estudiante genera gramáticas libres de contexto mediante el análisis sintáctico para reconocer lenguajes formales. ") -> El estudiante genera gramáticas libres de contexto mediante el análisis sintáctico para reconocer lenguajes formales. | D72: =IFERROR(__xludf.DUMMYFUNCTION("""COMPUTED_VALUE"""),"Lenguajes Libres de Contexto ") -> Lenguajes Libres de Contexto | E72: =IFERROR(__xludf.DUMMYFUNCTION("""COMPUTED_VALUE"""),"Aplicaciones prácticas de gramáticas Tipo 2 en lenguajes de programación") -> Aplicaciones prácticas de gramáticas Tipo 2 en lenguajes de programación | F72: Si | G72: Si
B73: =IFERROR(__xludf.DUMMYFUNCTION("""COMPUTED_VALUE"""),"El estudiante genera gramáticas libres de contexto mediante el análisis sintáctico para reconocer lenguajes formales. ") -> El estudiante genera gramáticas libres de contexto mediante el análisis sintáctico para reconocer lenguajes formales. | D73: =IFERROR(__xludf.DUMMYFUNCTION("""COMPUTED_VALUE"""),"Arboles de Derivacion y Ambigueadad") -> Arboles de Derivacion y Ambigueadad | E73: =IFERROR(__xludf.DUMMYFUNCTION("""COMPUTED_VALUE"""),"Árboles de derivación") -> Árboles de derivación | F73: Si | G73: Si
B74: =IFERROR(__xludf.DUMMYFUNCTION("""COMPUTED_VALUE"""),"El estudiante genera gramáticas libres de contexto mediante el análisis sintáctico para reconocer lenguajes formales. ") -> El estudiante genera gramáticas libres de contexto mediante el análisis sintáctico para reconocer lenguajes formales. | D74: =IFERROR(__xludf.DUMMYFUNCTION("""COMPUTED_VALUE"""),"Arboles de Derivacion y Ambigueadad") -> Arboles de Derivacion y Ambigueadad | E74: =IFERROR(__xludf.DUMMYFUNCTION("""COMPUTED_VALUE"""),"Definición y construcción de árboles de derivación") -> Definición y construcción de árboles de derivación | F74: Si | G74: Si
B75: =IFERROR(__xludf.DUMMYFUNCTION("""COMPUTED_VALUE"""),"El estudiante genera gramáticas libres de contexto mediante el análisis sintáctico para reconocer lenguajes formales. ") -> El estudiante genera gramáticas libres de contexto mediante el análisis sintáctico para reconocer lenguajes formales. | D75: =IFERROR(__xludf.DUMMYFUNCTION("""COMPUTED_VALUE"""),"Arboles de Derivacion y Ambigueadad") -> Arboles de Derivacion y Ambigueadad | E75: =IFERROR(__xludf.DUMMYFUNCTION("""COMPUTED_VALUE"""),"Ambigüedad") -> Ambigüedad | F75: Si | G75: Si
B76: =IFERROR(__xludf.DUMMYFUNCTION("""COMPUTED_VALUE"""),"El estudiante genera gramáticas libres de contexto mediante el análisis sintáctico para reconocer lenguajes formales. ") -> El estudiante genera gramáticas libres de contexto mediante el análisis sintáctico para reconocer lenguajes formales. | D76: =IFERROR(__xludf.DUMMYFUNCTION("""COMPUTED_VALUE"""),"Arboles de Derivacion y Ambigueadad") -> Arboles de Derivacion y Ambigueadad | E76: =IFERROR(__xludf.DUMMYFUNCTION("""COMPUTED_VALUE"""),"Concepto de ambigüedad en gramáticas") -> Concepto de ambigüedad en gramáticas | F76: Si | G76: Si
B77: =IFERROR(__xludf.DUMMYFUNCTION("""COMPUTED_VALUE"""),"El estudiante genera gramáticas libres de contexto mediante el análisis sintáctico para reconocer lenguajes formales. ") -> El estudiante genera gramáticas libres de contexto mediante el análisis sintáctico para reconocer lenguajes formales. | D77: =IFERROR(__xludf.DUMMYFUNCTION("""COMPUTED_VALUE"""),"Arboles de Derivacion y Ambigueadad") -> Arboles de Derivacion y Ambigueadad | E77: =IFERROR(__xludf.DUMMYFUNCTION("""COMPUTED_VALUE"""),"Ejemplos de gramáticas ambiguas") -> Ejemplos de gramáticas ambiguas | F77: Si | G77: Si
B78: =IFERROR(__xludf.DUMMYFUNCTION("""COMPUTED_VALUE"""),"El estudiante genera gramáticas libres de contexto mediante el análisis sintáctico para reconocer lenguajes formales. ") -> El estudiante genera gramáticas libres de contexto mediante el análisis sintáctico para reconocer lenguajes formales. | D78: =IFERROR(__xludf.DUMMYFUNCTION("""COMPUTED_VALUE"""),"Arboles de Derivacion y Ambigueadad") -> Arboles de Derivacion y Ambigueadad | E78: =IFERROR(__xludf.DUMMYFUNCTION("""COMPUTED_VALUE"""),"Recursividad") -> Recursividad | F78: Si | G78: Si
B79: =IFERROR(__xludf.DUMMYFUNCTION("""COMPUTED_VALUE"""),"El estudiante genera gramáticas libres de contexto mediante el análisis sintáctico para reconocer lenguajes formales. ") -> El estudiante genera gramáticas libres de contexto mediante el análisis sintáctico para reconocer lenguajes formales. | D79: =IFERROR(__xludf.DUMMYFUNCTION("""COMPUTED_VALUE"""),"Arboles de Derivacion y Ambigueadad") -> Arboles de Derivacion y Ambigueadad | E79: =IFERROR(__xludf.DUMMYFUNCTION("""COMPUTED_VALUE"""),"Definición de recursividad en gramáticas") -> Definición de recursividad en gramáticas | F79: Si | G79: Si
B80: =IFERROR(__xludf.DUMMYFUNCTION("""COMPUTED_VALUE"""),"El estudiante genera gramáticas libres de contexto mediante el análisis sintáctico para reconocer lenguajes formales. ") -> El estudiante genera gramáticas libres de contexto mediante el análisis sintáctico para reconocer lenguajes formales. | D80: =IFERROR(__xludf.DUMMYFUNCTION("""COMPUTED_VALUE"""),"Arboles de Derivacion y Ambigueadad") -> Arboles de Derivacion y Ambigueadad | E80: =IFERROR(__xludf.DUMMYFUNCTION("""COMPUTED_VALUE"""),"Ejemplos de gramáticas recursivas") -> Ejemplos de gramáticas recursivas | F80: Si | G80: Si
B81: =IFERROR(__xludf.DUMMYFUNCTION("""COMPUTED_VALUE"""),"El estudiante construye aplicaciones mediante el uso del análisis léxico y sintáctico para dar solución a enunciados que requieren el reconocimiento de lenguajes ") -> El estudiante construye aplicaciones mediante el uso del análisis léxico y sintáctico para dar solución a enunciados que requieren el reconocimiento de lenguajes | D81: =IFERROR(__xludf.DUMMYFUNCTION("""COMPUTED_VALUE"""),"Automatas de Pila") -> Automatas de Pila | E81: =IFERROR(__xludf.DUMMYFUNCTION("""COMPUTED_VALUE"""),"Introducción a los autómatas de pila") -> Introducción a los autómatas de pila | F81: Si | G81: Si
B82: =IFERROR(__xludf.DUMMYFUNCTION("""COMPUTED_VALUE"""),"El estudiante construye aplicaciones mediante el uso del análisis léxico y sintáctico para dar solución a enunciados que requieren el reconocimiento de lenguajes ") -> El estudiante construye aplicaciones mediante el uso del análisis léxico y sintáctico para dar solución a enunciados que requieren el reconocimiento de lenguajes | D82: =IFERROR(__xludf.DUMMYFUNCTION("""COMPUTED_VALUE"""),"Automatas de Pila") -> Automatas de Pila | E82: =IFERROR(__xludf.DUMMYFUNCTION("""COMPUTED_VALUE"""),"Definición y funcionamiento de un autómata de pila") -> Definición y funcionamiento de un autómata de pila | F82: Si | G82: Si
B83: =IFERROR(__xludf.DUMMYFUNCTION("""COMPUTED_VALUE"""),"El estudiante construye aplicaciones mediante el uso del análisis léxico y sintáctico para dar solución a enunciados que requieren el reconocimiento de lenguajes ") -> El estudiante construye aplicaciones mediante el uso del análisis léxico y sintáctico para dar solución a enunciados que requieren el reconocimiento de lenguajes | D83: =IFERROR(__xludf.DUMMYFUNCTION("""COMPUTED_VALUE"""),"Automatas de Pila") -> Automatas de Pila | E83: =IFERROR(__xludf.DUMMYFUNCTION("""COMPUTED_VALUE"""),"Diferencias entre autómatas de pila y autómatas finitos") -> Diferencias entre autómatas de pila y autómatas finitos | F83: Si | G83: Si
B84: =IFERROR(__xludf.DUMMYFUNCTION("""COMPUTED_VALUE"""),"El estudiante construye aplicaciones mediante el uso del análisis léxico y sintáctico para dar solución a enunciados que requieren el reconocimiento de lenguajes ") -> El estudiante construye aplicaciones mediante el uso del análisis léxico y sintáctico para dar solución a enunciados que requieren el reconocimiento de lenguajes | D84: =IFERROR(__xludf.DUMMYFUNCTION("""COMPUTED_VALUE"""),"Automatas de Pila") -> Automatas de Pila | E84: =IFERROR(__xludf.DUMMYFUNCTION("""COMPUTED_VALUE"""),"Procesamiento") -> Procesamiento | F84: Si | G84: Si
B85: =IFERROR(__xludf.DUMMYFUNCTION("""COMPUTED_VALUE"""),"El estudiante construye aplicaciones mediante el uso del análisis léxico y sintáctico para dar solución a enunciados que requieren el reconocimiento de lenguajes ") -> El estudiante construye aplicaciones mediante el uso del análisis léxico y sintáctico para dar solución a enunciados que requieren el reconocimiento de lenguajes | D85: =IFERROR(__xludf.DUMMYFUNCTION("""COMPUTED_VALUE"""),"Automatas de Pila") -> Automatas de Pila | E85: =IFERROR(__xludf.DUMMYFUNCTION("""COMPUTED_VALUE"""),"Tipos de aceptación") -> Tipos de aceptación | F85: Si | G85: Si
B86: =IFERROR(__xludf.DUMMYFUNCTION("""COMPUTED_VALUE"""),"El estudiante construye aplicaciones mediante el uso del análisis léxico y sintáctico para dar solución a enunciados que requieren el reconocimiento de lenguajes ") -> El estudiante construye aplicaciones mediante el uso del análisis léxico y sintáctico para dar solución a enunciados que requieren el reconocimiento de lenguajes | D86: =IFERROR(__xludf.DUMMYFUNCTION("""COMPUTED_VALUE"""),"Automatas de Pila") -> Automatas de Pila | E86: =IFERROR(__xludf.DUMMYFUNCTION("""COMPUTED_VALUE"""),"Estado Final") -> Estado Final | F86: Si | G86: Si
B87: =IFERROR(__xludf.DUMMYFUNCTION("""COMPUTED_VALUE"""),"El estudiante construye aplicaciones mediante el uso del análisis léxico y sintáctico para dar solución a enunciados que requieren el reconocimiento de lenguajes ") -> El estudiante construye aplicaciones mediante el uso del análisis léxico y sintáctico para dar solución a enunciados que requieren el reconocimiento de lenguajes | D87: =IFERROR(__xludf.DUMMYFUNCTION("""COMPUTED_VALUE"""),"Automatas de Pila") -> Automatas de Pila | E87: =IFERROR(__xludf.DUMMYFUNCTION("""COMPUTED_VALUE"""),"Pila vacía") -> Pila vacía | F87: Si | G87: Si
B88: =IFERROR(__xludf.DUMMYFUNCTION("""COMPUTED_VALUE"""),"El estudiante construye aplicaciones mediante el uso del análisis léxico y sintáctico para dar solución a enunciados que requieren el reconocimiento de lenguajes ") -> El estudiante construye aplicaciones mediante el uso del análisis léxico y sintáctico para dar solución a enunciados que requieren el reconocimiento de lenguajes | D88: =IFERROR(__xludf.DUMMYFUNCTION("""COMPUTED_VALUE"""),"Automatas de Pila") -> Automatas de Pila | E88: =IFERROR(__xludf.DUMMYFUNCTION("""COMPUTED_VALUE"""),"Autómata de Pila desde Gramática Tipo 2") -> Autómata de Pila desde Gramática Tipo 2 | F88: Si | G88: Si

Sheet TCO_Lab_Previo
B1: Que se impartio el en Curso Previo el Segundo Semestre 2025
B3: Nombre del Curso | C3: Introducción a ala programación y computación 1
B4: Codigo del Curso | C4: {=IFERROR(XLOOKUP(TRIM(C3), Competencias_actuales!D15:D1000, Competencias_actuales!C15:C1000), "Código no encontrado")} -> 770 | H4: =C4&" - "&C3 -> 770 - Introducción a ala programación y computación 1
B6: No | C6: Competencia | D6: Unidad | E6: Tema | F6: Subtema | G6: Mes | H6: Semana
B7: =IFERROR(__xludf.DUMMYFUNCTION("QUERY(IMPORTRANGE(VLOOKUP(H4,METADA!A:B,2,FALSE), ""Diseño Curricular!A4:G500""), )"),1.0) -> 1 | C7: =IFERROR(__xludf.DUMMYFUNCTION("""COMPUTED_VALUE"""),"Diseña algoritmos aplicando diagramas de flujo y pseudocódigo para resolver problemas básicos de lógica computacional ") -> Diseña algoritmos aplicando diagramas de flujo y pseudocódigo para resolver problemas básicos de lógica computacional | D7: =IFERROR(__xludf.DUMMYFUNCTION("""COMPUTED_VALUE"""),"1. Introducción a la Programación") -> 1. Introducción a la Programación | E7: =IFERROR(__xludf.DUMMYFUNCTION("""COMPUTED_VALUE"""),"Introducción a los fundamentos de Programación") -> Introducción a los fundamentos de Programación | F7: =IFERROR(__xludf.DUMMYFUNCTION("""COMPUTED_VALUE"""),"Algoritmos") -> Algoritmos | G7: =IFERROR(__xludf.DUMMYFUNCTION("""COMPUTED_VALUE"""),"Julio") -> Julio | H7: =IFERROR(__xludf.DUMMYFUNCTION("""COMPUTED_VALUE"""),1.0) -> 1
B8: =IFERROR(__xludf.DUMMYFUNCTION("""COMPUTED_VALUE"""),2.0) -> 2 | C8: =IFERROR(__xludf.DUMMYFUNCTION("""COMPUTED_VALUE"""),"Diseña algoritmos aplicando diagramas de flujo y pseudocódigo para resolver problemas básicos de lógica computacional ") -> Diseña algoritmos aplicando diagramas de flujo y pseudocódigo para resolver problemas básicos de lógica computacional | D8: =IFERROR(__xludf.DUMMYFUNCTION("""COMPUTED_VALUE"""),"1. Introducción a la Programación") -> 1. Introducción a la Programación | E8: =IFERROR(__xludf.DUMMYFUNCTION("""COMPUTED_VALUE"""),"Introducción a los fundamentos de Programación") -> Introducción a los fundamentos de Programación | F8: =IFERROR(__xludf.DUMMYFUNCTION("""COMPUTED_VALUE"""),"Diagramas de Flujo") -> Diagramas de Flujo | G8: =IFERROR(__xludf.DUMMYFUNCTION("""COMPUTED_VALUE"""),"Julio") -> Julio | H8: =IFERROR(__xludf.DUMMYFUNCTION("""COMPUTED_VALUE"""),1.0) -> 1
B9: =IFERROR(__xludf.DUMMYFUNCTION("""COMPUTED_VALUE"""),3.0) -> 3 | C9: =IFERROR(__xludf.DUMMYFUNCTION("""COMPUTED_VALUE"""),"Diseñar algoritmos aplicando diagramas de flujo y pseudocódigo para resolver problemas básicos de lógica computacional ") -> Diseñar algoritmos aplicando diagramas de flujo y pseudocódigo para resolver problemas básicos de lógica computacional | D9: =IFERROR(__xludf.DUMMYFUNCTION("""COMPUTED_VALUE"""),"1. Introducción a la Programación") -> 1. Introducción a la Programación | E9: =IFERROR(__xludf.DUMMYFUNCTION("""COMPUTED_VALUE"""),"Introducción a los fundamentos de Programación") -> Introducción a los fundamentos de Programación | F9: =IFERROR(__xludf.DUMMYFUNCTION("""COMPUTED_VALUE"""),"Pseudocódigo") -> Pseudocódigo | G9: =IFERROR(__xludf.DUMMYFUNCTION("""COMPUTED_VALUE"""),"Julio") -> Julio | H9: =IFERROR(__xludf.DUMMYFUNCTION("""COMPUTED_VALUE"""),2.0) -> 2
B10: =IFERROR(__xludf.DUMMYFUNCTION("""COMPUTED_VALUE"""),4.0) -> 4 | C10: =IFERROR(__xludf.DUMMYFUNCTION("""COMPUTED_VALUE"""),"Colaborar en proyectos de programación utilizando plataformas de control de versiones básicas promoviendo el trabajo en equipo y la responsabilidad ") -> Colaborar en proyectos de programación utilizando plataformas de control de versiones básicas promoviendo el trabajo en equipo y la responsabilidad | D10: =IFERROR(__xludf.DUMMYFUNCTION("""COMPUTED_VALUE"""),"2. Introducción al versionamiento") -> 2. Introducción al versionamiento | E10: =IFERROR(__xludf.DUMMYFUNCTION("""COMPUTED_VALUE"""),"Introducción al manejo de control de versiones") -> Introducción al manejo de control de versiones | F10: =IFERROR(__xludf.DUMMYFUNCTION("""COMPUTED_VALUE"""),"Introducción a versionamiento") -> Introducción a versionamiento | G10: =IFERROR(__xludf.DUMMYFUNCTION("""COMPUTED_VALUE"""),"Agosto") -> Agosto | H10: =IFERROR(__xludf.DUMMYFUNCTION("""COMPUTED_VALUE"""),3.0) -> 3
B11: =IFERROR(__xludf.DUMMYFUNCTION("""COMPUTED_VALUE"""),5.0) -> 5 | C11: =IFERROR(__xludf.DUMMYFUNCTION("""COMPUTED_VALUE"""),"Colaborar en proyectos de programación utilizando plataformas de control de versiones básicas promoviendo el trabajo en equipo y la responsabilidad ") -> Colaborar en proyectos de programación utilizando plataformas de control de versiones básicas promoviendo el trabajo en equipo y la responsabilidad | D11: =IFERROR(__xludf.DUMMYFUNCTION("""COMPUTED_VALUE"""),"2. Introducción al versionamiento") -> 2. Introducción al versionamiento | E11: =IFERROR(__xludf.DUMMYFUNCTION("""COMPUTED_VALUE"""),"Introducción al manejo de control de versiones") -> Introducción al manejo de control de versiones | F11: =IFERROR(__xludf.DUMMYFUNCTION("""COMPUTED_VALUE"""),"Herramientas de control de versiones") -> Herramientas de control de versiones | G11: =IFERROR(__xludf.DUMMYFUNCTION("""COMPUTED_VALUE"""),"Agosto") -> Agosto | H11: =IFERROR(__xludf.DUMMYFUNCTION("""COMPUTED_VALUE"""),3.0) -> 3
B12: =IFERROR(__xludf.DUMMYFUNCTION("""COMPUTED_VALUE"""),6.0) -> 6 | C12: =IFERROR(__xludf.DUMMYFUNCTION("""COMPUTED_VALUE"""),"Colaborar en proyectos de programación utilizando plataformas de control de versiones básicas promoviendo el trabajo en equipo y la responsabilidad ") -> Colaborar en proyectos de programación utilizando plataformas de control de versiones básicas promoviendo el trabajo en equipo y la responsabilidad | D12: =IFERROR(__xludf.DUMMYFUNCTION("""COMPUTED_VALUE"""),"2. Introducción al versionamiento") -> 2. Introducción al versionamiento | E12: =IFERROR(__xludf.DUMMYFUNCTION("""COMPUTED_VALUE"""),"Introducción al manejo de control de versiones") -> Introducción al manejo de control de versiones | F12: =IFERROR(__xludf.DUMMYFUNCTION("""COMPUTED_VALUE"""),"Tareas básicas de Git") -> Tareas básicas de Git | G12: =IFERROR(__xludf.DUMMYFUNCTION("""COMPUTED_VALUE"""),"Agosto") -> Agosto | H12: =IFERROR(__xludf.DUMMYFUNCTION("""COMPUTED_VALUE"""),3.0) -> 3
B13: =IFERROR(__xludf.DUMMYFUNCTION("""COMPUTED_VALUE"""),7.0) -> 7 | C13: =IFERROR(__xludf.DUMMYFUNCTION("""COMPUTED_VALUE"""),"Colaborar en proyectos de programación utilizando plataformas de control de versiones básicas promoviendo el trabajo en equipo y la responsabilidad ") -> Colaborar en proyectos de programación utilizando plataformas de control de versiones básicas promoviendo el trabajo en equipo y la responsabilidad | D13: =IFERROR(__xludf.DUMMYFUNCTION("""COMPUTED_VALUE"""),"2. Introducción al versionamiento") -> 2. Introducción al versionamiento | E13: =IFERROR(__xludf.DUMMYFUNCTION("""COMPUTED_VALUE"""),"Introducción al manejo de control de versiones") -> Introducción al manejo de control de versiones | F13: =IFERROR(__xludf.DUMMYFUNCTION("""COMPUTED_VALUE"""),"Colaboración en repositorios remotos") -> Colaboración en repositorios remotos | G13: =IFERROR(__xludf.DUMMYFUNCTION("""COMPUTED_VALUE"""),"Agosto") -> Agosto | H13: =IFERROR(__xludf.DUMMYFUNCTION("""COMPUTED_VALUE"""),3.0) -> 3
B14: =IFERROR(__xludf.DUMMYFUNCTION("""COMPUTED_VALUE"""),8.0) -> 8 | C14: =IFERROR(__xludf.DUMMYFUNCTION("""COMPUTED_VALUE"""),"Aplicar conceptos de programación mediante ejercicios prácticos y laboratorios respetando estándares básicos de calidad de software ") -> Aplicar conceptos de programación mediante ejercicios prácticos y laboratorios respetando estándares básicos de calidad de software | D14: =IFERROR(__xludf.DUMMYFUNCTION("""COMPUTED_VALUE"""),"3. Introducción a Java") -> 3. Introducción a Java | E14: =IFERROR(__xludf.DUMMYFUNCTION("""COMPUTED_VALUE"""),"Introducción a Java - Parte 1") -> Introducción a Java - Parte 1 | F14: =IFERROR(__xludf.DUMMYFUNCTION("""COMPUTED_VALUE"""),"¿Qué es Java?") -> ¿Qué es Java? | G14: =IFERROR(__xludf.DUMMYFUNCTION("""COMPUTED_VALUE"""),"Agosto") -> Agosto | H14: =IFERROR(__xludf.DUMMYFUNCTION("""COMPUTED_VALUE"""),4.0) -> 4
B15: =IFERROR(__xludf.DUMMYFUNCTION("""COMPUTED_VALUE"""),9.0) -> 9 | C15: =IFERROR(__xludf.DUMMYFUNCTION("""COMPUTED_VALUE"""),"Aplicar conceptos de programación mediante ejercicios prácticos y laboratorios respetando estándares básicos de calidad de software ") -> Aplicar conceptos de programación mediante ejercicios prácticos y laboratorios respetando estándares básicos de calidad de software | D15: =IFERROR(__xludf.DUMMYFUNCTION("""COMPUTED_VALUE"""),"3. Introducción a Java") -> 3. Introducción a Java | E15: =IFERROR(__xludf.DUMMYFUNCTION("""COMPUTED_VALUE"""),"Introducción a Java - Parte 2") -> Introducción a Java - Parte 2 | F15: =IFERROR(__xludf.DUMMYFUNCTION("""COMPUTED_VALUE"""),"Versiones y ambientes de java (JDK, JRE, JVM)") -> Versiones y ambientes de java (JDK, JRE, JVM) | G15: =IFERROR(__xludf.DUMMYFUNCTION("""COMPUTED_VALUE"""),"Agosto") -> Agosto | H15: =IFERROR(__xludf.DUMMYFUNCTION("""COMPUTED_VALUE"""),4.0) -> 4
B16: =IFERROR(__xludf.DUMMYFUNCTION("""COMPUTED_VALUE"""),10.0) -> 10 | C16: =IFERROR(__xludf.DUMMYFUNCTION("""COMPUTED_VALUE"""),"Aplicar conceptos de programación mediante ejercicios prácticos y laboratorios respetando estándares básicos de calidad de software ") -> Aplicar conceptos de programación mediante ejercicios prácticos y laboratorios respetando estándares básicos de calidad de software | D16: =IFERROR(__xludf.DUMMYFUNCTION("""COMPUTED_VALUE"""),"3. Introducción a Java") -> 3. Introducción a Java | E16: =IFERROR(__xludf.DUMMYFUNCTION("""COMPUTED_VALUE"""),"Introducción a Java - Parte 3") -> Introducción a Java - Parte 3 | F16: =IFERROR(__xludf.DUMMYFUNCTION("""COMPUTED_VALUE"""),"Características de Java") -> Características de Java | G16: =IFERROR(__xludf.DUMMYFUNCTION("""COMPUTED_VALUE"""),"Agosto") -> Agosto | H16: =IFERROR(__xludf.DUMMYFUNCTION("""COMPUTED_VALUE"""),4.0) -> 4
B17: =IFERROR(__xludf.DUMMYFUNCTION("""COMPUTED_VALUE"""),11.0) -> 11 | C17: =IFERROR(__xludf.DUMMYFUNCTION("""COMPUTED_VALUE"""),"Documentar programas desarrollados usando convenciones de codificación y comentarios estructurados para facilitar su comprensión y mantenimiento ") -> Documentar programas desarrollados usando convenciones de codificación y comentarios estructurados para facilitar su comprensión y mantenimiento | D17: =IFERROR(__xludf.DUMMYFUNCTION("""COMPUTED_VALUE"""),"3. Introducción a Java") -> 3. Introducción a Java | E17: =IFERROR(__xludf.DUMMYFUNCTION("""COMPUTED_VALUE"""),"Introducción a Java - Parte 4") -> Introducción a Java - Parte 4 | F17: =IFERROR(__xludf.DUMMYFUNCTION("""COMPUTED_VALUE"""),"Comentarios de una línea y multilínea") -> Comentarios de una línea y multilínea | G17: =IFERROR(__xludf.DUMMYFUNCTION("""COMPUTED_VALUE"""),"Agosto") -> Agosto | H17: =IFERROR(__xludf.DUMMYFUNCTION("""COMPUTED_VALUE"""),4.0) -> 4
B18: =IFERROR(__xludf.DUMMYFUNCTION("""COMPUTED_VALUE"""),12.0) -> 12 | C18: =IFERROR(__xludf.DUMMYFUNCTION("""COMPUTED_VALUE"""),"Implementar programas simples utilizando lenguaje de programación estructurado (JAVA) conforme a especificaciones dadas ") -> Implementar programas simples utilizando lenguaje de programación estructurado (JAVA) conforme a especificaciones dadas | D18: =IFERROR(__xludf.DUMMYFUNCTION("""COMPUTED_VALUE"""),"3. Introducción a Java") -> 3. Introducción a Java | E18: =IFERROR(__xludf.DUMMYFUNCTION("""COMPUTED_VALUE"""),"Introducción a Java - Parte 5") -> Introducción a Java - Parte 5 | F18: =IFERROR(__xludf.DUMMYFUNCTION("""COMPUTED_VALUE"""),"Variables") -> Variables | G18: =IFERROR(__xludf.DUMMYFUNCTION("""COMPUTED_VALUE"""),"Agosto") -> Agosto | H18: =IFERROR(__xludf.DUMMYFUNCTION("""COMPUTED_VALUE"""),4.0) -> 4
B19: =IFERROR(__xludf.DUMMYFUNCTION("""COMPUTED_VALUE"""),13.0) -> 13 | C19: =IFERROR(__xludf.DUMMYFUNCTION("""COMPUTED_VALUE"""),"Implementar programas simples utilizando lenguaje de programación estructurado (JAVA) conforme a especificaciones dadas ") -> Implementar programas simples utilizando lenguaje de programación estructurado (JAVA) conforme a especificaciones dadas | D19: =IFERROR(__xludf.DUMMYFUNCTION("""COMPUTED_VALUE"""),"3. Introducción a Java") -> 3. Introducción a Java | E19: =IFERROR(__xludf.DUMMYFUNCTION("""COMPUTED_VALUE"""),"Introducción a Java - Parte 6") -> Introducción a Java - Parte 6 | F19: =IFERROR(__xludf.DUMMYFUNCTION("""COMPUTED_VALUE"""),"Tipos primitivos y no primitivos") -> Tipos primitivos y no primitivos | G19: =IFERROR(__xludf.DUMMYFUNCTION("""COMPUTED_VALUE"""),"Agosto") -> Agosto | H19: =IFERROR(__xludf.DUMMYFUNCTION("""COMPUTED_VALUE"""),4.0) -> 4
B20: =IFERROR(__xludf.DUMMYFUNCTION("""COMPUTED_VALUE"""),14.0) -> 14 | C20: =IFERROR(__xludf.DUMMYFUNCTION("""COMPUTED_VALUE"""),"Implementar programas simples utilizando lenguaje de programación estructurado (JAVA) conforme a especificaciones dadas ") -> Implementar programas simples utilizando lenguaje de programación estructurado (JAVA) conforme a especificaciones dadas | D20: =IFERROR(__xludf.DUMMYFUNCTION("""COMPUTED_VALUE"""),"3. Introducción a Java") -> 3. Introducción a Java | E20: =IFERROR(__xludf.DUMMYFUNCTION("""COMPUTED_VALUE"""),"Introducción a Java - Parte 7") -> Introducción a Java - Parte 7 | F20: =IFERROR(__xludf.DUMMYFUNCTION("""COMPUTED_VALUE"""),"Casteos implícitos y explícitos") -> Casteos implícitos y explícitos | G20: =IFERROR(__xludf.DUMMYFUNCTION("""COMPUTED_VALUE"""),"Agosto") -> Agosto | H20: =IFERROR(__xludf.DUMMYFUNCTION("""COMPUTED_VALUE"""),4.0) -> 4
B21: =IFERROR(__xludf.DUMMYFUNCTION("""COMPUTED_VALUE"""),15.0) -> 15 | C21: =IFERROR(__xludf.DUMMYFUNCTION("""COMPUTED_VALUE"""),"Implementar programas simples utilizando lenguaje de programación estructurado (JAVA) conforme a especificaciones dadas ") -> Implementar programas simples utilizando lenguaje de programación estructurado (JAVA) conforme a especificaciones dadas | D21: =IFERROR(__xludf.DUMMYFUNCTION("""COMPUTED_VALUE"""),"3. Introducción a Java") -> 3. Introducción a Java | E21: =IFERROR(__xludf.DUMMYFUNCTION("""COMPUTED_VALUE"""),"Introducción a Java - Parte 2") -> Introducción a Java - Parte 2 | F21: =IFERROR(__xludf.DUMMYFUNCTION("""COMPUTED_VALUE"""),"Operadores aritméticos, relacionales y lógicos") -> Operadores aritméticos, relacionales y lógicos | G21: =IFERROR(__xludf.DUMMYFUNCTION("""COMPUTED_VALUE"""),"Agosto") -> Agosto | H21: =IFERROR(__xludf.DUMMYFUNCTION("""COMPUTED_VALUE"""),4.0) -> 4
B22: =IFERROR(__xludf.DUMMYFUNCTION("""COMPUTED_VALUE"""),16.0) -> 16 | C22: =IFERROR(__xludf.DUMMYFUNCTION("""COMPUTED_VALUE"""),"Implementar programas simples utilizando lenguaje de programación estructurado (JAVA) conforme a especificaciones dadas ") -> Implementar programas simples utilizando lenguaje de programación estructurado (JAVA) conforme a especificaciones dadas | D22: =IFERROR(__xludf.DUMMYFUNCTION("""COMPUTED_VALUE"""),"3. Introducción a Java") -> 3. Introducción a Java | E22: =IFERROR(__xludf.DUMMYFUNCTION("""COMPUTED_VALUE"""),"Introducción a Java - Parte 3") -> Introducción a Java - Parte 3 | F22: =IFERROR(__xludf.DUMMYFUNCTION("""COMPUTED_VALUE"""),"Input y output") -> Input y output | G22: =IFERROR(__xludf.DUMMYFUNCTION("""COMPUTED_VALUE"""),"Agosto") -> Agosto | H22: =IFERROR(__xludf.DUMMYFUNCTION("""COMPUTED_VALUE"""),4.0) -> 4
B23: =IFERROR(__xludf.DUMMYFUNCTION("""COMPUTED_VALUE"""),17.0) -> 17 | C23: =IFERROR(__xludf.DUMMYFUNCTION("""COMPUTED_VALUE"""),"Implementar programas simples utilizando lenguaje de programación estructurado (JAVA) conforme a especificaciones dadas ") -> Implementar programas simples utilizando lenguaje de programación estructurado (JAVA) conforme a especificaciones dadas | D23: =IFERROR(__xludf.DUMMYFUNCTION("""COMPUTED_VALUE"""),"3. Introducción a Java") -> 3. Introducción a Java | E23: =IFERROR(__xludf.DUMMYFUNCTION("""COMPUTED_VALUE"""),"Introducción a Java - Parte 4") -> Introducción a Java - Parte 4 | F23: =IFERROR(__xludf.DUMMYFUNCTION("""COMPUTED_VALUE"""),"Estructuras de control (if, else if, else y switch)") -> Estructuras de control (if, else if, else y switch) | G23: =IFERROR(__xludf.DUMMYFUNCTION("""COMPUTED_VALUE"""),"Agosto") -> Agosto | H23: =IFERROR(__xludf.DUMMYFUNCTION("""COMPUTED_VALUE"""),5.0) -> 5
B24: =IFERROR(__xludf.DUMMYFUNCTION("""COMPUTED_VALUE"""),18.0) -> 18 | C24: =IFERROR(__xludf.DUMMYFUNCTION("""COMPUTED_VALUE"""),"Implementar programas simples utilizando lenguaje de programación estructurado (JAVA) conforme a especificaciones dadas ") -> Implementar programas simples utilizando lenguaje de programación estructurado (JAVA) conforme a especificaciones dadas | D24: =IFERROR(__xludf.DUMMYFUNCTION("""COMPUTED_VALUE"""),"3. Introducción a Java") -> 3. Introducción a Java | E24: =IFERROR(__xludf.DUMMYFUNCTION("""COMPUTED_VALUE"""),"Introducción a Java - Parte 5") -> Introducción a Java - Parte 5 | F24: =IFERROR(__xludf.DUMMYFUNCTION("""COMPUTED_VALUE"""),"Ciclos (for, while, do-while)") -> Ciclos (for, while, do-while) | G24: =IFERROR(__xludf.DUMMYFUNCTION("""COMPUTED_VALUE"""),"Agosto") -> Agosto | H24: =IFERROR(__xludf.DUMMYFUNCTION("""COMPUTED_VALUE"""),5.0) -> 5
B25: =IFERROR(__xludf.DUMMYFUNCTION("""COMPUTED_VALUE"""),19.0) -> 19 | C25: =IFERROR(__xludf.DUMMYFUNCTION("""COMPUTED_VALUE"""),"Aplicar conceptos de programación mediante ejercicios prácticos y laboratorios respetando estándares básicos de calidad de software ") -> Aplicar conceptos de programación mediante ejercicios prácticos y laboratorios respetando estándares básicos de calidad de software | D25: =IFERROR(__xludf.DUMMYFUNCTION("""COMPUTED_VALUE"""),"3. Introducción a Java") -> 3. Introducción a Java | E25: =IFERROR(__xludf.DUMMYFUNCTION("""COMPUTED_VALUE"""),"Introducción a Java - Parte 6") -> Introducción a Java - Parte 6 | F25: =IFERROR(__xludf.DUMMYFUNCTION("""COMPUTED_VALUE"""),"Try-catch-finally") -> Try-catch-finally | G25: =IFERROR(__xludf.DUMMYFUNCTION("""COMPUTED_VALUE"""),"Agosto") -> Agosto | H25: =IFERROR(__xludf.DUMMYFUNCTION("""COMPUTED_VALUE"""),5.0) -> 5
B26: =IFERROR(__xludf.DUMMYFUNCTION("""COMPUTED_VALUE"""),20.0) -> 20 | C26: =IFERROR(__xludf.DUMMYFUNCTION("""COMPUTED_VALUE"""),"Aplicar conceptos de programación mediante ejercicios prácticos y laboratorios respetando estándares básicos de calidad de software ") -> Aplicar conceptos de programación mediante ejercicios prácticos y laboratorios respetando estándares básicos de calidad de software | D26: =IFERROR(__xludf.DUMMYFUNCTION("""COMPUTED_VALUE"""),"3. Introducción a Java") -> 3. Introducción a Java | E26: =IFERROR(__xludf.DUMMYFUNCTION("""COMPUTED_VALUE"""),"Introducción a Java - Parte 7") -> Introducción a Java - Parte 7 | F26: =IFERROR(__xludf.DUMMYFUNCTION("""COMPUTED_VALUE"""),"Procedimientos y funciones") -> Procedimientos y funciones | G26: =IFERROR(__xludf.DUMMYFUNCTION("""COMPUTED_VALUE"""),"Agosto") -> Agosto | H26: =IFERROR(__xludf.DUMMYFUNCTION("""COMPUTED_VALUE"""),5.0) -> 5
B27: =IFERROR(__xludf.DUMMYFUNCTION("""COMPUTED_VALUE"""),21.0) -> 21 | C27: =IFERROR(__xludf.DUMMYFUNCTION("""COMPUTED_VALUE"""),"Interpretar código fuente apoyándose en diagramas de flujo y pseudocódigo para detectar errores lógicos y de sintaxis ") -> Interpretar código fuente apoyándose en diagramas de flujo y pseudocódigo para detectar errores lógicos y de sintaxis | D27: =IFERROR(__xludf.DUMMYFUNCTION("""COMPUTED_VALUE"""),"3. Introducción a Java") -> 3. Introducción a Java | E27: =IFERROR(__xludf.DUMMYFUNCTION("""COMPUTED_VALUE"""),"Introducción a Java - Parte 8") -> Introducción a Java - Parte 8 | F27: =IFERROR(__xludf.DUMMYFUNCTION("""COMPUTED_VALUE"""),"Debugging (Breakpoint [Inline, function], start, pause, continue, stop)") -> Debugging (Breakpoint [Inline, function], start, pause, continue, stop) | G27: =IFERROR(__xludf.DUMMYFUNCTION("""COMPUTED_VALUE"""),"Agosto") -> Agosto | H27: =IFERROR(__xludf.DUMMYFUNCTION("""COMPUTED_VALUE"""),5.0) -> 5
B28: =IFERROR(__xludf.DUMMYFUNCTION("""COMPUTED_VALUE"""),22.0) -> 22 | C28: =IFERROR(__xludf.DUMMYFUNCTION("""COMPUTED_VALUE"""),"Aplicar conceptos de programación mediante ejercicios prácticos y laboratorios respetando estándares básicos de calidad de software ") -> Aplicar conceptos de programación mediante ejercicios prácticos y laboratorios respetando estándares básicos de calidad de software | D28: =IFERROR(__xludf.DUMMYFUNCTION("""COMPUTED_VALUE"""),"4. Manejo de Memoria") -> 4. Manejo de Memoria | E28: =IFERROR(__xludf.DUMMYFUNCTION("""COMPUTED_VALUE"""),"Manejo de memoria") -> Manejo de memoria | F28: =IFERROR(__xludf.DUMMYFUNCTION("""COMPUTED_VALUE"""),"Arreglos y Matrices") -> Arreglos y Matrices | G28: =IFERROR(__xludf.DUMMYFUNCTION("""COMPUTED_VALUE"""),"Agosto") -> Agosto | H28: =IFERROR(__xludf.DUMMYFUNCTION("""COMPUTED_VALUE"""),5.0) -> 5
B29: =IFERROR(__xludf.DUMMYFUNCTION("""COMPUTED_VALUE"""),23.0) -> 23 | C29: =IFERROR(__xludf.DUMMYFUNCTION("""COMPUTED_VALUE"""),"Aplicar conceptos de programación mediante ejercicios prácticos y laboratorios respetando estándares básicos de calidad de software ") -> Aplicar conceptos de programación mediante ejercicios prácticos y laboratorios respetando estándares básicos de calidad de software | D29: =IFERROR(__xludf.DUMMYFUNCTION("""COMPUTED_VALUE"""),"4. Manejo de Memoria") -> 4. Manejo de Memoria | E29: =IFERROR(__xludf.DUMMYFUNCTION("""COMPUTED_VALUE"""),"Manejo de memoria") -> Manejo de memoria | F29: =IFERROR(__xludf.DUMMYFUNCTION("""COMPUTED_VALUE"""),"Listas Dinámicas") -> Listas Dinámicas | G29: =IFERROR(__xludf.DUMMYFUNCTION("""COMPUTED_VALUE"""),"Agosto") -> Agosto | H29: =IFERROR(__xludf.DUMMYFUNCTION("""COMPUTED_VALUE"""),5.0) -> 5
B30: =IFERROR(__xludf.DUMMYFUNCTION("""COMPUTED_VALUE"""),24.0) -> 24 | C30: =IFERROR(__xludf.DUMMYFUNCTION("""COMPUTED_VALUE"""),"Diseñar algoritmos aplicando diagramas de flujo y pseudocódigo para resolver problemas básicos de lógica computacional ") -> Diseñar algoritmos aplicando diagramas de flujo y pseudocódigo para resolver problemas básicos de lógica computacional | D30: =IFERROR(__xludf.DUMMYFUNCTION("""COMPUTED_VALUE"""),"4. Manejo de Memoria") -> 4. Manejo de Memoria | E30: =IFERROR(__xludf.DUMMYFUNCTION("""COMPUTED_VALUE"""),"Manejo de memoria") -> Manejo de memoria | F30: =IFERROR(__xludf.DUMMYFUNCTION("""COMPUTED_VALUE"""),"Métodos de Ordenamiento") -> Métodos de Ordenamiento | G30: =IFERROR(__xludf.DUMMYFUNCTION("""COMPUTED_VALUE"""),"Agosto") -> Agosto | H30: =IFERROR(__xludf.DUMMYFUNCTION("""COMPUTED_VALUE"""),6.0) -> 6
B31: =IFERROR(__xludf.DUMMYFUNCTION("""COMPUTED_VALUE"""),25.0) -> 25 | C31: =IFERROR(__xludf.DUMMYFUNCTION("""COMPUTED_VALUE"""),"Analizar problemas computacionales empleando estrategias de resolución de problemas para optimizar soluciones algorítmicas ") -> Analizar problemas computacionales empleando estrategias de resolución de problemas para optimizar soluciones algorítmicas | D31: =IFERROR(__xludf.DUMMYFUNCTION("""COMPUTED_VALUE"""),"5. Recursividad y Archivos") -> 5. Recursividad y Archivos | E31: =IFERROR(__xludf.DUMMYFUNCTION("""COMPUTED_VALUE"""),"Recursividad y Archivos de texto plano") -> Recursividad y Archivos de texto plano | F31: =IFERROR(__xludf.DUMMYFUNCTION("""COMPUTED_VALUE"""),"Pila de ejecución (Call Stack)") -> Pila de ejecución (Call Stack) | G31: =IFERROR(__xludf.DUMMYFUNCTION("""COMPUTED_VALUE"""),"Agosto") -> Agosto | H31: =IFERROR(__xludf.DUMMYFUNCTION("""COMPUTED_VALUE"""),6.0) -> 6
B32: =IFERROR(__xludf.DUMMYFUNCTION("""COMPUTED_VALUE"""),26.0) -> 26 | C32: =IFERROR(__xludf.DUMMYFUNCTION("""COMPUTED_VALUE"""),"Diseñar algoritmos aplicando diagramas de flujo y pseudocódigo para resolver problemas básicos de lógica computacional ") -> Diseñar algoritmos aplicando diagramas de flujo y pseudocódigo para resolver problemas básicos de lógica computacional | D32: =IFERROR(__xludf.DUMMYFUNCTION("""COMPUTED_VALUE"""),"5. Recursividad y Archivos") -> 5. Recursividad y Archivos | E32: =IFERROR(__xludf.DUMMYFUNCTION("""COMPUTED_VALUE"""),"Recursividad y Archivos de texto plano") -> Recursividad y Archivos de texto plano | F32: =IFERROR(__xludf.DUMMYFUNCTION("""COMPUTED_VALUE"""),"Recursividad") -> Recursividad | G32: =IFERROR(__xludf.DUMMYFUNCTION("""COMPUTED_VALUE"""),"Agosto") -> Agosto | H32: =IFERROR(__xludf.DUMMYFUNCTION("""COMPUTED_VALUE"""),6.0) -> 6
B33: =IFERROR(__xludf.DUMMYFUNCTION("""COMPUTED_VALUE"""),27.0) -> 27 | C33: =IFERROR(__xludf.DUMMYFUNCTION("""COMPUTED_VALUE"""),"Aplicar conceptos de programación mediante ejercicios prácticos y laboratorios respetando estándares básicos de calidad de software ") -> Aplicar conceptos de programación mediante ejercicios prácticos y laboratorios respetando estándares básicos de calidad de software | D33: =IFERROR(__xludf.DUMMYFUNCTION("""COMPUTED_VALUE"""),"5. Recursividad y Archivos") -> 5. Recursividad y Archivos | E33: =IFERROR(__xludf.DUMMYFUNCTION("""COMPUTED_VALUE"""),"Recursividad y Archivos de texto plano") -> Recursividad y Archivos de texto plano | F33: =IFERROR(__xludf.DUMMYFUNCTION("""COMPUTED_VALUE"""),"Manejo de archivos de texto plano") -> Manejo de archivos de texto plano | G33: =IFERROR(__xludf.DUMMYFUNCTION("""COMPUTED_VALUE"""),"Agosto") -> Agosto | H33: =IFERROR(__xludf.DUMMYFUNCTION("""COMPUTED_VALUE"""),6.0) -> 6
B34: =IFERROR(__xludf.DUMMYFUNCTION("""COMPUTED_VALUE"""),28.0) -> 28 | C34: =IFERROR(__xludf.DUMMYFUNCTION("""COMPUTED_VALUE"""),"Aplicar conceptos de programación mediante ejercicios prácticos y laboratorios respetando estándares básicos de calidad de software ") -> Aplicar conceptos de programación mediante ejercicios prácticos y laboratorios respetando estándares básicos de calidad de software | D34: =IFERROR(__xludf.DUMMYFUNCTION("""COMPUTED_VALUE"""),"6. Introducción a POO") -> 6. Introducción a POO | E34: =IFERROR(__xludf.DUMMYFUNCTION("""COMPUTED_VALUE"""),"Conceptos y Pilares de POO") -> Conceptos y Pilares de POO | F34: =IFERROR(__xludf.DUMMYFUNCTION("""COMPUTED_VALUE"""),"Concepto de abstracción y clasificación") -> Concepto de abstracción y clasificación | G34: =IFERROR(__xludf.DUMMYFUNCTION("""COMPUTED_VALUE"""),"Septiembre") -> Septiembre | H34: =IFERROR(__xludf.DUMMYFUNCTION("""COMPUTED_VALUE"""),7.0) -> 7
B35: =IFERROR(__xludf.DUMMYFUNCTION("""COMPUTED_VALUE"""),29.0) -> 29 | C35: =IFERROR(__xludf.DUMMYFUNCTION("""COMPUTED_VALUE"""),"Aplicar conceptos de programación mediante ejercicios prácticos y laboratorios respetando estándares básicos de calidad de software ") -> Aplicar conceptos de programación mediante ejercicios prácticos y laboratorios respetando estándares básicos de calidad de software | D35: =IFERROR(__xludf.DUMMYFUNCTION("""COMPUTED_VALUE"""),"6. Introducción a POO") -> 6. Introducción a POO | E35: =IFERROR(__xludf.DUMMYFUNCTION("""COMPUTED_VALUE"""),"Conceptos y Pilares de POO") -> Conceptos y Pilares de POO | F35: =IFERROR(__xludf.DUMMYFUNCTION("""COMPUTED_VALUE"""),"Clases y objetos") -> Clases y objetos | G35: =IFERROR(__xludf.DUMMYFUNCTION("""COMPUTED_VALUE"""),"Septiembre") -> Septiembre | H35: =IFERROR(__xludf.DUMMYFUNCTION("""COMPUTED_VALUE"""),7.0) -> 7
B36: =IFERROR(__xludf.DUMMYFUNCTION("""COMPUTED_VALUE"""),30.0) -> 30 | C36: =IFERROR(__xludf.DUMMYFUNCTION("""COMPUTED_VALUE"""),"Aplicar conceptos de programación mediante ejercicios prácticos y laboratorios respetando estándares básicos de calidad de software ") -> Aplicar conceptos de programación mediante ejercicios prácticos y laboratorios respetando estándares básicos de calidad de software | D36: =IFERROR(__xludf.DUMMYFUNCTION("""COMPUTED_VALUE"""),"6. Introducción a POO") -> 6. Introducción a POO | E36: =IFERROR(__xludf.DUMMYFUNCTION("""COMPUTED_VALUE"""),"Conceptos y Pilares de POO") -> Conceptos y Pilares de POO | F36: =IFERROR(__xludf.DUMMYFUNCTION("""COMPUTED_VALUE"""),"Mensajes y métodos") -> Mensajes y métodos | G36: =IFERROR(__xludf.DUMMYFUNCTION("""COMPUTED_VALUE"""),"Septiembre") -> Septiembre | H36: =IFERROR(__xludf.DUMMYFUNCTION("""COMPUTED_VALUE"""),7.0) -> 7
B37: =IFERROR(__xludf.DUMMYFUNCTION("""COMPUTED_VALUE"""),31.0) -> 31 | C37: =IFERROR(__xludf.DUMMYFUNCTION("""COMPUTED_VALUE"""),"Aplicar conceptos de programación mediante ejercicios prácticos y laboratorios respetando estándares básicos de calidad de software ") -> Aplicar conceptos de programación mediante ejercicios prácticos y laboratorios respetando estándares básicos de calidad de software | D37: =IFERROR(__xludf.DUMMYFUNCTION("""COMPUTED_VALUE"""),"6. Introducción a POO") -> 6. Introducción a POO | E37: =IFERROR(__xludf.DUMMYFUNCTION("""COMPUTED_VALUE"""),"Conceptos y Pilares de POO") -> Conceptos y Pilares de POO | F37: =IFERROR(__xludf.DUMMYFUNCTION("""COMPUTED_VALUE"""),"Pilares de POO: Abstracción, Encapsulamiento, Polimorfismo, Herencia") -> Pilares de POO: Abstracción, Encapsulamiento, Polimorfismo, Herencia | G37: =IFERROR(__xludf.DUMMYFUNCTION("""COMPUTED_VALUE"""),"Septiembre") -> Septiembre | H37: =IFERROR(__xludf.DUMMYFUNCTION("""COMPUTED_VALUE"""),7.0) -> 7
B38: =IFERROR(__xludf.DUMMYFUNCTION("""COMPUTED_VALUE"""),32.0) -> 32 | C38: =IFERROR(__xludf.DUMMYFUNCTION("""COMPUTED_VALUE"""),"Aplicar conceptos de programación mediante ejercicios prácticos y laboratorios respetando estándares básicos de calidad de software ") -> Aplicar conceptos de programación mediante ejercicios prácticos y laboratorios respetando estándares básicos de calidad de software | D38: =IFERROR(__xludf.DUMMYFUNCTION("""COMPUTED_VALUE"""),"6. Introducción a POO") -> 6. Introducción a POO | E38: =IFERROR(__xludf.DUMMYFUNCTION("""COMPUTED_VALUE"""),"Conceptos y Pilares de POO") -> Conceptos y Pilares de POO | F38: =IFERROR(__xludf.DUMMYFUNCTION("""COMPUTED_VALUE"""),"Los miembros de una clase") -> Los miembros de una clase | G38: =IFERROR(__xludf.DUMMYFUNCTION("""COMPUTED_VALUE"""),"Septiembre") -> Septiembre | H38: =IFERROR(__xludf.DUMMYFUNCTION("""COMPUTED_VALUE"""),7.0) -> 7
B39: =IFERROR(__xludf.DUMMYFUNCTION("""COMPUTED_VALUE"""),33.0) -> 33 | C39: =IFERROR(__xludf.DUMMYFUNCTION("""COMPUTED_VALUE"""),"Aplicar conceptos de programación mediante ejercicios prácticos y laboratorios respetando estándares básicos de calidad de software ") -> Aplicar conceptos de programación mediante ejercicios prácticos y laboratorios respetando estándares básicos de calidad de software | D39: =IFERROR(__xludf.DUMMYFUNCTION("""COMPUTED_VALUE"""),"6. Introducción a POO") -> 6. Introducción a POO | E39: =IFERROR(__xludf.DUMMYFUNCTION("""COMPUTED_VALUE"""),"Conceptos y Pilares de POO") -> Conceptos y Pilares de POO | F39: =IFERROR(__xludf.DUMMYFUNCTION("""COMPUTED_VALUE"""),"Atributos y métodos (operaciones)") -> Atributos y métodos (operaciones) | G39: =IFERROR(__xludf.DUMMYFUNCTION("""COMPUTED_VALUE"""),"Septiembre") -> Septiembre | H39: =IFERROR(__xludf.DUMMYFUNCTION("""COMPUTED_VALUE"""),7.0) -> 7
B40: =IFERROR(__xludf.DUMMYFUNCTION("""COMPUTED_VALUE"""),34.0) -> 34 | C40: =IFERROR(__xludf.DUMMYFUNCTION("""COMPUTED_VALUE"""),"Aplicar conceptos de programación mediante ejercicios prácticos y laboratorios respetando estándares básicos de calidad de software ") -> Aplicar conceptos de programación mediante ejercicios prácticos y laboratorios respetando estándares básicos de calidad de software | D40: =IFERROR(__xludf.DUMMYFUNCTION("""COMPUTED_VALUE"""),"6. Introducción a POO") -> 6. Introducción a POO | E40: =IFERROR(__xludf.DUMMYFUNCTION("""COMPUTED_VALUE"""),"Conceptos y Pilares de POO") -> Conceptos y Pilares de POO | F40: =IFERROR(__xludf.DUMMYFUNCTION("""COMPUTED_VALUE"""),"Constructores y Destructores") -> Constructores y Destructores | G40: =IFERROR(__xludf.DUMMYFUNCTION("""COMPUTED_VALUE"""),"Septiembre") -> Septiembre | H40: =IFERROR(__xludf.DUMMYFUNCTION("""COMPUTED_VALUE"""),7.0) -> 7
B41: =IFERROR(__xludf.DUMMYFUNCTION("""COMPUTED_VALUE"""),35.0) -> 35 | C41: =IFERROR(__xludf.DUMMYFUNCTION("""COMPUTED_VALUE"""),"Aplicar conceptos de programación mediante ejercicios prácticos y laboratorios respetando estándares básicos de calidad de software ") -> Aplicar conceptos de programación mediante ejercicios prácticos y laboratorios respetando estándares básicos de calidad de software | D41: =IFERROR(__xludf.DUMMYFUNCTION("""COMPUTED_VALUE"""),"6. Introducción a POO") -> 6. Introducción a POO | E41: =IFERROR(__xludf.DUMMYFUNCTION("""COMPUTED_VALUE"""),"Conceptos y Pilares de POO") -> Conceptos y Pilares de POO | F41: =IFERROR(__xludf.DUMMYFUNCTION("""COMPUTED_VALUE"""),"Modificadores de visibilidad: Privado, Público, Protegido") -> Modificadores de visibilidad: Privado, Público, Protegido | G41: =IFERROR(__xludf.DUMMYFUNCTION("""COMPUTED_VALUE"""),"Septiembre") -> Septiembre | H41: =IFERROR(__xludf.DUMMYFUNCTION("""COMPUTED_VALUE"""),7.0) -> 7
B42: =IFERROR(__xludf.DUMMYFUNCTION("""COMPUTED_VALUE"""),36.0) -> 36 | C42: =IFERROR(__xludf.DUMMYFUNCTION("""COMPUTED_VALUE"""),"Implementar programas simples utilizando lenguaje de programación estructurado (JAVA) conforme a especificaciones dadas ") -> Implementar programas simples utilizando lenguaje de programación estructurado (JAVA) conforme a especificaciones dadas | D42: =IFERROR(__xludf.DUMMYFUNCTION("""COMPUTED_VALUE"""),"7. Introducción a Interfaces Graficas") -> 7. Introducción a Interfaces Graficas | E42: =IFERROR(__xludf.DUMMYFUNCTION("""COMPUTED_VALUE"""),"Introducción a Swing y Awt") -> Introducción a Swing y Awt | F42: =IFERROR(__xludf.DUMMYFUNCTION("""COMPUTED_VALUE"""),"Elementos basicos de swing ") -> Elementos basicos de swing | G42: =IFERROR(__xludf.DUMMYFUNCTION("""COMPUTED_VALUE"""),"Septiembre") -> Septiembre | H42: =IFERROR(__xludf.DUMMYFUNCTION("""COMPUTED_VALUE"""),8.0) -> 8
B43: =IFERROR(__xludf.DUMMYFUNCTION("""COMPUTED_VALUE"""),37.0) -> 37 | C43: =IFERROR(__xludf.DUMMYFUNCTION("""COMPUTED_VALUE"""),"Diseñar algoritmos aplicando diagramas de flujo y pseudocódigo para resolver problemas básicos de lógica computacional ") -> Diseñar algoritmos aplicando diagramas de flujo y pseudocódigo para resolver problemas básicos de lógica computacional | D43: =IFERROR(__xludf.DUMMYFUNCTION("""COMPUTED_VALUE"""),"8. Patrones de diseño") -> 8. Patrones de diseño | E43: =IFERROR(__xludf.DUMMYFUNCTION("""COMPUTED_VALUE"""),"Patron de diseño: MVC") -> Patron de diseño: MVC | F43: =IFERROR(__xludf.DUMMYFUNCTION("""COMPUTED_VALUE"""),"Definición y sus componentes") -> Definición y sus componentes | G43: =IFERROR(__xludf.DUMMYFUNCTION("""COMPUTED_VALUE"""),"Septiembre") -> Septiembre | H43: =IFERROR(__xludf.DUMMYFUNCTION("""COMPUTED_VALUE"""),8.0) -> 8
B44: =IFERROR(__xludf.DUMMYFUNCTION("""COMPUTED_VALUE"""),38.0) -> 38 | C44: =IFERROR(__xludf.DUMMYFUNCTION("""COMPUTED_VALUE"""),"Diseñar algoritmos aplicando diagramas de flujo y pseudocódigo para resolver problemas básicos de lógica computacional ") -> Diseñar algoritmos aplicando diagramas de flujo y pseudocódigo para resolver problemas básicos de lógica computacional | D44: =IFERROR(__xludf.DUMMYFUNCTION("""COMPUTED_VALUE"""),"8. Patrones de diseño") -> 8. Patrones de diseño | E44: =IFERROR(__xludf.DUMMYFUNCTION("""COMPUTED_VALUE"""),"Patron de diseño: MVC") -> Patron de diseño: MVC | F44: =IFERROR(__xludf.DUMMYFUNCTION("""COMPUTED_VALUE"""),"Modelo") -> Modelo | G44: =IFERROR(__xludf.DUMMYFUNCTION("""COMPUTED_VALUE"""),"Septiembre") -> Septiembre | H44: =IFERROR(__xludf.DUMMYFUNCTION("""COMPUTED_VALUE"""),8.0) -> 8
B45: =IFERROR(__xludf.DUMMYFUNCTION("""COMPUTED_VALUE"""),39.0) -> 39 | C45: =IFERROR(__xludf.DUMMYFUNCTION("""COMPUTED_VALUE"""),"Diseñar algoritmos aplicando diagramas de flujo y pseudocódigo para resolver problemas básicos de lógica computacional ") -> Diseñar algoritmos aplicando diagramas de flujo y pseudocódigo para resolver problemas básicos de lógica computacional | D45: =IFERROR(__xludf.DUMMYFUNCTION("""COMPUTED_VALUE"""),"8. Patrones de diseño") -> 8. Patrones de diseño | E45: =IFERROR(__xludf.DUMMYFUNCTION("""COMPUTED_VALUE"""),"Patron de diseño: MVC") -> Patron de diseño: MVC | F45: =IFERROR(__xludf.DUMMYFUNCTION("""COMPUTED_VALUE"""),"Vista") -> Vista | G45: =IFERROR(__xludf.DUMMYFUNCTION("""COMPUTED_VALUE"""),"Septiembre") -> Septiembre | H45: =IFERROR(__xludf.DUMMYFUNCTION("""COMPUTED_VALUE"""),8.0) -> 8
B46: =IFERROR(__xludf.DUMMYFUNCTION("""COMPUTED_VALUE"""),40.0) -> 40 | C46: =IFERROR(__xludf.DUMMYFUNCTION("""COMPUTED_VALUE"""),"Diseñar algoritmos aplicando diagramas de flujo y pseudocódigo para resolver problemas básicos de lógica computacional ") -> Diseñar algoritmos aplicando diagramas de flujo y pseudocódigo para resolver problemas básicos de lógica computacional | D46: =IFERROR(__xludf.DUMMYFUNCTION("""COMPUTED_VALUE"""),"8. Patrones de diseño") -> 8. Patrones de diseño | E46: =IFERROR(__xludf.DUMMYFUNCTION("""COMPUTED_VALUE"""),"Patron de diseño: MVC") -> Patron de diseño: MVC | F46: =IFERROR(__xludf.DUMMYFUNCTION("""COMPUTED_VALUE"""),"Controlador") -> Controlador | G46: =IFERROR(__xludf.DUMMYFUNCTION("""COMPUTED_VALUE"""),"Septiembre") -> Septiembre | H46: =IFERROR(__xludf.DUMMYFUNCTION("""COMPUTED_VALUE"""),8.0) -> 8
B47: =IFERROR(__xludf.DUMMYFUNCTION("""COMPUTED_VALUE"""),41.0) -> 41 | C47: =IFERROR(__xludf.DUMMYFUNCTION("""COMPUTED_VALUE"""),"Aplicar conceptos de programación mediante ejercicios prácticos y laboratorios respetando estándares básicos de calidad de software ") -> Aplicar conceptos de programación mediante ejercicios prácticos y laboratorios respetando estándares básicos de calidad de software | D47: =IFERROR(__xludf.DUMMYFUNCTION("""COMPUTED_VALUE"""),"7. POO Avanzado") -> 7. POO Avanzado | E47: =IFERROR(__xludf.DUMMYFUNCTION("""COMPUTED_VALUE"""),"Conceptos Avanzados de POO") -> Conceptos Avanzados de POO | F47: =IFERROR(__xludf.DUMMYFUNCTION("""COMPUTED_VALUE"""),"Construcciones abstractas: Clase abstracta y Interface") -> Construcciones abstractas: Clase abstracta y Interface | G47: =IFERROR(__xludf.DUMMYFUNCTION("""COMPUTED_VALUE"""),"Septiembre") -> Septiembre | H47: =IFERROR(__xludf.DUMMYFUNCTION("""COMPUTED_VALUE"""),9.0) -> 9
B48: =IFERROR(__xludf.DUMMYFUNCTION("""COMPUTED_VALUE"""),42.0) -> 42 | C48: =IFERROR(__xludf.DUMMYFUNCTION("""COMPUTED_VALUE"""),"Aplicar conceptos de programación mediante ejercicios prácticos y laboratorios respetando estándares básicos de calidad de software ") -> Aplicar conceptos de programación mediante ejercicios prácticos y laboratorios respetando estándares básicos de calidad de software | D48: =IFERROR(__xludf.DUMMYFUNCTION("""COMPUTED_VALUE"""),"7. POO Avanzado") -> 7. POO Avanzado | E48: =IFERROR(__xludf.DUMMYFUNCTION("""COMPUTED_VALUE"""),"Conceptos Avanzados de POO") -> Conceptos Avanzados de POO | F48: =IFERROR(__xludf.DUMMYFUNCTION("""COMPUTED_VALUE"""),"Miembros estáticos (static) vs. miembros de instancia") -> Miembros estáticos (static) vs. miembros de instancia | G48: =IFERROR(__xludf.DUMMYFUNCTION("""COMPUTED_VALUE"""),"Septiembre") -> Septiembre | H48: =IFERROR(__xludf.DUMMYFUNCTION("""COMPUTED_VALUE"""),9.0) -> 9
B49: =IFERROR(__xludf.DUMMYFUNCTION("""COMPUTED_VALUE"""),43.0) -> 43 | C49: =IFERROR(__xludf.DUMMYFUNCTION("""COMPUTED_VALUE"""),"Aplicar conceptos de programación mediante ejercicios prácticos y laboratorios respetando estándares básicos de calidad de software ") -> Aplicar conceptos de programación mediante ejercicios prácticos y laboratorios respetando estándares básicos de calidad de software | D49: =IFERROR(__xludf.DUMMYFUNCTION("""COMPUTED_VALUE"""),"7. POO Avanzado") -> 7. POO Avanzado | E49: =IFERROR(__xludf.DUMMYFUNCTION("""COMPUTED_VALUE"""),"Conceptos Avanzados de POO") -> Conceptos Avanzados de POO | F49: =IFERROR(__xludf.DUMMYFUNCTION("""COMPUTED_VALUE"""),"Referencia ""this""") -> Referencia "this" | G49: =IFERROR(__xludf.DUMMYFUNCTION("""COMPUTED_VALUE"""),"Septiembre") -> Septiembre | H49: =IFERROR(__xludf.DUMMYFUNCTION("""COMPUTED_VALUE"""),9.0) -> 9
B50: =IFERROR(__xludf.DUMMYFUNCTION("""COMPUTED_VALUE"""),44.0) -> 44 | C50: =IFERROR(__xludf.DUMMYFUNCTION("""COMPUTED_VALUE"""),"Aplicar conceptos de programación mediante ejercicios prácticos y laboratorios respetando estándares básicos de calidad de software ") -> Aplicar conceptos de programación mediante ejercicios prácticos y laboratorios respetando estándares básicos de calidad de software | D50: =IFERROR(__xludf.DUMMYFUNCTION("""COMPUTED_VALUE"""),"7. POO Avanzado") -> 7. POO Avanzado | E50: =IFERROR(__xludf.DUMMYFUNCTION("""COMPUTED_VALUE"""),"Conceptos Avanzados de POO") -> Conceptos Avanzados de POO | F50: =IFERROR(__xludf.DUMMYFUNCTION("""COMPUTED_VALUE"""),"Serialización de objetos en archivos") -> Serialización de objetos en archivos | G50: =IFERROR(__xludf.DUMMYFUNCTION("""COMPUTED_VALUE"""),"Septiembre") -> Septiembre | H50: =IFERROR(__xludf.DUMMYFUNCTION("""COMPUTED_VALUE"""),9.0) -> 9
B51: =IFERROR(__xludf.DUMMYFUNCTION("""COMPUTED_VALUE"""),45.0) -> 45 | C51: =IFERROR(__xludf.DUMMYFUNCTION("""COMPUTED_VALUE"""),"Aplicar conceptos de programación mediante ejercicios prácticos y laboratorios respetando estándares básicos de calidad de software ") -> Aplicar conceptos de programación mediante ejercicios prácticos y laboratorios respetando estándares básicos de calidad de software | D51: =IFERROR(__xludf.DUMMYFUNCTION("""COMPUTED_VALUE"""),"9. Hilos") -> 9. Hilos | E51: =IFERROR(__xludf.DUMMYFUNCTION("""COMPUTED_VALUE"""),"Manejo de Hilos en Java") -> Manejo de Hilos en Java | F51: =IFERROR(__xludf.DUMMYFUNCTION("""COMPUTED_VALUE"""),"Definición de Hilos") -> Definición de Hilos | G51: =IFERROR(__xludf.DUMMYFUNCTION("""COMPUTED_VALUE"""),"Septiembre") -> Septiembre | H51: =IFERROR(__xludf.DUMMYFUNCTION("""COMPUTED_VALUE"""),9.0) -> 9
B52: =IFERROR(__xludf.DUMMYFUNCTION("""COMPUTED_VALUE"""),46.0) -> 46 | C52: =IFERROR(__xludf.DUMMYFUNCTION("""COMPUTED_VALUE"""),"Aplicar conceptos de programación mediante ejercicios prácticos y laboratorios respetando estándares básicos de calidad de software ") -> Aplicar conceptos de programación mediante ejercicios prácticos y laboratorios respetando estándares básicos de calidad de software | D52: =IFERROR(__xludf.DUMMYFUNCTION("""COMPUTED_VALUE"""),"9. Hilos") -> 9. Hilos | E52: =IFERROR(__xludf.DUMMYFUNCTION("""COMPUTED_VALUE"""),"Manejo de Hilos en Java") -> Manejo de Hilos en Java | F52: =IFERROR(__xludf.DUMMYFUNCTION("""COMPUTED_VALUE"""),"Ciclo de vida de un hilo") -> Ciclo de vida de un hilo | G52: =IFERROR(__xludf.DUMMYFUNCTION("""COMPUTED_VALUE"""),"Septiembre") -> Septiembre | H52: =IFERROR(__xludf.DUMMYFUNCTION("""COMPUTED_VALUE"""),9.0) -> 9
B53: =IFERROR(__xludf.DUMMYFUNCTION("""COMPUTED_VALUE"""),47.0) -> 47 | C53: =IFERROR(__xludf.DUMMYFUNCTION("""COMPUTED_VALUE"""),"Aplicar conceptos de programación mediante ejercicios prácticos y laboratorios respetando estándares básicos de calidad de software ") -> Aplicar conceptos de programación mediante ejercicios prácticos y laboratorios respetando estándares básicos de calidad de software | D53: =IFERROR(__xludf.DUMMYFUNCTION("""COMPUTED_VALUE"""),"9. Hilos") -> 9. Hilos | E53: =IFERROR(__xludf.DUMMYFUNCTION("""COMPUTED_VALUE"""),"Manejo de Hilos en Java") -> Manejo de Hilos en Java | F53: =IFERROR(__xludf.DUMMYFUNCTION("""COMPUTED_VALUE"""),"Creación de hilos") -> Creación de hilos | G53: =IFERROR(__xludf.DUMMYFUNCTION("""COMPUTED_VALUE"""),"Septiembre") -> Septiembre | H53: =IFERROR(__xludf.DUMMYFUNCTION("""COMPUTED_VALUE"""),9.0) -> 9
B54: =IFERROR(__xludf.DUMMYFUNCTION("""COMPUTED_VALUE"""),48.0) -> 48 | C54: =IFERROR(__xludf.DUMMYFUNCTION("""COMPUTED_VALUE"""),"Aplicar conceptos de programación mediante ejercicios prácticos y laboratorios respetando estándares básicos de calidad de software ") -> Aplicar conceptos de programación mediante ejercicios prácticos y laboratorios respetando estándares básicos de calidad de software | D54: =IFERROR(__xludf.DUMMYFUNCTION("""COMPUTED_VALUE"""),"9. Hilos") -> 9. Hilos | E54: =IFERROR(__xludf.DUMMYFUNCTION("""COMPUTED_VALUE"""),"Manejo de Hilos en Java") -> Manejo de Hilos en Java | F54: =IFERROR(__xludf.DUMMYFUNCTION("""COMPUTED_VALUE"""),"Multihilos") -> Multihilos | G54: =IFERROR(__xludf.DUMMYFUNCTION("""COMPUTED_VALUE"""),"Septiembre") -> Septiembre | H54: =IFERROR(__xludf.DUMMYFUNCTION("""COMPUTED_VALUE"""),9.0) -> 9
B55: =IFERROR(__xludf.DUMMYFUNCTION("""COMPUTED_VALUE"""),49.0) -> 49 | C55: =IFERROR(__xludf.DUMMYFUNCTION("""COMPUTED_VALUE"""),"Implementar programas simples utilizando lenguaje de programación estructurado (JAVA) conforme a especificaciones dadas ") -> Implementar programas simples utilizando lenguaje de programación estructurado (JAVA) conforme a especificaciones dadas | D55: =IFERROR(__xludf.DUMMYFUNCTION("""COMPUTED_VALUE"""),"10. Fundamentos de GUI") -> 10. Fundamentos de GUI | E55: =IFERROR(__xludf.DUMMYFUNCTION("""COMPUTED_VALUE"""),"Fundamentos de GUI, AWT y SWING") -> Fundamentos de GUI, AWT y SWING | F55: =IFERROR(__xludf.DUMMYFUNCTION("""COMPUTED_VALUE"""),"Concepto de GUI (Interfaz gráfica de usuario).") -> Concepto de GUI (Interfaz gráfica de usuario). | G55: =IFERROR(__xludf.DUMMYFUNCTION("""COMPUTED_VALUE"""),"Septiembre") -> Septiembre | H55: =IFERROR(__xludf.DUMMYFUNCTION("""COMPUTED_VALUE"""),10.0) -> 10
B56: =IFERROR(__xludf.DUMMYFUNCTION("""COMPUTED_VALUE"""),50.0) -> 50 | C56: =IFERROR(__xludf.DUMMYFUNCTION("""COMPUTED_VALUE"""),"Implementar programas simples utilizando lenguaje de programación estructurado (JAVA) conforme a especificaciones dadas ") -> Implementar programas simples utilizando lenguaje de programación estructurado (JAVA) conforme a especificaciones dadas | D56: =IFERROR(__xludf.DUMMYFUNCTION("""COMPUTED_VALUE"""),"10. Fundamentos de GUI") -> 10. Fundamentos de GUI | E56: =IFERROR(__xludf.DUMMYFUNCTION("""COMPUTED_VALUE"""),"Fundamentos de GUI, AWT y SWING") -> Fundamentos de GUI, AWT y SWING | F56: =IFERROR(__xludf.DUMMYFUNCTION("""COMPUTED_VALUE"""),"¿Que es AWT?") -> ¿Que es AWT? | G56: =IFERROR(__xludf.DUMMYFUNCTION("""COMPUTED_VALUE"""),"Septiembre") -> Septiembre | H56: =IFERROR(__xludf.DUMMYFUNCTION("""COMPUTED_VALUE"""),10.0) -> 10
B57: =IFERROR(__xludf.DUMMYFUNCTION("""COMPUTED_VALUE"""),51.0) -> 51 | C57: =IFERROR(__xludf.DUMMYFUNCTION("""COMPUTED_VALUE"""),"Implementar programas simples utilizando lenguaje de programación estructurado (JAVA) conforme a especificaciones dadas ") -> Implementar programas simples utilizando lenguaje de programación estructurado (JAVA) conforme a especificaciones dadas | D57: =IFERROR(__xludf.DUMMYFUNCTION("""COMPUTED_VALUE"""),"10. Fundamentos de GUI") -> 10. Fundamentos de GUI | E57: =IFERROR(__xludf.DUMMYFUNCTION("""COMPUTED_VALUE"""),"Fundamentos de GUI, AWT y SWING") -> Fundamentos de GUI, AWT y SWING | F57: =IFERROR(__xludf.DUMMYFUNCTION("""COMPUTED_VALUE"""),"Componentes basicos de AWT") -> Componentes basicos de AWT | G57: =IFERROR(__xludf.DUMMYFUNCTION("""COMPUTED_VALUE"""),"Septiembre") -> Septiembre | H57: =IFERROR(__xludf.DUMMYFUNCTION("""COMPUTED_VALUE"""),10.0) -> 10
B58: =IFERROR(__xludf.DUMMYFUNCTION("""COMPUTED_VALUE"""),52.0) -> 52 | C58: =IFERROR(__xludf.DUMMYFUNCTION("""COMPUTED_VALUE"""),"Implementar programas simples utilizando lenguaje de programación estructurado (JAVA) conforme a especificaciones dadas ") -> Implementar programas simples utilizando lenguaje de programación estructurado (JAVA) conforme a especificaciones dadas | D58: =IFERROR(__xludf.DUMMYFUNCTION("""COMPUTED_VALUE"""),"10. Fundamentos de GUI") -> 10. Fundamentos de GUI | E58: =IFERROR(__xludf.DUMMYFUNCTION("""COMPUTED_VALUE"""),"Fundamentos de GUI, AWT y SWING") -> Fundamentos de GUI, AWT y SWING | F58: =IFERROR(__xludf.DUMMYFUNCTION("""COMPUTED_VALUE"""),"Gestores de diseño (Layout Managers) en AWT") -> Gestores de diseño (Layout Managers) en AWT | G58: =IFERROR(__xludf.DUMMYFUNCTION("""COMPUTED_VALUE"""),"Septiembre") -> Septiembre | H58: =IFERROR(__xludf.DUMMYFUNCTION("""COMPUTED_VALUE"""),10.0) -> 10
B59: =IFERROR(__xludf.DUMMYFUNCTION("""COMPUTED_VALUE"""),53.0) -> 53 | C59: =IFERROR(__xludf.DUMMYFUNCTION("""COMPUTED_VALUE"""),"Implementar programas simples utilizando lenguaje de programación estructurado (JAVA) conforme a especificaciones dadas ") -> Implementar programas simples utilizando lenguaje de programación estructurado (JAVA) conforme a especificaciones dadas | D59: =IFERROR(__xludf.DUMMYFUNCTION("""COMPUTED_VALUE"""),"10. Fundamentos de GUI") -> 10. Fundamentos de GUI | E59: =IFERROR(__xludf.DUMMYFUNCTION("""COMPUTED_VALUE"""),"Fundamentos de GUI, AWT y SWING") -> Fundamentos de GUI, AWT y SWING | F59: =IFERROR(__xludf.DUMMYFUNCTION("""COMPUTED_VALUE"""),"Manejo de eventos en AWT") -> Manejo de eventos en AWT | G59: =IFERROR(__xludf.DUMMYFUNCTION("""COMPUTED_VALUE"""),"Septiembre") -> Septiembre | H59: =IFERROR(__xludf.DUMMYFUNCTION("""COMPUTED_VALUE"""),10.0) -> 10
B60: =IFERROR(__xludf.DUMMYFUNCTION("""COMPUTED_VALUE"""),54.0) -> 54 | C60: =IFERROR(__xludf.DUMMYFUNCTION("""COMPUTED_VALUE"""),"Implementar programas simples utilizando lenguaje de programación estructurado (JAVA) conforme a especificaciones dadas ") -> Implementar programas simples utilizando lenguaje de programación estructurado (JAVA) conforme a especificaciones dadas | D60: =IFERROR(__xludf.DUMMYFUNCTION("""COMPUTED_VALUE"""),"10. Fundamentos de GUI") -> 10. Fundamentos de GUI | E60: =IFERROR(__xludf.DUMMYFUNCTION("""COMPUTED_VALUE"""),"Fundamentos de GUI, AWT y SWING") -> Fundamentos de GUI, AWT y SWING | F60: =IFERROR(__xludf.DUMMYFUNCTION("""COMPUTED_VALUE"""),"¿Que es SWING?") -> ¿Que es SWING? | G60: =IFERROR(__xludf.DUMMYFUNCTION("""COMPUTED_VALUE"""),"Septiembre") -> Septiembre | H60: =IFERROR(__xludf.DUMMYFUNCTION("""COMPUTED_VALUE"""),10.0) -> 10
B61: =IFERROR(__xludf.DUMMYFUNCTION("""COMPUTED_VALUE"""),55.0) -> 55 | C61: =IFERROR(__xludf.DUMMYFUNCTION("""COMPUTED_VALUE"""),"Implementar programas simples utilizando lenguaje de programación estructurado (JAVA) conforme a especificaciones dadas ") -> Implementar programas simples utilizando lenguaje de programación estructurado (JAVA) conforme a especificaciones dadas | D61: =IFERROR(__xludf.DUMMYFUNCTION("""COMPUTED_VALUE"""),"10. Fundamentos de GUI") -> 10. Fundamentos de GUI | E61: =IFERROR(__xludf.DUMMYFUNCTION("""COMPUTED_VALUE"""),"Fundamentos de GUI, AWT y SWING") -> Fundamentos de GUI, AWT y SWING | F61: =IFERROR(__xludf.DUMMYFUNCTION("""COMPUTED_VALUE"""),"Componentes basicos de SWING") -> Componentes basicos de SWING | G61: =IFERROR(__xludf.DUMMYFUNCTION("""COMPUTED_VALUE"""),"Septiembre") -> Septiembre | H61: =IFERROR(__xludf.DUMMYFUNCTION("""COMPUTED_VALUE"""),10.0) -> 10
B62: =IFERROR(__xludf.DUMMYFUNCTION("""COMPUTED_VALUE"""),56.0) -> 56 | C62: =IFERROR(__xludf.DUMMYFUNCTION("""COMPUTED_VALUE"""),"Implementar programas simples utilizando lenguaje de programación estructurado (JAVA) conforme a especificaciones dadas ") -> Implementar programas simples utilizando lenguaje de programación estructurado (JAVA) conforme a especificaciones dadas | D62: =IFERROR(__xludf.DUMMYFUNCTION("""COMPUTED_VALUE"""),"11. Swing Avanzado y UML") -> 11. Swing Avanzado y UML | E62: =IFERROR(__xludf.DUMMYFUNCTION("""COMPUTED_VALUE"""),"SWING avanzado, UML y diagramas de clases") -> SWING avanzado, UML y diagramas de clases | F62: =IFERROR(__xludf.DUMMYFUNCTION("""COMPUTED_VALUE"""),"Gestores de diseño (Layout Managers) en SWING") -> Gestores de diseño (Layout Managers) en SWING | G62: =IFERROR(__xludf.DUMMYFUNCTION("""COMPUTED_VALUE"""),"Septiembre") -> Septiembre | H62: =IFERROR(__xludf.DUMMYFUNCTION("""COMPUTED_VALUE"""),10.0) -> 10
B63: =IFERROR(__xludf.DUMMYFUNCTION("""COMPUTED_VALUE"""),57.0) -> 57 | C63: =IFERROR(__xludf.DUMMYFUNCTION("""COMPUTED_VALUE"""),"Implementar programas simples utilizando lenguaje de programación estructurado (JAVA) conforme a especificaciones dadas ") -> Implementar programas simples utilizando lenguaje de programación estructurado (JAVA) conforme a especificaciones dadas | D63: =IFERROR(__xludf.DUMMYFUNCTION("""COMPUTED_VALUE"""),"11. Swing Avanzado y UML") -> 11. Swing Avanzado y UML | E63: =IFERROR(__xludf.DUMMYFUNCTION("""COMPUTED_VALUE"""),"SWING avanzado, UML y diagramas de clases") -> SWING avanzado, UML y diagramas de clases | F63: =IFERROR(__xludf.DUMMYFUNCTION("""COMPUTED_VALUE"""),"Manejo de eventos en SWING") -> Manejo de eventos en SWING | G63: =IFERROR(__xludf.DUMMYFUNCTION("""COMPUTED_VALUE"""),"Septiembre") -> Septiembre | H63: =IFERROR(__xludf.DUMMYFUNCTION("""COMPUTED_VALUE"""),10.0) -> 10
B64: =IFERROR(__xludf.DUMMYFUNCTION("""COMPUTED_VALUE"""),58.0) -> 58 | C64: =IFERROR(__xludf.DUMMYFUNCTION("""COMPUTED_VALUE"""),"Implementar programas simples utilizando lenguaje de programación estructurado (JAVA) conforme a especificaciones dadas ") -> Implementar programas simples utilizando lenguaje de programación estructurado (JAVA) conforme a especificaciones dadas | D64: =IFERROR(__xludf.DUMMYFUNCTION("""COMPUTED_VALUE"""),"11. Swing Avanzado y UML") -> 11. Swing Avanzado y UML | E64: =IFERROR(__xludf.DUMMYFUNCTION("""COMPUTED_VALUE"""),"SWING avanzado, UML y diagramas de clases") -> SWING avanzado, UML y diagramas de clases | F64: =IFERROR(__xludf.DUMMYFUNCTION("""COMPUTED_VALUE"""),"Diferencias entre AWT y SWING") -> Diferencias entre AWT y SWING | G64: =IFERROR(__xludf.DUMMYFUNCTION("""COMPUTED_VALUE"""),"Septiembre") -> Septiembre | H64: =IFERROR(__xludf.DUMMYFUNCTION("""COMPUTED_VALUE"""),10.0) -> 10
B65: =IFERROR(__xludf.DUMMYFUNCTION("""COMPUTED_VALUE"""),59.0) -> 59 | C65: =IFERROR(__xludf.DUMMYFUNCTION("""COMPUTED_VALUE"""),"Implementar programas simples utilizando lenguaje de programación estructurado (JAVA) conforme a especificaciones dadas ") -> Implementar programas simples utilizando lenguaje de programación estructurado (JAVA) conforme a especificaciones dadas | D65: =IFERROR(__xludf.DUMMYFUNCTION("""COMPUTED_VALUE"""),"11. Swing Avanzado y UML") -> 11. Swing Avanzado y UML | E65: =IFERROR(__xludf.DUMMYFUNCTION("""COMPUTED_VALUE"""),"SWING avanzado, UML y diagramas de clases") -> SWING avanzado, UML y diagramas de clases | F65: =IFERROR(__xludf.DUMMYFUNCTION("""COMPUTED_VALUE"""),"Drag and Drop") -> Drag and Drop | G65: =IFERROR(__xludf.DUMMYFUNCTION("""COMPUTED_VALUE"""),"Septiembre") -> Septiembre | H65: =IFERROR(__xludf.DUMMYFUNCTION("""COMPUTED_VALUE"""),10.0) -> 10
B66: =IFERROR(__xludf.DUMMYFUNCTION("""COMPUTED_VALUE"""),60.0) -> 60 | C66: =IFERROR(__xludf.DUMMYFUNCTION("""COMPUTED_VALUE"""),"Diseñar algoritmos aplicando diagramas de flujo y pseudocódigo para resolver problemas básicos de lógica computacional ") -> Diseñar algoritmos aplicando diagramas de flujo y pseudocódigo para resolver problemas básicos de lógica computacional | D66: =IFERROR(__xludf.DUMMYFUNCTION("""COMPUTED_VALUE"""),"11. Swing Avanzado y UML") -> 11. Swing Avanzado y UML | E66: =IFERROR(__xludf.DUMMYFUNCTION("""COMPUTED_VALUE"""),"SWING avanzado, UML y diagramas de clases") -> SWING avanzado, UML y diagramas de clases | F66: =IFERROR(__xludf.DUMMYFUNCTION("""COMPUTED_VALUE"""),"¿Que es UML?") -> ¿Que es UML? | G66: =IFERROR(__xludf.DUMMYFUNCTION("""COMPUTED_VALUE"""),"Octubre") -> Octubre | H66: =IFERROR(__xludf.DUMMYFUNCTION("""COMPUTED_VALUE"""),11.0) -> 11
B67: =IFERROR(__xludf.DUMMYFUNCTION("""COMPUTED_VALUE"""),61.0) -> 61 | C67: =IFERROR(__xludf.DUMMYFUNCTION("""COMPUTED_VALUE"""),"Diseñar algoritmos aplicando diagramas de flujo y pseudocódigo para resolver problemas básicos de lógica computacional ") -> Diseñar algoritmos aplicando diagramas de flujo y pseudocódigo para resolver problemas básicos de lógica computacional | D67: =IFERROR(__xludf.DUMMYFUNCTION("""COMPUTED_VALUE"""),"11. Swing Avanzado y UML") -> 11. Swing Avanzado y UML | E67: =IFERROR(__xludf.DUMMYFUNCTION("""COMPUTED_VALUE"""),"SWING avanzado, UML y diagramas de clases") -> SWING avanzado, UML y diagramas de clases | F67: =IFERROR(__xludf.DUMMYFUNCTION("""COMPUTED_VALUE"""),"Diagrama de clases") -> Diagrama de clases | G67: =IFERROR(__xludf.DUMMYFUNCTION("""COMPUTED_VALUE"""),"Octubre") -> Octubre | H67: =IFERROR(__xludf.DUMMYFUNCTION("""COMPUTED_VALUE"""),11.0) -> 11
B68: =IFERROR(__xludf.DUMMYFUNCTION("""COMPUTED_VALUE"""),62.0) -> 62 | C68: =IFERROR(__xludf.DUMMYFUNCTION("""COMPUTED_VALUE"""),"Diseñar algoritmos aplicando diagramas de flujo y pseudocódigo para resolver problemas básicos de lógica computacional ") -> Diseñar algoritmos aplicando diagramas de flujo y pseudocódigo para resolver problemas básicos de lógica computacional | D68: =IFERROR(__xludf.DUMMYFUNCTION("""COMPUTED_VALUE"""),"11. Swing Avanzado y UML") -> 11. Swing Avanzado y UML | E68: =IFERROR(__xludf.DUMMYFUNCTION("""COMPUTED_VALUE"""),"SWING avanzado, UML y diagramas de clases") -> SWING avanzado, UML y diagramas de clases | F68: =IFERROR(__xludf.DUMMYFUNCTION("""COMPUTED_VALUE"""),"Notaciones del diagrama de clases (clases, visibilidad, relaciones)") -> Notaciones del diagrama de clases (clases, visibilidad, relaciones) | G68: =IFERROR(__xludf.DUMMYFUNCTION("""COMPUTED_VALUE"""),"Octubre") -> Octubre | H68: =IFERROR(__xludf.DUMMYFUNCTION("""COMPUTED_VALUE"""),11.0) -> 11
B69: =IFERROR(__xludf.DUMMYFUNCTION("""COMPUTED_VALUE"""),63.0) -> 63 | C69: =IFERROR(__xludf.DUMMYFUNCTION("""COMPUTED_VALUE"""),"Analizar problemas computacionales empleando estrategias de resolución de problemas para optimizar soluciones algorítmicas ") -> Analizar problemas computacionales empleando estrategias de resolución de problemas para optimizar soluciones algorítmicas | D69: =IFERROR(__xludf.DUMMYFUNCTION("""COMPUTED_VALUE"""),"12. Cloud computing") -> 12. Cloud computing | E69: =IFERROR(__xludf.DUMMYFUNCTION("""COMPUTED_VALUE"""),"Cloud Computing") -> Cloud Computing | F69: =IFERROR(__xludf.DUMMYFUNCTION("""COMPUTED_VALUE"""),"Ventajas y Desventajas") -> Ventajas y Desventajas | G69: =IFERROR(__xludf.DUMMYFUNCTION("""COMPUTED_VALUE"""),"Octubre") -> Octubre | H69: =IFERROR(__xludf.DUMMYFUNCTION("""COMPUTED_VALUE"""),11.0) -> 11
B70: =IFERROR(__xludf.DUMMYFUNCTION("""COMPUTED_VALUE"""),64.0) -> 64 | C70: =IFERROR(__xludf.DUMMYFUNCTION("""COMPUTED_VALUE"""),"Analizar problemas computacionales empleando estrategias de resolución de problemas para optimizar soluciones algorítmicas ") -> Analizar problemas computacionales empleando estrategias de resolución de problemas para optimizar soluciones algorítmicas | D70: =IFERROR(__xludf.DUMMYFUNCTION("""COMPUTED_VALUE"""),"12. Cloud computing") -> 12. Cloud computing | E70: =IFERROR(__xludf.DUMMYFUNCTION("""COMPUTED_VALUE"""),"Cloud Computing") -> Cloud Computing | F70: =IFERROR(__xludf.DUMMYFUNCTION("""COMPUTED_VALUE"""),"Tipos de Nube") -> Tipos de Nube | G70: =IFERROR(__xludf.DUMMYFUNCTION("""COMPUTED_VALUE"""),"Octubre") -> Octubre | H70: =IFERROR(__xludf.DUMMYFUNCTION("""COMPUTED_VALUE"""),11.0) -> 11
B71: =IFERROR(__xludf.DUMMYFUNCTION("""COMPUTED_VALUE"""),65.0) -> 65 | C71: =IFERROR(__xludf.DUMMYFUNCTION("""COMPUTED_VALUE"""),"Analizar problemas computacionales empleando estrategias de resolución de problemas para optimizar soluciones algorítmicas ") -> Analizar problemas computacionales empleando estrategias de resolución de problemas para optimizar soluciones algorítmicas | D71: =IFERROR(__xludf.DUMMYFUNCTION("""COMPUTED_VALUE"""),"12. Cloud computing") -> 12. Cloud computing | E71: =IFERROR(__xludf.DUMMYFUNCTION("""COMPUTED_VALUE"""),"Cloud Computing") -> Cloud Computing | F71: =IFERROR(__xludf.DUMMYFUNCTION("""COMPUTED_VALUE"""),"Publica, privada, hibrida") -> Publica, privada, hibrida | G71: =IFERROR(__xludf.DUMMYFUNCTION("""COMPUTED_VALUE"""),"Octubre") -> Octubre | H71: =IFERROR(__xludf.DUMMYFUNCTION("""COMPUTED_VALUE"""),11.0) -> 11
B72: =IFERROR(__xludf.DUMMYFUNCTION("""COMPUTED_VALUE"""),66.0) -> 66 | C72: =IFERROR(__xludf.DUMMYFUNCTION("""COMPUTED_VALUE"""),"Analizar problemas computacionales empleando estrategias de resolución de problemas para optimizar soluciones algorítmicas ") -> Analizar problemas computacionales empleando estrategias de resolución de problemas para optimizar soluciones algorítmicas | D72: =IFERROR(__xludf.DUMMYFUNCTION("""COMPUTED_VALUE"""),"12. Cloud computing") -> 12. Cloud computing | E72: =IFERROR(__xludf.DUMMYFUNCTION("""COMPUTED_VALUE"""),"Cloud Computing") -> Cloud Computing | F72: =IFERROR(__xludf.DUMMYFUNCTION("""COMPUTED_VALUE"""),"Modelos en la Nube") -> Modelos en la Nube | G72: =IFERROR(__xludf.DUMMYFUNCTION("""COMPUTED_VALUE"""),"Octubre") -> Octubre | H72: =IFERROR(__xludf.DUMMYFUNCTION("""COMPUTED_VALUE"""),11.0) -> 11
B73: =IFERROR(__xludf.DUMMYFUNCTION("""COMPUTED_VALUE"""),67.0) -> 67 | C73: =IFERROR(__xludf.DUMMYFUNCTION("""COMPUTED_VALUE"""),"Analizar problemas computacionales empleando estrategias de resolución de problemas para optimizar soluciones algorítmicas ") -> Analizar problemas computacionales empleando estrategias de resolución de problemas para optimizar soluciones algorítmicas | D73: =IFERROR(__xludf.DUMMYFUNCTION("""COMPUTED_VALUE"""),"12. Cloud computing") -> 12. Cloud computing | E73: =IFERROR(__xludf.DUMMYFUNCTION("""COMPUTED_VALUE"""),"Cloud Computing") -> Cloud Computing | F73: =IFERROR(__xludf.DUMMYFUNCTION("""COMPUTED_VALUE"""),"SaaS, PaaS, IaaS") -> SaaS, PaaS, IaaS | G73: =IFERROR(__xludf.DUMMYFUNCTION("""COMPUTED_VALUE"""),"Octubre") -> Octubre | H73: =IFERROR(__xludf.DUMMYFUNCTION("""COMPUTED_VALUE"""),11.0) -> 11
B74: =IFERROR(__xludf.DUMMYFUNCTION("""COMPUTED_VALUE"""),68.0) -> 68 | C74: =IFERROR(__xludf.DUMMYFUNCTION("""COMPUTED_VALUE"""),"Analizar problemas computacionales empleando estrategias de resolución de problemas para optimizar soluciones algorítmicas ") -> Analizar problemas computacionales empleando estrategias de resolución de problemas para optimizar soluciones algorítmicas | D74: =IFERROR(__xludf.DUMMYFUNCTION("""COMPUTED_VALUE"""),"12. Cloud computing") -> 12. Cloud computing | E74: =IFERROR(__xludf.DUMMYFUNCTION("""COMPUTED_VALUE"""),"Cloud Computing") -> Cloud Computing | F74: =IFERROR(__xludf.DUMMYFUNCTION("""COMPUTED_VALUE"""),"Servicios en la nube") -> Servicios en la nube | G74: =IFERROR(__xludf.DUMMYFUNCTION("""COMPUTED_VALUE"""),"Octubre") -> Octubre | H74: =IFERROR(__xludf.DUMMYFUNCTION("""COMPUTED_VALUE"""),11.0) -> 11
B75: =IFERROR(__xludf.DUMMYFUNCTION("""COMPUTED_VALUE"""),69.0) -> 69 | C75: =IFERROR(__xludf.DUMMYFUNCTION("""COMPUTED_VALUE"""),"Analizar problemas computacionales empleando estrategias de resolución de problemas para optimizar soluciones algorítmicas ") -> Analizar problemas computacionales empleando estrategias de resolución de problemas para optimizar soluciones algorítmicas | D75: =IFERROR(__xludf.DUMMYFUNCTION("""COMPUTED_VALUE"""),"12. Cloud computing") -> 12. Cloud computing | E75: =IFERROR(__xludf.DUMMYFUNCTION("""COMPUTED_VALUE"""),"Cloud Computing") -> Cloud Computing | F75: =IFERROR(__xludf.DUMMYFUNCTION("""COMPUTED_VALUE"""),"Proveedores de Nube") -> Proveedores de Nube | G75: =IFERROR(__xludf.DUMMYFUNCTION("""COMPUTED_VALUE"""),"Octubre") -> Octubre | H75: =IFERROR(__xludf.DUMMYFUNCTION("""COMPUTED_VALUE"""),11.0) -> 11

Sheet Diseño_Lab_Post
B1: Que se impartio el en Curso Posterior el Segundo Semestre 2025
B3: Nombre del Curso | C3: Organización de Lenguajes y Compiladores 1
B4: Codigo del Curso | C4: {=IFERROR(XLOOKUP(TRIM(C3), Competencias_actuales!L15:L1000, Competencias_actuales!K15:K1000), "Código no encontrado")} -> 777 | H4: =C4&" - "&C3 -> 777 - Organización de Lenguajes y Compiladores 1
B6: No | C6: Competencia | D6: Unidad | E6: Tema | F6: Subtema | G6: Mes | H6: Semana
B7: =IFERROR(__xludf.DUMMYFUNCTION("QUERY(IMPORTRANGE(VLOOKUP(H4,METADA!A:B,2,FALSE), ""Diseño Curricular!A4:G500""), )"),1.0) -> 1 | C7: =IFERROR(__xludf.DUMMYFUNCTION("""COMPUTED_VALUE"""),"Integra lenguajes y herramientas de programación mediante estrategias de diseño y prueba con pensamiento crítico y visión sistémica ") -> Integra lenguajes y herramientas de programación mediante estrategias de diseño y prueba con pensamiento crítico y visión sistémica | D7: =IFERROR(__xludf.DUMMYFUNCTION("""COMPUTED_VALUE"""),"Introduccion") -> Introduccion | E7: =IFERROR(__xludf.DUMMYFUNCTION("""COMPUTED_VALUE"""),"Introducción a la compilación") -> Introducción a la compilación | F7: =IFERROR(__xludf.DUMMYFUNCTION("""COMPUTED_VALUE"""),"Conceptos generales de compiladores") -> Conceptos generales de compiladores | G7: =IFERROR(__xludf.DUMMYFUNCTION("""COMPUTED_VALUE"""),"Julio") -> Julio | H7: =IFERROR(__xludf.DUMMYFUNCTION("""COMPUTED_VALUE"""),1.0) -> 1
B8: =IFERROR(__xludf.DUMMYFUNCTION("""COMPUTED_VALUE"""),2.0) -> 2 | C8: =IFERROR(__xludf.DUMMYFUNCTION("""COMPUTED_VALUE"""),"Integra lenguajes y herramientas de programación mediante estrategias de diseño y prueba con pensamiento crítico y visión sistémica ") -> Integra lenguajes y herramientas de programación mediante estrategias de diseño y prueba con pensamiento crítico y visión sistémica | D8: =IFERROR(__xludf.DUMMYFUNCTION("""COMPUTED_VALUE"""),"Introduccion") -> Introduccion | E8: =IFERROR(__xludf.DUMMYFUNCTION("""COMPUTED_VALUE"""),"Introducción a la compilación") -> Introducción a la compilación | F8: =IFERROR(__xludf.DUMMYFUNCTION("""COMPUTED_VALUE"""),"Tipos de compiladores") -> Tipos de compiladores | G8: =IFERROR(__xludf.DUMMYFUNCTION("""COMPUTED_VALUE"""),"Julio") -> Julio | H8: =IFERROR(__xludf.DUMMYFUNCTION("""COMPUTED_VALUE"""),1.0) -> 1
B9: =IFERROR(__xludf.DUMMYFUNCTION("""COMPUTED_VALUE"""),3.0) -> 3 | C9: =IFERROR(__xludf.DUMMYFUNCTION("""COMPUTED_VALUE"""),"Integra lenguajes y herramientas de programación mediante estrategias de diseño y prueba con pensamiento crítico y visión sistémica ") -> Integra lenguajes y herramientas de programación mediante estrategias de diseño y prueba con pensamiento crítico y visión sistémica | D9: =IFERROR(__xludf.DUMMYFUNCTION("""COMPUTED_VALUE"""),"Introduccion") -> Introduccion | E9: =IFERROR(__xludf.DUMMYFUNCTION("""COMPUTED_VALUE"""),"Introducción a la compilación") -> Introducción a la compilación | F9: =IFERROR(__xludf.DUMMYFUNCTION("""COMPUTED_VALUE"""),"Fases de Análisis") -> Fases de Análisis | G9: =IFERROR(__xludf.DUMMYFUNCTION("""COMPUTED_VALUE"""),"Julio") -> Julio | H9: =IFERROR(__xludf.DUMMYFUNCTION("""COMPUTED_VALUE"""),1.0) -> 1
B10: =IFERROR(__xludf.DUMMYFUNCTION("""COMPUTED_VALUE"""),4.0) -> 4 | C10: =IFERROR(__xludf.DUMMYFUNCTION("""COMPUTED_VALUE"""),"Integra lenguajes y herramientas de programación mediante estrategias de diseño y prueba con pensamiento crítico y visión sistémica ") -> Integra lenguajes y herramientas de programación mediante estrategias de diseño y prueba con pensamiento crítico y visión sistémica | D10: =IFERROR(__xludf.DUMMYFUNCTION("""COMPUTED_VALUE"""),"Introduccion") -> Introduccion | E10: =IFERROR(__xludf.DUMMYFUNCTION("""COMPUTED_VALUE"""),"Introducción a la compilación") -> Introducción a la compilación | F10: =IFERROR(__xludf.DUMMYFUNCTION("""COMPUTED_VALUE"""),"Fases de Síntesis") -> Fases de Síntesis | G10: =IFERROR(__xludf.DUMMYFUNCTION("""COMPUTED_VALUE"""),"Julio") -> Julio | H10: =IFERROR(__xludf.DUMMYFUNCTION("""COMPUTED_VALUE"""),1.0) -> 1
B11: =IFERROR(__xludf.DUMMYFUNCTION("""COMPUTED_VALUE"""),5.0) -> 5 | C11: =IFERROR(__xludf.DUMMYFUNCTION("""COMPUTED_VALUE"""),"Integra lenguajes y herramientas de programación mediante estrategias de diseño y prueba con pensamiento crítico y visión sistémica ") -> Integra lenguajes y herramientas de programación mediante estrategias de diseño y prueba con pensamiento crítico y visión sistémica | D11: =IFERROR(__xludf.DUMMYFUNCTION("""COMPUTED_VALUE"""),"Fase de Sintesis en Compiladores") -> Fase de Sintesis en Compiladores | E11: =IFERROR(__xludf.DUMMYFUNCTION("""COMPUTED_VALUE"""),"Análisis Léxico") -> Análisis Léxico | F11: =IFERROR(__xludf.DUMMYFUNCTION("""COMPUTED_VALUE"""),"Definición de análisis léxico") -> Definición de análisis léxico | G11: =IFERROR(__xludf.DUMMYFUNCTION("""COMPUTED_VALUE"""),"Julio") -> Julio | H11: =IFERROR(__xludf.DUMMYFUNCTION("""COMPUTED_VALUE"""),2.0) -> 2
B12: =IFERROR(__xludf.DUMMYFUNCTION("""COMPUTED_VALUE"""),6.0) -> 6 | C12: =IFERROR(__xludf.DUMMYFUNCTION("""COMPUTED_VALUE"""),"Integra lenguajes y herramientas de programación mediante estrategias de diseño y prueba con pensamiento crítico y visión sistémica ") -> Integra lenguajes y herramientas de programación mediante estrategias de diseño y prueba con pensamiento crítico y visión sistémica | D12: =IFERROR(__xludf.DUMMYFUNCTION("""COMPUTED_VALUE"""),"Fase de Sintesis en Compiladores") -> Fase de Sintesis en Compiladores | E12: =IFERROR(__xludf.DUMMYFUNCTION("""COMPUTED_VALUE"""),"Análisis Léxico") -> Análisis Léxico | F12: =IFERROR(__xludf.DUMMYFUNCTION("""COMPUTED_VALUE"""),"Componentes del análisis léxico") -> Componentes del análisis léxico | G12: =IFERROR(__xludf.DUMMYFUNCTION("""COMPUTED_VALUE"""),"Julio") -> Julio | H12: =IFERROR(__xludf.DUMMYFUNCTION("""COMPUTED_VALUE"""),2.0) -> 2
B13: =IFERROR(__xludf.DUMMYFUNCTION("""COMPUTED_VALUE"""),7.0) -> 7 | C13: =IFERROR(__xludf.DUMMYFUNCTION("""COMPUTED_VALUE"""),"Integra lenguajes y herramientas de programación mediante estrategias de diseño y prueba con pensamiento crítico y visión sistémica ") -> Integra lenguajes y herramientas de programación mediante estrategias de diseño y prueba con pensamiento crítico y visión sistémica | D13: =IFERROR(__xludf.DUMMYFUNCTION("""COMPUTED_VALUE"""),"Fase de Sintesis en Compiladores") -> Fase de Sintesis en Compiladores | E13: =IFERROR(__xludf.DUMMYFUNCTION("""COMPUTED_VALUE"""),"Análisis Léxico") -> Análisis Léxico | F13: =IFERROR(__xludf.DUMMYFUNCTION("""COMPUTED_VALUE"""),"Método de Thompson") -> Método de Thompson | G13: =IFERROR(__xludf.DUMMYFUNCTION("""COMPUTED_VALUE"""),"Julio") -> Julio | H13: =IFERROR(__xludf.DUMMYFUNCTION("""COMPUTED_VALUE"""),2.0) -> 2
B14: =IFERROR(__xludf.DUMMYFUNCTION("""COMPUTED_VALUE"""),8.0) -> 8 | C14: =IFERROR(__xludf.DUMMYFUNCTION("""COMPUTED_VALUE"""),"Domina los conceptos fundamentales del compilador para analizar y diseñar traductores en proyectos de software que requieran procesamiento de lenguajes ") -> Domina los conceptos fundamentales del compilador para analizar y diseñar traductores en proyectos de software que requieran procesamiento de lenguajes | D14: =IFERROR(__xludf.DUMMYFUNCTION("""COMPUTED_VALUE"""),"Fase de Sintesis en Compiladores") -> Fase de Sintesis en Compiladores | E14: =IFERROR(__xludf.DUMMYFUNCTION("""COMPUTED_VALUE"""),"Análisis Léxico") -> Análisis Léxico | F14: =IFERROR(__xludf.DUMMYFUNCTION("""COMPUTED_VALUE"""),"Método del Árbol") -> Método del Árbol | G14: =IFERROR(__xludf.DUMMYFUNCTION("""COMPUTED_VALUE"""),"Julio") -> Julio | H14: =IFERROR(__xludf.DUMMYFUNCTION("""COMPUTED_VALUE"""),2.0) -> 2
B15: =IFERROR(__xludf.DUMMYFUNCTION("""COMPUTED_VALUE"""),9.0) -> 9 | C15: =IFERROR(__xludf.DUMMYFUNCTION("""COMPUTED_VALUE"""),"Domina los conceptos fundamentales del compilador para analizar y diseñar traductores en proyectos de software que requieran procesamiento de lenguajes ") -> Domina los conceptos fundamentales del compilador para analizar y diseñar traductores en proyectos de software que requieran procesamiento de lenguajes | D15: =IFERROR(__xludf.DUMMYFUNCTION("""COMPUTED_VALUE"""),"Fase de Sintesis en Compiladores") -> Fase de Sintesis en Compiladores | E15: =IFERROR(__xludf.DUMMYFUNCTION("""COMPUTED_VALUE"""),"Análisis Sintactico") -> Análisis Sintactico | F15: =IFERROR(__xludf.DUMMYFUNCTION("""COMPUTED_VALUE"""),"Definición de análisis sintáctico") -> Definición de análisis sintáctico | G15: =IFERROR(__xludf.DUMMYFUNCTION("""COMPUTED_VALUE"""),"Julio") -> Julio | H15: =IFERROR(__xludf.DUMMYFUNCTION("""COMPUTED_VALUE"""),3.0) -> 3
B16: =IFERROR(__xludf.DUMMYFUNCTION("""COMPUTED_VALUE"""),10.0) -> 10 | C16: =IFERROR(__xludf.DUMMYFUNCTION("""COMPUTED_VALUE"""),"Domina los conceptos fundamentales del compilador para analizar y diseñar traductores en proyectos de software que requieran procesamiento de lenguajes ") -> Domina los conceptos fundamentales del compilador para analizar y diseñar traductores en proyectos de software que requieran procesamiento de lenguajes | D16: =IFERROR(__xludf.DUMMYFUNCTION("""COMPUTED_VALUE"""),"Fase de Sintesis en Compiladores") -> Fase de Sintesis en Compiladores | E16: =IFERROR(__xludf.DUMMYFUNCTION("""COMPUTED_VALUE"""),"Análisis Sintactico") -> Análisis Sintactico | F16: =IFERROR(__xludf.DUMMYFUNCTION("""COMPUTED_VALUE"""),"Introducción a grámaticas libres del contexto") -> Introducción a grámaticas libres del contexto | G16: =IFERROR(__xludf.DUMMYFUNCTION("""COMPUTED_VALUE"""),"Julio") -> Julio | H16: =IFERROR(__xludf.DUMMYFUNCTION("""COMPUTED_VALUE"""),3.0) -> 3
B17: =IFERROR(__xludf.DUMMYFUNCTION("""COMPUTED_VALUE"""),11.0) -> 11 | C17: =IFERROR(__xludf.DUMMYFUNCTION("""COMPUTED_VALUE"""),"Domina los conceptos fundamentales del compilador para analizar y diseñar traductores en proyectos de software que requieran procesamiento de lenguajes ") -> Domina los conceptos fundamentales del compilador para analizar y diseñar traductores en proyectos de software que requieran procesamiento de lenguajes | D17: =IFERROR(__xludf.DUMMYFUNCTION("""COMPUTED_VALUE"""),"Fase de Sintesis en Compiladores") -> Fase de Sintesis en Compiladores | E17: =IFERROR(__xludf.DUMMYFUNCTION("""COMPUTED_VALUE"""),"Análisis Sintactico") -> Análisis Sintactico | F17: =IFERROR(__xludf.DUMMYFUNCTION("""COMPUTED_VALUE"""),"Derivaciones") -> Derivaciones | G17: =IFERROR(__xludf.DUMMYFUNCTION("""COMPUTED_VALUE"""),"Julio") -> Julio | H17: =IFERROR(__xludf.DUMMYFUNCTION("""COMPUTED_VALUE"""),3.0) -> 3
B18: =IFERROR(__xludf.DUMMYFUNCTION("""COMPUTED_VALUE"""),12.0) -> 12 | C18: =IFERROR(__xludf.DUMMYFUNCTION("""COMPUTED_VALUE"""),"Domina los conceptos fundamentales del compilador para analizar y diseñar traductores en proyectos de software que requieran procesamiento de lenguajes ") -> Domina los conceptos fundamentales del compilador para analizar y diseñar traductores en proyectos de software que requieran procesamiento de lenguajes | D18: =IFERROR(__xludf.DUMMYFUNCTION("""COMPUTED_VALUE"""),"Fase de Sintesis en Compiladores") -> Fase de Sintesis en Compiladores | E18: =IFERROR(__xludf.DUMMYFUNCTION("""COMPUTED_VALUE"""),"Análisis Sintactico") -> Análisis Sintactico | F18: =IFERROR(__xludf.DUMMYFUNCTION("""COMPUTED_VALUE"""),"Árbol de Análisis Sintáctico") -> Árbol de Análisis Sintáctico | G18: =IFERROR(__xludf.DUMMYFUNCTION("""COMPUTED_VALUE"""),"Julio") -> Julio | H18: =IFERROR(__xludf.DUMMYFUNCTION("""COMPUTED_VALUE"""),3.0) -> 3
B19: =IFERROR(__xludf.DUMMYFUNCTION("""COMPUTED_VALUE"""),13.0) -> 13 | C19: =IFERROR(__xludf.DUMMYFUNCTION("""COMPUTED_VALUE"""),"Diseña tablas de símbolos y entornos empleando estructuras de datos adecuadas con gestión de ámbitos, tipos y recuperación de errores ") -> Diseña tablas de símbolos y entornos empleando estructuras de datos adecuadas con gestión de ámbitos, tipos y recuperación de errores | D19: =IFERROR(__xludf.DUMMYFUNCTION("""COMPUTED_VALUE"""),"Estructuras") -> Estructuras | E19: =IFERROR(__xludf.DUMMYFUNCTION("""COMPUTED_VALUE"""),"Tabla de Simbolos") -> Tabla de Simbolos | F19: =IFERROR(__xludf.DUMMYFUNCTION("""COMPUTED_VALUE"""),"Tabla de Símbolos") -> Tabla de Símbolos | G19: =IFERROR(__xludf.DUMMYFUNCTION("""COMPUTED_VALUE"""),"Julio") -> Julio | H19: =IFERROR(__xludf.DUMMYFUNCTION("""COMPUTED_VALUE"""),4.0) -> 4
B20: =IFERROR(__xludf.DUMMYFUNCTION("""COMPUTED_VALUE"""),14.0) -> 14 | C20: =IFERROR(__xludf.DUMMYFUNCTION("""COMPUTED_VALUE"""),"Diseña tablas de símbolos y entornos empleando estructuras de datos adecuadas con gestión de ámbitos, tipos y recuperación de errores ") -> Diseña tablas de símbolos y entornos empleando estructuras de datos adecuadas con gestión de ámbitos, tipos y recuperación de errores | D20: =IFERROR(__xludf.DUMMYFUNCTION("""COMPUTED_VALUE"""),"Estructuras") -> Estructuras | E20: =IFERROR(__xludf.DUMMYFUNCTION("""COMPUTED_VALUE"""),"Tabla de Simbolos") -> Tabla de Simbolos | F20: =IFERROR(__xludf.DUMMYFUNCTION("""COMPUTED_VALUE"""),"Declaración de variables") -> Declaración de variables | G20: =IFERROR(__xludf.DUMMYFUNCTION("""COMPUTED_VALUE"""),"Julio") -> Julio | H20: =IFERROR(__xludf.DUMMYFUNCTION("""COMPUTED_VALUE"""),4.0) -> 4
B21: =IFERROR(__xludf.DUMMYFUNCTION("""COMPUTED_VALUE"""),15.0) -> 15 | C21: =IFERROR(__xludf.DUMMYFUNCTION("""COMPUTED_VALUE"""),"Diseña tablas de símbolos y entornos empleando estructuras de datos adecuadas con gestión de ámbitos, tipos y recuperación de errores ") -> Diseña tablas de símbolos y entornos empleando estructuras de datos adecuadas con gestión de ámbitos, tipos y recuperación de errores | D21: =IFERROR(__xludf.DUMMYFUNCTION("""COMPUTED_VALUE"""),"Estructuras") -> Estructuras | E21: =IFERROR(__xludf.DUMMYFUNCTION("""COMPUTED_VALUE"""),"Tabla de Simbolos") -> Tabla de Simbolos | F21: =IFERROR(__xludf.DUMMYFUNCTION("""COMPUTED_VALUE"""),"Asignación de variables") -> Asignación de variables | G21: =IFERROR(__xludf.DUMMYFUNCTION("""COMPUTED_VALUE"""),"Julio") -> Julio | H21: =IFERROR(__xludf.DUMMYFUNCTION("""COMPUTED_VALUE"""),4.0) -> 4
B22: =IFERROR(__xludf.DUMMYFUNCTION("""COMPUTED_VALUE"""),16.0) -> 16 | C22: =IFERROR(__xludf.DUMMYFUNCTION("""COMPUTED_VALUE"""),"Implementa analizadores lexicos mediante expresiones regulares y JFlex para tokenizar entradas definidas y manejar errores léxicos ") -> Implementa analizadores lexicos mediante expresiones regulares y JFlex para tokenizar entradas definidas y manejar errores léxicos | D22: =IFERROR(__xludf.DUMMYFUNCTION("""COMPUTED_VALUE"""),"Estructuras") -> Estructuras | E22: =IFERROR(__xludf.DUMMYFUNCTION("""COMPUTED_VALUE"""),"Tabla de Simbolos") -> Tabla de Simbolos | F22: =IFERROR(__xludf.DUMMYFUNCTION("""COMPUTED_VALUE"""),"Acceso de variables") -> Acceso de variables | G22: =IFERROR(__xludf.DUMMYFUNCTION("""COMPUTED_VALUE"""),"Julio") -> Julio | H22: =IFERROR(__xludf.DUMMYFUNCTION("""COMPUTED_VALUE"""),4.0) -> 4
B23: =IFERROR(__xludf.DUMMYFUNCTION("""COMPUTED_VALUE"""),17.0) -> 17 | C23: =IFERROR(__xludf.DUMMYFUNCTION("""COMPUTED_VALUE"""),"Implementa analizadores lexicos mediante expresiones regulares y JFlex para tokenizar entradas definidas y manejar errores léxicos ") -> Implementa analizadores lexicos mediante expresiones regulares y JFlex para tokenizar entradas definidas y manejar errores léxicos | D23: =IFERROR(__xludf.DUMMYFUNCTION("""COMPUTED_VALUE"""),"Herramientas de Compilación") -> Herramientas de Compilación | E23: =IFERROR(__xludf.DUMMYFUNCTION("""COMPUTED_VALUE"""),"Ejemplo Practico de JFLEX y CUP") -> Ejemplo Practico de JFLEX y CUP | F23: =IFERROR(__xludf.DUMMYFUNCTION("""COMPUTED_VALUE"""),"Descarga e instalación de herramientas") -> Descarga e instalación de herramientas | G23: =IFERROR(__xludf.DUMMYFUNCTION("""COMPUTED_VALUE"""),"Agosto") -> Agosto | H23: =IFERROR(__xludf.DUMMYFUNCTION("""COMPUTED_VALUE"""),5.0) -> 5
B24: =IFERROR(__xludf.DUMMYFUNCTION("""COMPUTED_VALUE"""),18.0) -> 18 | C24: =IFERROR(__xludf.DUMMYFUNCTION("""COMPUTED_VALUE"""),"Implementa analizadores lexicos mediante expresiones regulares y JFlex para tokenizar entradas definidas y manejar errores léxicos ") -> Implementa analizadores lexicos mediante expresiones regulares y JFlex para tokenizar entradas definidas y manejar errores léxicos | D24: =IFERROR(__xludf.DUMMYFUNCTION("""COMPUTED_VALUE"""),"Herramientas de Compilación") -> Herramientas de Compilación | E24: =IFERROR(__xludf.DUMMYFUNCTION("""COMPUTED_VALUE"""),"Ejemplo Practico de JFLEX y CUP") -> Ejemplo Practico de JFLEX y CUP | F24: =IFERROR(__xludf.DUMMYFUNCTION("""COMPUTED_VALUE"""),"Descripción de la sintáxis de las herramientas") -> Descripción de la sintáxis de las herramientas | G24: =IFERROR(__xludf.DUMMYFUNCTION("""COMPUTED_VALUE"""),"Agosto") -> Agosto | H24: =IFERROR(__xludf.DUMMYFUNCTION("""COMPUTED_VALUE"""),5.0) -> 5
B25: =IFERROR(__xludf.DUMMYFUNCTION("""COMPUTED_VALUE"""),19.0) -> 19 | C25: =IFERROR(__xludf.DUMMYFUNCTION("""COMPUTED_VALUE"""),"Implementa analizadores lexicos mediante expresiones regulares y JFlex para tokenizar entradas definidas y manejar errores léxicos ") -> Implementa analizadores lexicos mediante expresiones regulares y JFlex para tokenizar entradas definidas y manejar errores léxicos | D25: =IFERROR(__xludf.DUMMYFUNCTION("""COMPUTED_VALUE"""),"Herramientas de Compilación") -> Herramientas de Compilación | E25: =IFERROR(__xludf.DUMMYFUNCTION("""COMPUTED_VALUE"""),"Ejemplo Practico de JFLEX y CUP") -> Ejemplo Practico de JFLEX y CUP | F25: =IFERROR(__xludf.DUMMYFUNCTION("""COMPUTED_VALUE"""),"Escritura de expresiones regulares") -> Escritura de expresiones regulares | G25: =IFERROR(__xludf.DUMMYFUNCTION("""COMPUTED_VALUE"""),"Agosto") -> Agosto | H25: =IFERROR(__xludf.DUMMYFUNCTION("""COMPUTED_VALUE"""),5.0) -> 5
B26: =IFERROR(__xludf.DUMMYFUNCTION("""COMPUTED_VALUE"""),20.0) -> 20 | C26: =IFERROR(__xludf.DUMMYFUNCTION("""COMPUTED_VALUE"""),"Implementa analizadores lexicos mediante expresiones regulares y JFlex para tokenizar entradas definidas y manejar errores léxicos ") -> Implementa analizadores lexicos mediante expresiones regulares y JFlex para tokenizar entradas definidas y manejar errores léxicos | D26: =IFERROR(__xludf.DUMMYFUNCTION("""COMPUTED_VALUE"""),"Herramientas de Compilación") -> Herramientas de Compilación | E26: =IFERROR(__xludf.DUMMYFUNCTION("""COMPUTED_VALUE"""),"Ejemplo Practico de JFLEX y CUP") -> Ejemplo Practico de JFLEX y CUP | F26: =IFERROR(__xludf.DUMMYFUNCTION("""COMPUTED_VALUE"""),"Escritura de gramáticas") -> Escritura de gramáticas | G26: =IFERROR(__xludf.DUMMYFUNCTION("""COMPUTED_VALUE"""),"Agosto") -> Agosto | H26: =IFERROR(__xludf.DUMMYFUNCTION("""COMPUTED_VALUE"""),5.0) -> 5
B27: =IFERROR(__xludf.DUMMYFUNCTION("""COMPUTED_VALUE"""),21.0) -> 21 | C27: =IFERROR(__xludf.DUMMYFUNCTION("""COMPUTED_VALUE"""),"Implementa analizadores lexicos mediante expresiones regulares y JFlex para tokenizar entradas definidas y manejar errores léxicos ") -> Implementa analizadores lexicos mediante expresiones regulares y JFlex para tokenizar entradas definidas y manejar errores léxicos | D27: =IFERROR(__xludf.DUMMYFUNCTION("""COMPUTED_VALUE"""),"Herramientas de Compilación") -> Herramientas de Compilación | E27: =IFERROR(__xludf.DUMMYFUNCTION("""COMPUTED_VALUE"""),"Ejemplo Practico de JFLEX y CUP") -> Ejemplo Practico de JFLEX y CUP | F27: =IFERROR(__xludf.DUMMYFUNCTION("""COMPUTED_VALUE"""),"Comunicación con el entorno de programación") -> Comunicación con el entorno de programación | G27: =IFERROR(__xludf.DUMMYFUNCTION("""COMPUTED_VALUE"""),"Agosto") -> Agosto | H27: =IFERROR(__xludf.DUMMYFUNCTION("""COMPUTED_VALUE"""),6.0) -> 6
B28: =IFERROR(__xludf.DUMMYFUNCTION("""COMPUTED_VALUE"""),22.0) -> 22 | C28: =IFERROR(__xludf.DUMMYFUNCTION("""COMPUTED_VALUE"""),"Desarrolla analizadores sintácticos con CUP y Jison, gramáticas LL/LR para validar la estructura de programas y construir AST ") -> Desarrolla analizadores sintácticos con CUP y Jison, gramáticas LL/LR para validar la estructura de programas y construir AST | D28: =IFERROR(__xludf.DUMMYFUNCTION("""COMPUTED_VALUE"""),"Herramientas de Compilación") -> Herramientas de Compilación | E28: =IFERROR(__xludf.DUMMYFUNCTION("""COMPUTED_VALUE"""),"Ejemplo Practico de JFLEX y CUP") -> Ejemplo Practico de JFLEX y CUP | F28: =IFERROR(__xludf.DUMMYFUNCTION("""COMPUTED_VALUE"""),"Comunicación con el entorno de programación") -> Comunicación con el entorno de programación | G28: =IFERROR(__xludf.DUMMYFUNCTION("""COMPUTED_VALUE"""),"Agosto") -> Agosto | H28: =IFERROR(__xludf.DUMMYFUNCTION("""COMPUTED_VALUE"""),6.0) -> 6
B29: =IFERROR(__xludf.DUMMYFUNCTION("""COMPUTED_VALUE"""),23.0) -> 23 | C29: =IFERROR(__xludf.DUMMYFUNCTION("""COMPUTED_VALUE"""),"Desarrolla analizadores sintácticos con CUP y Jison, gramáticas LL/LR para validar la estructura de programas y construir AST ") -> Desarrolla analizadores sintácticos con CUP y Jison, gramáticas LL/LR para validar la estructura de programas y construir AST | D29: =IFERROR(__xludf.DUMMYFUNCTION("""COMPUTED_VALUE"""),"Herramientas de Compilación") -> Herramientas de Compilación | E29: =IFERROR(__xludf.DUMMYFUNCTION("""COMPUTED_VALUE"""),"Ejemplo Practico de JFLEX y CUP") -> Ejemplo Practico de JFLEX y CUP | F29: =IFERROR(__xludf.DUMMYFUNCTION("""COMPUTED_VALUE"""),"Acciones Gramaticales") -> Acciones Gramaticales | G29: =IFERROR(__xludf.DUMMYFUNCTION("""COMPUTED_VALUE"""),"Agosto") -> Agosto | H29: =IFERROR(__xludf.DUMMYFUNCTION("""COMPUTED_VALUE"""),6.0) -> 6
B30: =IFERROR(__xludf.DUMMYFUNCTION("""COMPUTED_VALUE"""),24.0) -> 24 | C30: =IFERROR(__xludf.DUMMYFUNCTION("""COMPUTED_VALUE"""),"Desarrolla analizadores sintácticos con CUP y Jison, gramáticas LL/LR para validar la estructura de programas y construir AST ") -> Desarrolla analizadores sintácticos con CUP y Jison, gramáticas LL/LR para validar la estructura de programas y construir AST | D30: =IFERROR(__xludf.DUMMYFUNCTION("""COMPUTED_VALUE"""),"Herramientas de Compilación") -> Herramientas de Compilación | E30: =IFERROR(__xludf.DUMMYFUNCTION("""COMPUTED_VALUE"""),"Ejemplo Practico de JFLEX y CUP") -> Ejemplo Practico de JFLEX y CUP | F30: =IFERROR(__xludf.DUMMYFUNCTION("""COMPUTED_VALUE"""),"Manejo de errores") -> Manejo de errores | G30: =IFERROR(__xludf.DUMMYFUNCTION("""COMPUTED_VALUE"""),"Agosto") -> Agosto | H30: =IFERROR(__xludf.DUMMYFUNCTION("""COMPUTED_VALUE"""),6.0) -> 6
B31: =IFERROR(__xludf.DUMMYFUNCTION("""COMPUTED_VALUE"""),25.0) -> 25 | C31: =IFERROR(__xludf.DUMMYFUNCTION("""COMPUTED_VALUE"""),"Investiga nuevas técnicas de análisis y síntesis de lenguajes empleando aprendizaje autónomo y revisión de literatura con actitud de mejora continua y adaptación tecnológica ") -> Investiga nuevas técnicas de análisis y síntesis de lenguajes empleando aprendizaje autónomo y revisión de literatura con actitud de mejora continua y adaptación tecnológica | D31: =IFERROR(__xludf.DUMMYFUNCTION("""COMPUTED_VALUE"""),"Gramaticas ") -> Gramaticas | E31: =IFERROR(__xludf.DUMMYFUNCTION("""COMPUTED_VALUE"""),"Gramáticas Independientes del Contexto") -> Gramáticas Independientes del Contexto | F31: =IFERROR(__xludf.DUMMYFUNCTION("""COMPUTED_VALUE"""),"Definición") -> Definición | G31: =IFERROR(__xludf.DUMMYFUNCTION("""COMPUTED_VALUE"""),"Agosto") -> Agosto | H31: =IFERROR(__xludf.DUMMYFUNCTION("""COMPUTED_VALUE"""),7.0) -> 7
B32: =IFERROR(__xludf.DUMMYFUNCTION("""COMPUTED_VALUE"""),26.0) -> 26 | C32: =IFERROR(__xludf.DUMMYFUNCTION("""COMPUTED_VALUE"""),"Investiga nuevas técnicas de análisis y síntesis de lenguajes empleando aprendizaje autónomo y revisión de literatura con actitud de mejora continua y adaptación tecnológica ") -> Investiga nuevas técnicas de análisis y síntesis de lenguajes empleando aprendizaje autónomo y revisión de literatura con actitud de mejora continua y adaptación tecnológica | D32: =IFERROR(__xludf.DUMMYFUNCTION("""COMPUTED_VALUE"""),"Gramaticas ") -> Gramaticas | E32: =IFERROR(__xludf.DUMMYFUNCTION("""COMPUTED_VALUE"""),"Gramáticas Independientes del Contexto") -> Gramáticas Independientes del Contexto | F32: =IFERROR(__xludf.DUMMYFUNCTION("""COMPUTED_VALUE"""),"Funciones Primero y Siguientes") -> Funciones Primero y Siguientes | G32: =IFERROR(__xludf.DUMMYFUNCTION("""COMPUTED_VALUE"""),"Agosto") -> Agosto | H32: =IFERROR(__xludf.DUMMYFUNCTION("""COMPUTED_VALUE"""),7.0) -> 7
B33: =IFERROR(__xludf.DUMMYFUNCTION("""COMPUTED_VALUE"""),27.0) -> 27 | C33: =IFERROR(__xludf.DUMMYFUNCTION("""COMPUTED_VALUE"""),"Investiga nuevas técnicas de análisis y síntesis de lenguajes empleando aprendizaje autónomo y revisión de literatura con actitud de mejora continua y adaptación tecnológica ") -> Investiga nuevas técnicas de análisis y síntesis de lenguajes empleando aprendizaje autónomo y revisión de literatura con actitud de mejora continua y adaptación tecnológica | D33: =IFERROR(__xludf.DUMMYFUNCTION("""COMPUTED_VALUE"""),"Gramaticas ") -> Gramaticas | E33: =IFERROR(__xludf.DUMMYFUNCTION("""COMPUTED_VALUE"""),"Gramáticas Independientes del Contexto") -> Gramáticas Independientes del Contexto | F33: =IFERROR(__xludf.DUMMYFUNCTION("""COMPUTED_VALUE"""),"Gramáticas Descendentes") -> Gramáticas Descendentes | G33: =IFERROR(__xludf.DUMMYFUNCTION("""COMPUTED_VALUE"""),"Agosto") -> Agosto | H33: =IFERROR(__xludf.DUMMYFUNCTION("""COMPUTED_VALUE"""),7.0) -> 7
B34: =IFERROR(__xludf.DUMMYFUNCTION("""COMPUTED_VALUE"""),28.0) -> 28 | C34: =IFERROR(__xludf.DUMMYFUNCTION("""COMPUTED_VALUE"""),"Investiga nuevas técnicas de análisis y síntesis de lenguajes empleando aprendizaje autónomo y revisión de literatura con actitud de mejora continua y adaptación tecnológica ") -> Investiga nuevas técnicas de análisis y síntesis de lenguajes empleando aprendizaje autónomo y revisión de literatura con actitud de mejora continua y adaptación tecnológica | D34: =IFERROR(__xludf.DUMMYFUNCTION("""COMPUTED_VALUE"""),"Gramaticas ") -> Gramaticas | E34: =IFERROR(__xludf.DUMMYFUNCTION("""COMPUTED_VALUE"""),"Gramáticas Independientes del Contexto") -> Gramáticas Independientes del Contexto | F34: =IFERROR(__xludf.DUMMYFUNCTION("""COMPUTED_VALUE"""),"Gramáticas Ascendentes") -> Gramáticas Ascendentes | G34: =IFERROR(__xludf.DUMMYFUNCTION("""COMPUTED_VALUE"""),"Agosto") -> Agosto | H34: =IFERROR(__xludf.DUMMYFUNCTION("""COMPUTED_VALUE"""),7.0) -> 7
B35: =IFERROR(__xludf.DUMMYFUNCTION("""COMPUTED_VALUE"""),29.0) -> 29 | C35: =IFERROR(__xludf.DUMMYFUNCTION("""COMPUTED_VALUE"""),"Investiga nuevas técnicas de análisis y síntesis de lenguajes empleando aprendizaje autónomo y revisión de literatura con actitud de mejora continua y adaptación tecnológica ") -> Investiga nuevas técnicas de análisis y síntesis de lenguajes empleando aprendizaje autónomo y revisión de literatura con actitud de mejora continua y adaptación tecnológica | D35: =IFERROR(__xludf.DUMMYFUNCTION("""COMPUTED_VALUE"""),"Gramaticas ") -> Gramaticas | E35: =IFERROR(__xludf.DUMMYFUNCTION("""COMPUTED_VALUE"""),"Gramáticas Independientes del Contexto") -> Gramáticas Independientes del Contexto | F35: =IFERROR(__xludf.DUMMYFUNCTION("""COMPUTED_VALUE"""),"Reescrituras gramaticales") -> Reescrituras gramaticales | G35: =IFERROR(__xludf.DUMMYFUNCTION("""COMPUTED_VALUE"""),"Agosto") -> Agosto | H35: =IFERROR(__xludf.DUMMYFUNCTION("""COMPUTED_VALUE"""),7.0) -> 7
B36: =IFERROR(__xludf.DUMMYFUNCTION("""COMPUTED_VALUE"""),30.0) -> 30 | C36: =IFERROR(__xludf.DUMMYFUNCTION("""COMPUTED_VALUE"""),"Desarrolla analizadores sintácticos con CUP y Jison, gramáticas LL/LR para validar la estructura de programas y construir AST ") -> Desarrolla analizadores sintácticos con CUP y Jison, gramáticas LL/LR para validar la estructura de programas y construir AST | D36: =IFERROR(__xludf.DUMMYFUNCTION("""COMPUTED_VALUE"""),"Herramientas de Compilación") -> Herramientas de Compilación | E36: =IFERROR(__xludf.DUMMYFUNCTION("""COMPUTED_VALUE"""),"Ejemplo Practico de JISON") -> Ejemplo Practico de JISON | F36: =IFERROR(__xludf.DUMMYFUNCTION("""COMPUTED_VALUE"""),"Descarga e instalación de herramientas") -> Descarga e instalación de herramientas | G36: =IFERROR(__xludf.DUMMYFUNCTION("""COMPUTED_VALUE"""),"Agosto") -> Agosto | H36: =IFERROR(__xludf.DUMMYFUNCTION("""COMPUTED_VALUE"""),8.0) -> 8
B37: =IFERROR(__xludf.DUMMYFUNCTION("""COMPUTED_VALUE"""),31.0) -> 31 | C37: =IFERROR(__xludf.DUMMYFUNCTION("""COMPUTED_VALUE"""),"Desarrolla analizadores sintácticos con CUP y Jison, gramáticas LL/LR para validar la estructura de programas y construir AST ") -> Desarrolla analizadores sintácticos con CUP y Jison, gramáticas LL/LR para validar la estructura de programas y construir AST | D37: =IFERROR(__xludf.DUMMYFUNCTION("""COMPUTED_VALUE"""),"Herramientas de Compilación") -> Herramientas de Compilación | E37: =IFERROR(__xludf.DUMMYFUNCTION("""COMPUTED_VALUE"""),"Ejemplo Practico de JISON") -> Ejemplo Practico de JISON | F37: =IFERROR(__xludf.DUMMYFUNCTION("""COMPUTED_VALUE"""),"Escritura de expresiones regulares") -> Escritura de expresiones regulares | G37: =IFERROR(__xludf.DUMMYFUNCTION("""COMPUTED_VALUE"""),"Agosto") -> Agosto | H37: =IFERROR(__xludf.DUMMYFUNCTION("""COMPUTED_VALUE"""),8.0) -> 8
B38: =IFERROR(__xludf.DUMMYFUNCTION("""COMPUTED_VALUE"""),32.0) -> 32 | C38: =IFERROR(__xludf.DUMMYFUNCTION("""COMPUTED_VALUE"""),"Desarrolla analizadores sintácticos con CUP y Jison, gramáticas LL/LR para validar la estructura de programas y construir AST ") -> Desarrolla analizadores sintácticos con CUP y Jison, gramáticas LL/LR para validar la estructura de programas y construir AST | D38: =IFERROR(__xludf.DUMMYFUNCTION("""COMPUTED_VALUE"""),"Herramientas de Compilación") -> Herramientas de Compilación | E38: =IFERROR(__xludf.DUMMYFUNCTION("""COMPUTED_VALUE"""),"Ejemplo Practico de JISON") -> Ejemplo Practico de JISON | F38: =IFERROR(__xludf.DUMMYFUNCTION("""COMPUTED_VALUE"""),"Escritura de gramáticas") -> Escritura de gramáticas | G38: =IFERROR(__xludf.DUMMYFUNCTION("""COMPUTED_VALUE"""),"Agosto") -> Agosto | H38: =IFERROR(__xludf.DUMMYFUNCTION("""COMPUTED_VALUE"""),8.0) -> 8
B39: =IFERROR(__xludf.DUMMYFUNCTION("""COMPUTED_VALUE"""),33.0) -> 33 | C39: =IFERROR(__xludf.DUMMYFUNCTION("""COMPUTED_VALUE"""),"Desarrolla analizadores sintácticos con CUP y Jison, gramáticas LL/LR para validar la estructura de programas y construir AST ") -> Desarrolla analizadores sintácticos con CUP y Jison, gramáticas LL/LR para validar la estructura de programas y construir AST | D39: =IFERROR(__xludf.DUMMYFUNCTION("""COMPUTED_VALUE"""),"Herramientas de Compilación") -> Herramientas de Compilación | E39: =IFERROR(__xludf.DUMMYFUNCTION("""COMPUTED_VALUE"""),"Ejemplo Practico de JISON") -> Ejemplo Practico de JISON | F39: =IFERROR(__xludf.DUMMYFUNCTION("""COMPUTED_VALUE"""),"Comunicación con el entorno de programación") -> Comunicación con el entorno de programación | G39: =IFERROR(__xludf.DUMMYFUNCTION("""COMPUTED_VALUE"""),"Agosto") -> Agosto | H39: =IFERROR(__xludf.DUMMYFUNCTION("""COMPUTED_VALUE"""),8.0) -> 8
B40: =IFERROR(__xludf.DUMMYFUNCTION("""COMPUTED_VALUE"""),34.0) -> 34 | C40: =IFERROR(__xludf.DUMMYFUNCTION("""COMPUTED_VALUE"""),"Desarrolla analizadores sintácticos con CUP y Jison, gramáticas LL/LR para validar la estructura de programas y construir AST ") -> Desarrolla analizadores sintácticos con CUP y Jison, gramáticas LL/LR para validar la estructura de programas y construir AST | D40: =IFERROR(__xludf.DUMMYFUNCTION("""COMPUTED_VALUE"""),"Herramientas de Compilación") -> Herramientas de Compilación | E40: =IFERROR(__xludf.DUMMYFUNCTION("""COMPUTED_VALUE"""),"Ejemplo Practico de JISON") -> Ejemplo Practico de JISON | F40: =IFERROR(__xludf.DUMMYFUNCTION("""COMPUTED_VALUE"""),"Acciones Gramaticales") -> Acciones Gramaticales | G40: =IFERROR(__xludf.DUMMYFUNCTION("""COMPUTED_VALUE"""),"Agosto") -> Agosto | H40: =IFERROR(__xludf.DUMMYFUNCTION("""COMPUTED_VALUE"""),8.0) -> 8
B41: =IFERROR(__xludf.DUMMYFUNCTION("""COMPUTED_VALUE"""),35.0) -> 35 | C41: =IFERROR(__xludf.DUMMYFUNCTION("""COMPUTED_VALUE"""),"Desarrolla analizadores sintácticos con CUP y Jison, gramáticas LL/LR para validar la estructura de programas y construir AST ") -> Desarrolla analizadores sintácticos con CUP y Jison, gramáticas LL/LR para validar la estructura de programas y construir AST | D41: =IFERROR(__xludf.DUMMYFUNCTION("""COMPUTED_VALUE"""),"Herramientas de Compilación") -> Herramientas de Compilación | E41: =IFERROR(__xludf.DUMMYFUNCTION("""COMPUTED_VALUE"""),"Ejemplo Practico de JISON") -> Ejemplo Practico de JISON | F41: =IFERROR(__xludf.DUMMYFUNCTION("""COMPUTED_VALUE"""),"Manejo de errores") -> Manejo de errores | G41: =IFERROR(__xludf.DUMMYFUNCTION("""COMPUTED_VALUE"""),"Agosto") -> Agosto | H41: =IFERROR(__xludf.DUMMYFUNCTION("""COMPUTED_VALUE"""),8.0) -> 8
B42: =IFERROR(__xludf.DUMMYFUNCTION("""COMPUTED_VALUE"""),36.0) -> 36 | C42: =IFERROR(__xludf.DUMMYFUNCTION("""COMPUTED_VALUE"""),"Aplica el patrón Intérprete integrando validaciones semánticas y ejecución de sentencias para prototipar lenguajes de dominio específico ") -> Aplica el patrón Intérprete integrando validaciones semánticas y ejecución de sentencias para prototipar lenguajes de dominio específico | D42: =IFERROR(__xludf.DUMMYFUNCTION("""COMPUTED_VALUE"""),"Conferencia") -> Conferencia | E42: =IFERROR(__xludf.DUMMYFUNCTION("""COMPUTED_VALUE"""),"Conferencia del Laboratorio") -> Conferencia del Laboratorio | G42: =IFERROR(__xludf.DUMMYFUNCTION("""COMPUTED_VALUE"""),"Septiembre") -> Septiembre | H42: =IFERROR(__xludf.DUMMYFUNCTION("""COMPUTED_VALUE"""),9.0) -> 9
B43: =IFERROR(__xludf.DUMMYFUNCTION("""COMPUTED_VALUE"""),37.0) -> 37 | C43: =IFERROR(__xludf.DUMMYFUNCTION("""COMPUTED_VALUE"""),"Aplica el patrón Intérprete integrando validaciones semánticas y ejecución de sentencias para prototipar lenguajes de dominio específico ") -> Aplica el patrón Intérprete integrando validaciones semánticas y ejecución de sentencias para prototipar lenguajes de dominio específico | D43: =IFERROR(__xludf.DUMMYFUNCTION("""COMPUTED_VALUE"""),"Diseño Interprete") -> Diseño Interprete | E43: =IFERROR(__xludf.DUMMYFUNCTION("""COMPUTED_VALUE"""),"Interprete utilizando patron interprete") -> Interprete utilizando patron interprete | F43: =IFERROR(__xludf.DUMMYFUNCTION("""COMPUTED_VALUE"""),"Patrones de diseño") -> Patrones de diseño | G43: =IFERROR(__xludf.DUMMYFUNCTION("""COMPUTED_VALUE"""),"Septiembre") -> Septiembre | H43: =IFERROR(__xludf.DUMMYFUNCTION("""COMPUTED_VALUE"""),9.0) -> 9
B44: =IFERROR(__xludf.DUMMYFUNCTION("""COMPUTED_VALUE"""),38.0) -> 38 | C44: =IFERROR(__xludf.DUMMYFUNCTION("""COMPUTED_VALUE"""),"Aplica el patrón Intérprete integrando validaciones semánticas y ejecución de sentencias para prototipar lenguajes de dominio específico ") -> Aplica el patrón Intérprete integrando validaciones semánticas y ejecución de sentencias para prototipar lenguajes de dominio específico | D44: =IFERROR(__xludf.DUMMYFUNCTION("""COMPUTED_VALUE"""),"Diseño Interprete") -> Diseño Interprete | E44: =IFERROR(__xludf.DUMMYFUNCTION("""COMPUTED_VALUE"""),"Interprete utilizando patron interprete") -> Interprete utilizando patron interprete | F44: =IFERROR(__xludf.DUMMYFUNCTION("""COMPUTED_VALUE"""),"Patron Interprete") -> Patron Interprete | G44: =IFERROR(__xludf.DUMMYFUNCTION("""COMPUTED_VALUE"""),"Septiembre") -> Septiembre | H44: =IFERROR(__xludf.DUMMYFUNCTION("""COMPUTED_VALUE"""),9.0) -> 9
B45: =IFERROR(__xludf.DUMMYFUNCTION("""COMPUTED_VALUE"""),39.0) -> 39 | C45: =IFERROR(__xludf.DUMMYFUNCTION("""COMPUTED_VALUE"""),"Aplica el patrón Intérprete integrando validaciones semánticas y ejecución de sentencias para prototipar lenguajes de dominio específico ") -> Aplica el patrón Intérprete integrando validaciones semánticas y ejecución de sentencias para prototipar lenguajes de dominio específico | D45: =IFERROR(__xludf.DUMMYFUNCTION("""COMPUTED_VALUE"""),"Diseño Interprete") -> Diseño Interprete | E45: =IFERROR(__xludf.DUMMYFUNCTION("""COMPUTED_VALUE"""),"Interprete utilizando patron interprete") -> Interprete utilizando patron interprete | F45: =IFERROR(__xludf.DUMMYFUNCTION("""COMPUTED_VALUE"""),"Expresiones Aritmeticas") -> Expresiones Aritmeticas | G45: =IFERROR(__xludf.DUMMYFUNCTION("""COMPUTED_VALUE"""),"Octubre") -> Octubre | H45: =IFERROR(__xludf.DUMMYFUNCTION("""COMPUTED_VALUE"""),10.0) -> 10
B46: =IFERROR(__xludf.DUMMYFUNCTION("""COMPUTED_VALUE"""),40.0) -> 40 | C46: =IFERROR(__xludf.DUMMYFUNCTION("""COMPUTED_VALUE"""),"Aplica el patrón Intérprete integrando validaciones semánticas y ejecución de sentencias para prototipar lenguajes de dominio específico ") -> Aplica el patrón Intérprete integrando validaciones semánticas y ejecución de sentencias para prototipar lenguajes de dominio específico | D46: =IFERROR(__xludf.DUMMYFUNCTION("""COMPUTED_VALUE"""),"Diseño Interprete") -> Diseño Interprete | E46: =IFERROR(__xludf.DUMMYFUNCTION("""COMPUTED_VALUE"""),"Interprete utilizando patron interprete") -> Interprete utilizando patron interprete | F46: =IFERROR(__xludf.DUMMYFUNCTION("""COMPUTED_VALUE"""),"Validaciones semanticas") -> Validaciones semanticas | G46: =IFERROR(__xludf.DUMMYFUNCTION("""COMPUTED_VALUE"""),"Octubre") -> Octubre | H46: =IFERROR(__xludf.DUMMYFUNCTION("""COMPUTED_VALUE"""),10.0) -> 10
B47: =IFERROR(__xludf.DUMMYFUNCTION("""COMPUTED_VALUE"""),41.0) -> 41 | C47: =IFERROR(__xludf.DUMMYFUNCTION("""COMPUTED_VALUE"""),"Diseña tablas de símbolos y entornos empleando estructuras de datos adecuadas con gestión de ámbitos, tipos y recuperación de errores ") -> Diseña tablas de símbolos y entornos empleando estructuras de datos adecuadas con gestión de ámbitos, tipos y recuperación de errores | D47: =IFERROR(__xludf.DUMMYFUNCTION("""COMPUTED_VALUE"""),"Diseño Interprete") -> Diseño Interprete | E47: =IFERROR(__xludf.DUMMYFUNCTION("""COMPUTED_VALUE"""),"Interprete utilizando patron interprete") -> Interprete utilizando patron interprete | F47: =IFERROR(__xludf.DUMMYFUNCTION("""COMPUTED_VALUE"""),"Tabla de Simbolos") -> Tabla de Simbolos | G47: =IFERROR(__xludf.DUMMYFUNCTION("""COMPUTED_VALUE"""),"Octubre") -> Octubre | H47: =IFERROR(__xludf.DUMMYFUNCTION("""COMPUTED_VALUE"""),10.0) -> 10
B48: =IFERROR(__xludf.DUMMYFUNCTION("""COMPUTED_VALUE"""),42.0) -> 42 | C48: =IFERROR(__xludf.DUMMYFUNCTION("""COMPUTED_VALUE"""),"Aplica el patrón Intérprete integrando validaciones semánticas y ejecución de sentencias para prototipar lenguajes de dominio específico ") -> Aplica el patrón Intérprete integrando validaciones semánticas y ejecución de sentencias para prototipar lenguajes de dominio específico | D48: =IFERROR(__xludf.DUMMYFUNCTION("""COMPUTED_VALUE"""),"Diseño Interprete") -> Diseño Interprete | E48: =IFERROR(__xludf.DUMMYFUNCTION("""COMPUTED_VALUE"""),"Interprete utilizando patron interprete") -> Interprete utilizando patron interprete | F48: =IFERROR(__xludf.DUMMYFUNCTION("""COMPUTED_VALUE"""),"Declaración de variables") -> Declaración de variables | G48: =IFERROR(__xludf.DUMMYFUNCTION("""COMPUTED_VALUE"""),"Octubre") -> Octubre | H48: =IFERROR(__xludf.DUMMYFUNCTION("""COMPUTED_VALUE"""),10.0) -> 10
B49: =IFERROR(__xludf.DUMMYFUNCTION("""COMPUTED_VALUE"""),43.0) -> 43 | C49: =IFERROR(__xludf.DUMMYFUNCTION("""COMPUTED_VALUE"""),"Aplica el patrón Intérprete integrando validaciones semánticas y ejecución de sentencias para prototipar lenguajes de dominio específico ") -> Aplica el patrón Intérprete integrando validaciones semánticas y ejecución de sentencias para prototipar lenguajes de dominio específico | D49: =IFERROR(__xludf.DUMMYFUNCTION("""COMPUTED_VALUE"""),"Diseño Interprete") -> Diseño Interprete | E49: =IFERROR(__xludf.DUMMYFUNCTION("""COMPUTED_VALUE"""),"Interprete utilizando patron interprete") -> Interprete utilizando patron interprete | F49: =IFERROR(__xludf.DUMMYFUNCTION("""COMPUTED_VALUE"""),"Asignación de variables") -> Asignación de variables | G49: =IFERROR(__xludf.DUMMYFUNCTION("""COMPUTED_VALUE"""),"Octubre") -> Octubre | H49: =IFERROR(__xludf.DUMMYFUNCTION("""COMPUTED_VALUE"""),10.0) -> 10
B50: =IFERROR(__xludf.DUMMYFUNCTION("""COMPUTED_VALUE"""),44.0) -> 44 | C50: =IFERROR(__xludf.DUMMYFUNCTION("""COMPUTED_VALUE"""),"Aplica el patrón Intérprete integrando validaciones semánticas y ejecución de sentencias para prototipar lenguajes de dominio específico ") -> Aplica el patrón Intérprete integrando validaciones semánticas y ejecución de sentencias para prototipar lenguajes de dominio específico | D50: =IFERROR(__xludf.DUMMYFUNCTION("""COMPUTED_VALUE"""),"Diseño Interprete") -> Diseño Interprete | E50: =IFERROR(__xludf.DUMMYFUNCTION("""COMPUTED_VALUE"""),"Interprete utilizando patron interprete") -> Interprete utilizando patron interprete | F50: =IFERROR(__xludf.DUMMYFUNCTION("""COMPUTED_VALUE"""),"Acceso de variables") -> Acceso de variables | G50: =IFERROR(__xludf.DUMMYFUNCTION("""COMPUTED_VALUE"""),"Octubre") -> Octubre | H50: =IFERROR(__xludf.DUMMYFUNCTION("""COMPUTED_VALUE"""),10.0) -> 10
B51: =IFERROR(__xludf.DUMMYFUNCTION("""COMPUTED_VALUE"""),45.0) -> 45 | C51: =IFERROR(__xludf.DUMMYFUNCTION("""COMPUTED_VALUE"""),"Aplica el patrón Intérprete integrando validaciones semánticas y ejecución de sentencias para prototipar lenguajes de dominio específico ") -> Aplica el patrón Intérprete integrando validaciones semánticas y ejecución de sentencias para prototipar lenguajes de dominio específico | D51: =IFERROR(__xludf.DUMMYFUNCTION("""COMPUTED_VALUE"""),"Diseño Interprete") -> Diseño Interprete | E51: =IFERROR(__xludf.DUMMYFUNCTION("""COMPUTED_VALUE"""),"Interprete utilizando patron interprete") -> Interprete utilizando patron interprete | F51: =IFERROR(__xludf.DUMMYFUNCTION("""COMPUTED_VALUE"""),"Definición de entornos de programación") -> Definición de entornos de programación | G51: =IFERROR(__xludf.DUMMYFUNCTION("""COMPUTED_VALUE"""),"Octubre") -> Octubre | H51: =IFERROR(__xludf.DUMMYFUNCTION("""COMPUTED_VALUE"""),10.0) -> 10
B52: =IFERROR(__xludf.DUMMYFUNCTION("""COMPUTED_VALUE"""),46.0) -> 46 | C52: =IFERROR(__xludf.DUMMYFUNCTION("""COMPUTED_VALUE"""),"Aplica el patrón Intérprete integrando validaciones semánticas y ejecución de sentencias para prototipar lenguajes de dominio específico ") -> Aplica el patrón Intérprete integrando validaciones semánticas y ejecución de sentencias para prototipar lenguajes de dominio específico | D52: =IFERROR(__xludf.DUMMYFUNCTION("""COMPUTED_VALUE"""),"Diseño Interprete") -> Diseño Interprete | E52: =IFERROR(__xludf.DUMMYFUNCTION("""COMPUTED_VALUE"""),"Interprete utilizando patron interprete") -> Interprete utilizando patron interprete | F52: =IFERROR(__xludf.DUMMYFUNCTION("""COMPUTED_VALUE"""),"Funcionamiento de la tabla de simbolos") -> Funcionamiento de la tabla de simbolos | G52: =IFERROR(__xludf.DUMMYFUNCTION("""COMPUTED_VALUE"""),"Octubre") -> Octubre | H52: =IFERROR(__xludf.DUMMYFUNCTION("""COMPUTED_VALUE"""),11.0) -> 11
B53: =IFERROR(__xludf.DUMMYFUNCTION("""COMPUTED_VALUE"""),47.0) -> 47 | C53: =IFERROR(__xludf.DUMMYFUNCTION("""COMPUTED_VALUE"""),"Aplica el patrón Intérprete integrando validaciones semánticas y ejecución de sentencias para prototipar lenguajes de dominio específico ") -> Aplica el patrón Intérprete integrando validaciones semánticas y ejecución de sentencias para prototipar lenguajes de dominio específico | D53: =IFERROR(__xludf.DUMMYFUNCTION("""COMPUTED_VALUE"""),"Diseño Interprete") -> Diseño Interprete | E53: =IFERROR(__xludf.DUMMYFUNCTION("""COMPUTED_VALUE"""),"Interprete utilizando patron interprete") -> Interprete utilizando patron interprete | F53: =IFERROR(__xludf.DUMMYFUNCTION("""COMPUTED_VALUE"""),"Sentencia IF") -> Sentencia IF | G53: =IFERROR(__xludf.DUMMYFUNCTION("""COMPUTED_VALUE"""),"Octubre") -> Octubre | H53: =IFERROR(__xludf.DUMMYFUNCTION("""COMPUTED_VALUE"""),11.0) -> 11
B54: =IFERROR(__xludf.DUMMYFUNCTION("""COMPUTED_VALUE"""),48.0) -> 48 | C54: =IFERROR(__xludf.DUMMYFUNCTION("""COMPUTED_VALUE"""),"Aplica el patrón Intérprete integrando validaciones semánticas y ejecución de sentencias para prototipar lenguajes de dominio específico ") -> Aplica el patrón Intérprete integrando validaciones semánticas y ejecución de sentencias para prototipar lenguajes de dominio específico | D54: =IFERROR(__xludf.DUMMYFUNCTION("""COMPUTED_VALUE"""),"Diseño Interprete") -> Diseño Interprete | E54: =IFERROR(__xludf.DUMMYFUNCTION("""COMPUTED_VALUE"""),"Interprete utilizando patron interprete") -> Interprete utilizando patron interprete | F54: =IFERROR(__xludf.DUMMYFUNCTION("""COMPUTED_VALUE"""),"Sentencia While") -> Sentencia While | G54: =IFERROR(__xludf.DUMMYFUNCTION("""COMPUTED_VALUE"""),"Octubre") -> Octubre | H54: =IFERROR(__xludf.DUMMYFUNCTION("""COMPUTED_VALUE"""),11.0) -> 11
B55: =IFERROR(__xludf.DUMMYFUNCTION("""COMPUTED_VALUE"""),49.0) -> 49 | C55: =IFERROR(__xludf.DUMMYFUNCTION("""COMPUTED_VALUE"""),"Aplica el patrón Intérprete integrando validaciones semánticas y ejecución de sentencias para prototipar lenguajes de dominio específico ") -> Aplica el patrón Intérprete integrando validaciones semánticas y ejecución de sentencias para prototipar lenguajes de dominio específico | D55: =IFERROR(__xludf.DUMMYFUNCTION("""COMPUTED_VALUE"""),"Diseño Interprete") -> Diseño Interprete | E55: =IFERROR(__xludf.DUMMYFUNCTION("""COMPUTED_VALUE"""),"Interprete utilizando patron interprete") -> Interprete utilizando patron interprete | F55: =IFERROR(__xludf.DUMMYFUNCTION("""COMPUTED_VALUE"""),"Funcionamiento de las funciones y metodos") -> Funcionamiento de las funciones y metodos | G55: =IFERROR(__xludf.DUMMYFUNCTION("""COMPUTED_VALUE"""),"Octubre") -> Octubre | H55: =IFERROR(__xludf.DUMMYFUNCTION("""COMPUTED_VALUE"""),11.0) -> 11
B56: =IFERROR(__xludf.DUMMYFUNCTION("""COMPUTED_VALUE"""),50.0) -> 50 | C56: =IFERROR(__xludf.DUMMYFUNCTION("""COMPUTED_VALUE"""),"Aplica el patrón Intérprete integrando validaciones semánticas y ejecución de sentencias para prototipar lenguajes de dominio específico ") -> Aplica el patrón Intérprete integrando validaciones semánticas y ejecución de sentencias para prototipar lenguajes de dominio específico | D56: =IFERROR(__xludf.DUMMYFUNCTION("""COMPUTED_VALUE"""),"Diseño Interprete") -> Diseño Interprete | E56: =IFERROR(__xludf.DUMMYFUNCTION("""COMPUTED_VALUE"""),"Interprete utilizando patron interprete") -> Interprete utilizando patron interprete | F56: =IFERROR(__xludf.DUMMYFUNCTION("""COMPUTED_VALUE"""),"Llamada de funciones y metodos") -> Llamada de funciones y metodos | G56: =IFERROR(__xludf.DUMMYFUNCTION("""COMPUTED_VALUE"""),"Octubre") -> Octubre | H56: =IFERROR(__xludf.DUMMYFUNCTION("""COMPUTED_VALUE"""),11.0) -> 11
B57: =IFERROR(__xludf.DUMMYFUNCTION("""COMPUTED_VALUE"""),51.0) -> 51 | C57: =IFERROR(__xludf.DUMMYFUNCTION("""COMPUTED_VALUE"""),"Aplica el patrón Intérprete integrando validaciones semánticas y ejecución de sentencias para prototipar lenguajes de dominio específico ") -> Aplica el patrón Intérprete integrando validaciones semánticas y ejecución de sentencias para prototipar lenguajes de dominio específico | D57: =IFERROR(__xludf.DUMMYFUNCTION("""COMPUTED_VALUE"""),"Diseño Interprete") -> Diseño Interprete | E57: =IFERROR(__xludf.DUMMYFUNCTION("""COMPUTED_VALUE"""),"Interprete utilizando patron interprete") -> Interprete utilizando patron interprete | F57: =IFERROR(__xludf.DUMMYFUNCTION("""COMPUTED_VALUE"""),"Llamada principal (main)") -> Llamada principal (main) | G57: =IFERROR(__xludf.DUMMYFUNCTION("""COMPUTED_VALUE"""),"Octubre") -> Octubre | H57: =IFERROR(__xludf.DUMMYFUNCTION("""COMPUTED_VALUE"""),11.0) -> 11

Sheet Competencias_1re_Sem_2026
B1: Competencias que se formaran en el Primer Semestre 2026
B3: Competencias relacionadas al perfil del egresado (Especifica) | I3: Competencias relacionadas al perfil del egresado (General)
B4: 1 | C4: Demuestra pensamiento crítico, actitud investigativa y rigor analítico en el planteamiento y la resolución de problemas complejos. | I4: 1 | J4: Aplica principios básicos de ingeniería, ciencias de computación y sistemas de información y comunicación, en la formulación y resolución adecuada de problemas complejos.
B5: 2 | C5: Aplica los conocimientos de su disciplina en la elaboración, fundamentación y defensa de argumentos para prevenir y resolver problemas complejos en su campo profesional, identificando y aplicando innovaciones. | I5: 2 | J5: Aplica conocimientos tecnológicos con ética profesional y respetando y cuidando los recursos naturales, humanos y financieros.
B6: 3 | C6: Se comunica correctamente en su lengua oficial y utiliza una lengua extranjera con el dominio requerido para el ejercicio de su profesión. | I6: 3 | J6: Actualiza permanente sus conocimientos relacionados con TIC en general, apoyándose en las estrategias de aprendizaje apropiadas.
B9: No | C9: Tipo | D9: Verbo en Presente | E9: Objeto de la acción | G9: [Palabras conectoreas] Herramientas o metodología | H9: [Palabras conectoreas] Condiciones específicas | J9: Nivel
B10: 1 | C10: Especifica | D10: Analizar | E10: la evolución y clasificación de los lenguajes formales y de programación | G10: mediante la comparación de sus características, estructuras y herramientas | H10: para comprender su organización y funcionamiento | J10: Analizar
C11: =D10 & " " & E10 & " " &G10& " " &H10& " " -> Analizar la evolución y clasificación de los lenguajes formales y de programación mediante la comparación de sus características, estructuras y herramientas para comprender su organización y funcionamiento
B12: 2 | C12: Especifica | D12: Generar | E12: gramáticas libres de contexto | G12: mediante el análisis sintáctico | H12: para reconocer lenguajes formales. | J12: Crear
C13: =D12 & " " & E12 & " " &G12& " " &H12& " " -> Generar gramáticas libres de contexto mediante el análisis sintáctico para reconocer lenguajes formales.
B14: 3 | C14: Especifica | D14: Construir | E14: analizadores léxicos | G14: utilizando conocimientos de AFD, POO, recursividad y programación imperativa | H14: para definir cada estado del AFD | J14: Crear
C15: =D14 & " " & E14 & " " &G14& " " &H14& " " -> Construir analizadores léxicos utilizando conocimientos de AFD, POO, recursividad y programación imperativa para definir cada estado del AFD
B16: 4 | C16: Especifica | D16: Construir | E16: analizadores sintácticos | G16: utilizando conocimientos de Gramáticas Libres del Contexto, POO, recursividad y programación imperativa | H16: para definir cada regla sintáctica | J16: Crear
C17: =D16 & " " & E16 & " " &G16& " " &H16& " " -> Construir analizadores sintácticos utilizando conocimientos de Gramáticas Libres del Contexto, POO, recursividad y programación imperativa para definir cada regla sintáctica
B18: 5 | C18: Especifica | D18: Comprender | E18: aspectos importantes sobre el lenguaje utilizado | G18: a través de su aplicación | H18: para implementar lo aprendido durante las clases teóricas | J18: Comprender
C19: =D18 & " " & E18 & " " &G18& " " &H18& " " -> Comprender aspectos importantes sobre el lenguaje utilizado a través de su aplicación para implementar lo aprendido durante las clases teóricas
B20: 6 | C20: Especifica | D20: Comprender | E20: el funcionamiento del lenguaje de programación | G20: a través de su aplicación | H20: para la resolución de problemas relacionados con las fases del compilador | J20: Comprender
C21: =D20 & " " & E20 & " " &G20& " " &H20& " " -> Comprender el funcionamiento del lenguaje de programación a través de su aplicación para la resolución de problemas relacionados con las fases del compilador
B22: 7 | C22: General
C23: El estudiante construye aplicaciones mediante el uso de analisis lexico y sintactico utilizando herramientas de procesamiento de lenguajes formales.

Sheet METADA
A1: =IFERROR(__xludf.DUMMYFUNCTION("IMPORTRANGE(""1--DGkU5oDw3gpAa_rQkeu1olWCf2iv8Pm7BNjqiyiuY"",""Listado Cursos!H:J"")"),"Codigo - Nombre") -> Codigo - Nombre | B1: =IFERROR(__xludf.DUMMYFUNCTION("""COMPUTED_VALUE"""),"Diseño Curricular") -> Diseño Curricular | C1: =IFERROR(__xludf.DUMMYFUNCTION("""COMPUTED_VALUE"""),"Analisis de contexto") -> Analisis de contexto | D1: =IFERROR(__xludf.DUMMYFUNCTION("IMPORTRANGE(VLOOKUP(Competencias_actuales!F4,A:C,3,FALSE),""Competencias!B21:J35"")"),"No") -> No | E1: =IFERROR(__xludf.DUMMYFUNCTION("""COMPUTED_VALUE"""),"Tipo") -> Tipo | F1: =IFERROR(__xludf.DUMMYFUNCTION("""COMPUTED_VALUE"""),"Verbo en Presente") -> Verbo en Presente | G1: =IFERROR(__xludf.DUMMYFUNCTION("""COMPUTED_VALUE"""),"Objeto de la acción") -> Objeto de la acción | I1: =IFERROR(__xludf.DUMMYFUNCTION("""COMPUTED_VALUE"""),"[Palabras conectoreas] Herramientas o metodología") -> [Palabras conectoreas] Herramientas o metodología | J1: =IFERROR(__xludf.DUMMYFUNCTION("""COMPUTED_VALUE"""),"[Palabras conectoreas] Condiciones específicas") -> [Palabras conectoreas] Condiciones específicas | L1: =IFERROR(__xludf.DUMMYFUNCTION("""COMPUTED_VALUE"""),"Nivel") -> Nivel | V1: =IFERROR(__xludf.DUMMYFUNCTION("QUERY(IMPORTRANGE(""1--DGkU5oDw3gpAa_rQkeu1olWCf2iv8Pm7BNjqiyiuY"", ""Perfil egresado!A:C""), ""SELECT Col2, Col3 WHERE Col1 = 'Competencia General' ORDER BY Col2"")"),"No.") -> No. | W1: =IFERROR(__xludf.DUMMYFUNCTION("""COMPUTED_VALUE"""),"Descripcion") -> Descripcion | Y1: =IFERROR(__xludf.DUMMYFUNCTION("QUERY(IMPORTRANGE(""1--DGkU5oDw3gpAa_rQkeu1olWCf2iv8Pm7BNjqiyiuY"", ""Perfil egresado!A:C""), ""SELECT Col2, Col3 WHERE Col1 = 'Competencias Específica' ORDER BY Col2"")"),"No.") -> No. | Z1: =IFERROR(__xludf.DUMMYFUNCTION("""COMPUTED_VALUE"""),"Descripcion") -> Descripcion
A2: =IFERROR(__xludf.DUMMYFUNCTION("""COMPUTED_VALUE"""),"17 - Área Social Humanística 1") -> 17 - Área Social Humanística 1 | D2: =IFERROR(__xludf.DUMMYFUNCTION("""COMPUTED_VALUE"""),1.0) -> 1 | E2: =IFERROR(__xludf.DUMMYFUNCTION("""COMPUTED_VALUE"""),"Especifica") -> Especifica | F2: =IFERROR(__xludf.DUMMYFUNCTION("""COMPUTED_VALUE"""),"El estudiante analiza") -> El estudiante analiza | G2: =IFERROR(__xludf.DUMMYFUNCTION("""COMPUTED_VALUE"""),"la evolución y clasificación de los lenguajes formales y de programación") -> la evolución y clasificación de los lenguajes formales y de programación | I2: =IFERROR(__xludf.DUMMYFUNCTION("""COMPUTED_VALUE"""),"mediante la comparación de sus características, estructuras y herramientas") -> mediante la comparación de sus características, estructuras y herramientas | J2: =IFERROR(__xludf.DUMMYFUNCTION("""COMPUTED_VALUE"""),"para comprender su organización y funcionamiento") -> para comprender su organización y funcionamiento | L2: =IFERROR(__xludf.DUMMYFUNCTION("""COMPUTED_VALUE"""),"Analizar") -> Analizar | V2: =IFERROR(__xludf.DUMMYFUNCTION("""COMPUTED_VALUE"""),1.0) -> 1 | W2: =IFERROR(__xludf.DUMMYFUNCTION("""COMPUTED_VALUE"""),"Aplica los conocimientos de su disciplina en la elaboración, fundamentación y defensa de argumentos para prevenir y resolver problemas complejos en su campo profesional, identificando y aplicando innovaciones.") -> Aplica los conocimientos de su disciplina en la elaboración, fundamentación y defensa de argumentos para prevenir y resolver problemas complejos en su campo profesional, identificando y aplicando innovaciones. | Y2: =IFERROR(__xludf.DUMMYFUNCTION("""COMPUTED_VALUE"""),1.0) -> 1 | Z2: =IFERROR(__xludf.DUMMYFUNCTION("""COMPUTED_VALUE"""),"Aplica principios básicos de ingeniería, ciencias de computación y sistemas de información y comunicación, en la formulación y resolución adecuada de problemas complejos.") -> Aplica principios básicos de ingeniería, ciencias de computación y sistemas de información y comunicación, en la formulación y resolución adecuada de problemas complejos.
A3: =IFERROR(__xludf.DUMMYFUNCTION("""COMPUTED_VALUE"""),"101 - Área Matemática Básica 1") -> 101 - Área Matemática Básica 1 | E3: =IFERROR(__xludf.DUMMYFUNCTION("""COMPUTED_VALUE"""),"El estudiante analiza la evolución y clasificación de los lenguajes formales y de programación mediante la comparación de sus características, estructuras y herramientas para comprender su organización y funcionamiento ") -> El estudiante analiza la evolución y clasificación de los lenguajes formales y de programación mediante la comparación de sus características, estructuras y herramientas para comprender su organización y funcionamiento | V3: =IFERROR(__xludf.DUMMYFUNCTION("""COMPUTED_VALUE"""),2.0) -> 2 | W3: =IFERROR(__xludf.DUMMYFUNCTION("""COMPUTED_VALUE"""),"Identifica oportunidades y riesgos para la innovación y adaptación de conocimientos y tecnologías para resolver problemas.") -> Identifica oportunidades y riesgos para la innovación y adaptación de conocimientos y tecnologías para resolver problemas. | Y3: =IFERROR(__xludf.DUMMYFUNCTION("""COMPUTED_VALUE"""),2.0) -> 2 | Z3: =IFERROR(__xludf.DUMMYFUNCTION("""COMPUTED_VALUE"""),"Aplica estándares de calidad, eficiencia y seguridad en la implementación adecuada de soluciones de software, hardware y TIC en general.") -> Aplica estándares de calidad, eficiencia y seguridad en la implementación adecuada de soluciones de software, hardware y TIC en general.
A4: =IFERROR(__xludf.DUMMYFUNCTION("""COMPUTED_VALUE"""),"5 - Técnicas de Estudio e Investigación") -> 5 - Técnicas de Estudio e Investigación | D4: =IFERROR(__xludf.DUMMYFUNCTION("""COMPUTED_VALUE"""),2.0) -> 2 | E4: =IFERROR(__xludf.DUMMYFUNCTION("""COMPUTED_VALUE"""),"Especifica") -> Especifica | F4: =IFERROR(__xludf.DUMMYFUNCTION("""COMPUTED_VALUE"""),"El estudiante genera") -> El estudiante genera | G4: =IFERROR(__xludf.DUMMYFUNCTION("""COMPUTED_VALUE"""),"gramáticas libres de contexto") -> gramáticas libres de contexto | I4: =IFERROR(__xludf.DUMMYFUNCTION("""COMPUTED_VALUE"""),"mediante el análisis sintáctico") -> mediante el análisis sintáctico | J4: =IFERROR(__xludf.DUMMYFUNCTION("""COMPUTED_VALUE"""),"para reconocer lenguajes formales.") -> para reconocer lenguajes formales. | L4: =IFERROR(__xludf.DUMMYFUNCTION("""COMPUTED_VALUE"""),"Comprender") -> Comprender | V4: =IFERROR(__xludf.DUMMYFUNCTION("""COMPUTED_VALUE"""),3.0) -> 3 | W4: =IFERROR(__xludf.DUMMYFUNCTION("""COMPUTED_VALUE"""),"Demuestra pensamiento crítico, actitud investigativa y rigor analítico en el planteamiento y la resolución de problemas complejos.") -> Demuestra pensamiento crítico, actitud investigativa y rigor analítico en el planteamiento y la resolución de problemas complejos. | Y4: =IFERROR(__xludf.DUMMYFUNCTION("""COMPUTED_VALUE"""),3.0) -> 3 | Z4: =IFERROR(__xludf.DUMMYFUNCTION("""COMPUTED_VALUE"""),"Aplica conocimientos tecnológicos con ética profesional y respetando y cuidando los recursos naturales, humanos y financieros.") -> Aplica conocimientos tecnológicos con ética profesional y respetando y cuidando los recursos naturales, humanos y financieros.
A5: =IFERROR(__xludf.DUMMYFUNCTION("""COMPUTED_VALUE"""),"39 - Deportes 1") -> 39 - Deportes 1 | E5: =IFERROR(__xludf.DUMMYFUNCTION("""COMPUTED_VALUE"""),"El estudiante genera gramáticas libres de contexto mediante el análisis sintáctico para reconocer lenguajes formales. ") -> El estudiante genera gramáticas libres de contexto mediante el análisis sintáctico para reconocer lenguajes formales. | V5: =IFERROR(__xludf.DUMMYFUNCTION("""COMPUTED_VALUE"""),4.0) -> 4 | W5: =IFERROR(__xludf.DUMMYFUNCTION("""COMPUTED_VALUE"""),"Toma decisiones profesionales con base en fundamentos teóricos, datos e información pertinente, válida y confiable.") -> Toma decisiones profesionales con base en fundamentos teóricos, datos e información pertinente, válida y confiable. | Y5: =IFERROR(__xludf.DUMMYFUNCTION("""COMPUTED_VALUE"""),4.0) -> 4 | Z5: =IFERROR(__xludf.DUMMYFUNCTION("""COMPUTED_VALUE"""),"Maneja e Interpreta adecuadamente datos masivos, sean estos estructurados o no estructurados, facilitando su visualización e interpretación de forma eficaz en apoyo a la toma de decisiones.") -> Maneja e Interpreta adecuadamente datos masivos, sean estos estructurados o no estructurados, facilitando su visualización e interpretación de forma eficaz en apoyo a la toma de decisiones.
A6: =IFERROR(__xludf.DUMMYFUNCTION("""COMPUTED_VALUE"""),"6 - Idioma Tecnico 1") -> 6 - Idioma Tecnico 1 | D6: =IFERROR(__xludf.DUMMYFUNCTION("""COMPUTED_VALUE"""),3.0) -> 3 | E6: =IFERROR(__xludf.DUMMYFUNCTION("""COMPUTED_VALUE"""),"General") -> General | F6: =IFERROR(__xludf.DUMMYFUNCTION("""COMPUTED_VALUE"""),"El estudiante construye") -> El estudiante construye | G6: =IFERROR(__xludf.DUMMYFUNCTION("""COMPUTED_VALUE"""),"aplicaciones") -> aplicaciones | I6: =IFERROR(__xludf.DUMMYFUNCTION("""COMPUTED_VALUE"""),"mediante el uso del análisis léxico y sintáctico utilizando herramientas de procesamiento de lenguajes formales") -> mediante el uso del análisis léxico y sintáctico utilizando herramientas de procesamiento de lenguajes formales | J6: =IFERROR(__xludf.DUMMYFUNCTION("""COMPUTED_VALUE"""),"para dar solución a enunciados que requieren el reconocimiento de lenguajes.") -> para dar solución a enunciados que requieren el reconocimiento de lenguajes. | L6: =IFERROR(__xludf.DUMMYFUNCTION("""COMPUTED_VALUE"""),"Crear") -> Crear | V6: =IFERROR(__xludf.DUMMYFUNCTION("""COMPUTED_VALUE"""),5.0) -> 5 | W6: =IFERROR(__xludf.DUMMYFUNCTION("""COMPUTED_VALUE"""),"Demuestra destreza y habilidad en la selección, uso y adaptación de herramientas metodológicas, tecnológicas, equipos especializados y en la lectura e interpretación de datos, pertinentes al contexto de su ejercicio profesional.") -> Demuestra destreza y habilidad en la selección, uso y adaptación de herramientas metodológicas, tecnológicas, equipos especializados y en la lectura e interpretación de datos, pertinentes al contexto de su ejercicio profesional. | Y6: =IFERROR(__xludf.DUMMYFUNCTION("""COMPUTED_VALUE"""),5.0) -> 5 | Z6: =IFERROR(__xludf.DUMMYFUNCTION("""COMPUTED_VALUE"""),"Domina diversos recursos de comunicación con el objetivo de presentar adecuadamente sus propuestas a variados tipos de audiencias, en idioma español, inglés e idealmente en un tercer idioma acorde a las necesidades globales.") -> Domina diversos recursos de comunicación con el objetivo de presentar adecuadamente sus propuestas a variados tipos de audiencias, en idioma español, inglés e idealmente en un tercer idioma acorde a las necesidades globales.
