Workbook

Sheet Diseño
A2: =VALUE(LEFT(C4,FIND(" - ",C4)-1)) -> 285 | B2: Diseño de Contenido Curricular
B4: Curso | C4: 285 - Sistemas Operativos 2
B5: Periodo al que aplica | C5: Primer Semestre 2026
B8: No. | C8: Competencia | D8: Nombre de la Unidad | E8: Tema | F8: Subtema | G8: Mes | H8: Semana
B9: 1 | C9: El estudiante describe la arquitectura y los componentes fundamentales de un S.O. analizando la separación entre el espacio de usuario y el espacio de kernel para establecer las bases conceptuales necesarias para la modificación del sistema. | D9: Introducción y Configuración del Entorno | E9: Fundamentos de Sistemas Operativos | F9: Repaso de conceptos clave de SO. Introducción a la arquitectura del kernel linux | H9: 2
B10: 2 | C10: El estudiante describe la arquitectura y los componentes fundamentales de un S.O. analizando la separación entre el espacio de usuario y el espacio de kernel para establecer las bases conceptuales necesarias para la modificación del sistema. | D10: Introducción y Configuración del Entorno | E10: Virtualización y Preparación | F10: Introducción al kernel USAX. Configuración del entorno con QEMU y el toolchain de compilación cruzada. | H10: 2
B11: 3 | C11: El estudiante describe la arquitectura y los componentes fundamentales de un S.O. analizando la separación entre el espacio de usuario y el espacio de kernel para establecer las bases conceptuales necesarias para la modificación del sistema. | D11: Introducción y Configuración del Entorno | E11: Arranque y Depuración del Kernel | F11: Proceso de arranque de USAX en QEMU. Uso de GDB para depuración remota: puntos de ruptura, inspección de memoria y registros. | H11: 3
B12: 4 | C12: El estudiante interpreta el flujo de ejecución y las interacciones clave dentro de un kernel mediante la compilación, ejecución y depuración del código fuente del kernel para comprender cómo el sistema operativo gestiona el hardware y los procesos desde el arranque. | D12: Gestión de Memoria | E12: Memoria Física y Virtual | F12: Proceso de arranque del kernel. Gestión de memoria física (mapa de memoria, alocadores básicos). Paginación y tablas de páginas. | H12: 4
B13: 5 | C13: El estudiante interpreta el flujo de ejecución y las interacciones clave dentro de un kernel mediante la compilación, ejecución y depuración del código fuente del kernel para comprender cómo el sistema operativo gestiona el hardware y los procesos desde el arranque. | D13: Gestión de Memoria | E13: Aislamiento y Espacio de Direcciones | F13: Traducción de direcciones. Separación entre el espacio de usuario y el espacio de kernel. | H13: 4
B14: 6 | C14: El estudiante interpreta el flujo de ejecución y las interacciones clave dentro de un kernel mediante la compilación, ejecución y depuración del código fuente del kernel para comprender cómo el sistema operativo gestiona el hardware y los procesos desde el arranque. | D14: Procesos e Interacción | E14: Estructura y Ciclo de Vida de un Proceso | F14: El Process Control Block (task_struct). Estados (Running, Sleeping, Zombie, etc.) y transiciones de un proceso. | H14: 5
B15: 7 | C15: El estudiante modifica el código fuente del kernel en lenguaje C para implementar nuevas llamadas al sistema (syscalls) que exponen funcionalidades y transfieren datos de forma segura entre el espacio de kernel y el de usuario. | D15: Procesos e Interacción | E15: La Interfaz de Llamadas al Sistema | F15: Mecanismo de traps. Implementación de una syscall hello_world() directamente en el kernel para validar la comunicación. | H15: 5
B16: 8 | C16: El estudiante modifica el código fuente del kernel en lenguaje C para implementar nuevas llamadas al sistema (syscalls) que exponen funcionalidades y transfieren datos de forma segura entre el espacio de kernel y el de usuario. | D16: Procesos e Interacción | E16: Modularizando el Kernel (LKM) | F16: Introducción a los Módulos Cargables del Kernel. Ventajas de la modularidad. Migración de la syscall hello_world() a un módulo. | H16: 6
B17: 9 | C17: El estudiante modifica el código fuente del kernel en lenguaje C para implementar nuevas llamadas al sistema (syscalls) que exponen funcionalidades y transfieren datos de forma segura entre el espacio de kernel y el de usuario. | D17: Procesos e Interacción | E17: Primer Programa Cliente | F17: Creación de un programa en C que invoca la syscall hello_world() desde el espacio de usuario. | H17: 6
B18: 10 | C18: El estudiante modifica el código fuente del kernel en lenguaje C para implementar nuevas llamadas al sistema (syscalls) que exponen funcionalidades y transfieren datos de forma segura entre el espacio de kernel y el de usuario. | D18: Procesos e Interacción | E18: Transferencia de Datos Estructurados | F18: Transfiriendo datos complejos del kernel al espacio de usuario. | H18: 7
B19: 11 | C19: El estudiante analiza las estructuras de datos internas del kernel que gestionan procesos, memoria y tiempo mediante la lectura e interpretación de su código fuente para extraer métricas de rendimiento y estado del sistema, como la lista de procesos o el uso de CPU. | D19: Monitoreo del Sistema | E19: Estructura de un proceso | F19: Estructuras del kernel para obtener campos clave de procesos como PID, estado, PPID. | G19: - | H19: 7
B20: 12 | C20: El estudiante analiza las estructuras de datos internas del kernel que gestionan procesos, memoria y tiempo mediante la lectura e interpretación de su código fuente para extraer métricas de rendimiento y estado del sistema, como la lista de procesos o el uso de CPU. | D20: Monitoreo del Sistema | E20: Concurrencia y Lectura Segura de Datos | F20: El problema de las condiciones de carrera al leer datos del kernel. Introducción a primitivas de sincronización. | H20: 8
B21: 13 | C21: El estudiante analiza las estructuras de datos internas del kernel que gestionan procesos, memoria y tiempo mediante la lectura e interpretación de su código fuente para extraer métricas de rendimiento y estado del sistema, como la lista de procesos o el uso de CPU. | D21: Monitoreo del Sistema | E21: Medición de Tiempo y Carga del Sistema | F21: Estructuras del kernel para obtener el tiempo de actividad (uptime) y la carga promedio (load average). | H21: 8
B22: 14 | C22: El estudiante analiza las estructuras de datos internas del kernel que gestionan procesos, memoria y tiempo mediante la lectura e interpretación de su código fuente para extraer métricas de rendimiento y estado del sistema, como la lista de procesos o el uso de CPU. | D22: Monitoreo del Sistema | E22: Medición de Memoria y Procesos | F22: Estructuras del kernel para obtener el uso total/libre de memoria y el número de procesos activos. | H22: 9
B23: 15 | C23: El estudiante analiza las estructuras de datos internas del kernel que gestionan procesos, memoria y tiempo mediante la lectura e interpretación de su código fuente para extraer métricas de rendimiento y estado del sistema, como la lista de procesos o el uso de CPU. | D23: Monitoreo del Sistema | E23: Procesos en ejecucion | F23: Listado de procesos: Aprender a iterar la lista de tareas del kernel (usando for_each_process) | H23: 9
B24: 16 | C24: El estudiante analiza las estructuras de datos internas del kernel que gestionan procesos, memoria y tiempo mediante la lectura e interpretación de su código fuente para extraer métricas de rendimiento y estado del sistema, como la lista de procesos o el uso de CPU. | D24: Monitoreo del Sistema | E24: Métricas Complejas de CPU | F24: Cálculo del uso de CPU: Entender los "jiffies" y las estadísticas por CPU. Investigar las estructuras del kernel para obtener los tiempos de CPU (usuario, sistema, idle). | H24: 10
B25: 17 | C25: El estudiante diseña aplicaciónes en espacio de usuario integrando las llamadas al sistema para generar funcionalidad y expandir las capacidades del sistema operativo que el usuario puede aprovechar | D25: Alternativas de Comunicación | E25: El Sistema de Archivos /proc | F25: Fundamentos del sistema de archivos /proc. Comparativa entre syscalls y la exportación de datos a través de archivos virtuales. | H25: 10
B26: 18 | C26: El estudiante diseña aplicaciónes en espacio de usuario integrando las llamadas al sistema para generar funcionalidad y expandir las capacidades del sistema operativo que el usuario puede aprovechar | D26: Alternativas de Comunicación | E26: Exposicion de datos vía /proc | F26: Análisis de /proc/meminfo y /proc/stat y cómo exponer estas métricas en el kernel | H26: 11

Sheet Semana Diagnostico
B2: Diseño de Contenido Curricular
B4: Curso | C4: ='Diseño'!C4 -> 285 - Sistemas Operativos 2
B5: Semana | C5: 1
B6: Tiempo | C6: =B15+B22+B29+B41+B47+C48 -> 100
A9: 1. Bienvenida y Presentación | G9: Tiempo Aproximado | H9: =B15 -> 15
G10: No puedes excederte mas de 15 minutos
A11: Nombre y Formacion Academica | B11: Explicar en que semestre me encuentro, que cursos llevo
A12: Experiencia docente y profecional | B12: Explicar cuantos semestres de auxiliatura llevo, si tengo alguna otra experiencia enseñando o trabajando en mi area | K12: Estos puntos son recomendaciones de los puntos a tratar durante tu presentacion, si no usaras estos eres libre de agregar mas filas para indicar que haras. En los recuadros de la derecha colocar breve resumen de lo que planeas decir. No debes ser muy especifico seran pequeñas anotaciones que te ayudaran a recordar lo que planeaste
A13: Rol del auxiliar dentro del curso (funciones, actividades y apoyo a los estudiantes). | B13: Explicar mi rol, que hare durante el semestre, como contactarme, como resolver dudas
A14: Expectativas sobre la dinámica del curso | B14: Explicar que se aprendera en el curso
A15: Tiempo que emplearas | B15: 15
A18: 2. Evaluación de Conocimientos Previos | G18: Tiempo Aproximado | H18: =B22 -> 25 | K18: En los recuadors de la derecha deberas colocar las preguntas que planeas realizar con sus respectivas respuestas. En el segundo recuadro deberas colocar un breve resumne de lo que tines planificado para la parte practica del curso previo al que estas impartiendo.
G19: No puedes excederte mas de 45 minutos
A20: Redactaras de 15 a 20 preguntas con sus respectivas respuestas , por lo que debes escoge los temas que evaluaras | B20: Se hara un cuestionario en kahoot con 20 preguntas, el mismo se encuentra en el portal de kahoot, usando las credenciales de sopes2
A21: Redactaras una parte practica | B21: Se realizaran ejemplos guiados durante las clases y se dejaran practicas que permitan progresivamente preparlos para el proyecto
A22: Tiempo que emplearas | B22: 25
A25: 3. Presentación de los Estudiantes | G25: Tiempo Aproximado | H25: =B29 -> 30
G26: No puedes excederte mas de 30 minutos
A27: Seleccion al Azar de 5 Estudiantes | B27: Se dara oportunidad de presentarse voluntariamente o se escogera al azar en base a la lista de conectados de meet | K27: En el primer recuadro colocaras la metodollogia que adoptaras para la eleccion de los estudiantes. En el segundo recuadro colocaras la redaccion de las preguntas que comprendan los siguientes puntos respecto al estudiante: Nombre. Intereses y expectativas sobre el curso. Experiencia previa relacionada con el curso (si aplica). Un dato curioso sobre sí mismo. Consideras que la prueba de conociminetos previos esta acorde al conocimiento que se te brindo en su momento Que tan comodo se sintio con la prueba anterior.
A28: Preguntas que responderan los estudiantes afortunados | B28: Cual es su nombre, si tienen alguna experiencia laborar, y su expectativa o idea de lo que tratara el curso
A29: Tiempo que emplearas | B29: 30
A32: 4. Senso de Horarios de Calificación | G32: Tiempo Aproximado | H32: =B36 -> 5
A33: Deberas estar recordando que deben contestar el formulario asi mismo dejar el link fijado en la llamada | G33: Esta actividad quedara abierta hasta el fin de la clase. pero emplearas 5 min especificos para la actividad
A34: Link de google forms donde este el cuestionario | B34: El link se generará en base a la disponibilidad del auxiliar de turno | K34: Esta actividad te ayudara a realizar un senso de posibles horarios de calificacion y que tus estudiantes esten enterados y puedan preveer los dias de calificacion y asi mismo el horario. Deberas colocar en los reacuadros de la derecha link de Google form libre para correos intitucionales, esto para garantizar una sola respuesta por estudiante. TAmbien deberas colocar los posibles horarios y dias que tentativamente tendrias disponibles. para colocarlos en el google form.
A35: Dias y posibles Horarios de calificacion
A36: Tiempo que emplearas | B36: 5
A39: 4. Mostrar Programa del Curso | G39: Tiempo Aproximado | H39: =B41 -> 15
G40: No puedes excederte mas de 30 minutos
A41: Tiempo que emplearas | B41: 15
A44: 2. Evaluación de Conocimientos del Curso Actual | G44: Tiempo Aproximado | H44: =B47 -> 15
G45: No puedes excederte mas de 15 minutos
A46: Redactaras 20 preguntas con sus respectivas respuestas | B46: Cuestionario disponible en kahoot usando las credenciales de sopes2
A47: Tiempo que emplearas | B47: 15

Sheet S.2
B2: Diseño de la Sesión de Laboratorio
B4: Curso | C4: ='Diseño'!C4 -> 285 - Sistemas Operativos 2
B5: Semana | C5: 2
B6: Tiempo | C6: =H10+H21+H44+H68 -> 100
B7: Ponderación | C7: =B49+B60 -> 0
B8: Validación de Tiempo | C8: =IF(H44<=0, "❌ ERROR: La Actividad 1 debe tener un tiempo mayor a 0.", IF(H21>60, "❌ ERROR: El 'Área de Conocimiento' no puede exceder los 60 min.", IF((H10+H21+H44)<100, "❌ ERROR: El tiempo total debe ser de al menos 100 min.", "✅ VALIDACIÓN CORRECTA"))) -> ❌ ERROR: El tiempo total debe ser de al menos 100 min.
A10: 1. Área Actitudinal (Saber Ser) | G10: Tiempo Aproximado | H10: =B13 -> 5
G11: Tiene que estar en un rango de 3 a 5 minutos
A12: Nombre del Valor | B12: Responsabilidad
A13: Tiempo Aproximado | B13: 5
A14: Descripcion
A15: Cumplir con los compromisos y obligaciones asumidas, respondiendo por las consecuencias de las propias acciones y decisiones.
A17: Como se relaciona con los conocimientos de la sesion y se aplicaria
A18: En contexto de programas libres como linux, se trata de codigo fuente de un sistema critico como linux, por lo que las modificaciones deben ser responsables y nunca con fines negativos.
A21: 2. Área Conocimiento (Saber) | G21: Tiempo Aproximado | H21: =D39+D40+D41+D42 -> 55
G22: No puede exceder los 60 minutos
A23: Competencia a desarrollar | B23: El estudiante describe la arquitectura y los componentes fundamentales de un S.O. analizando la separación entre el espacio de usuario y el espacio de kernel para establecer las bases conceptuales necesarias para la modificación del sistema.
A24: Competencia a desarrollar | B24: El estudiante describe la arquitectura y los componentes fundamentales de un S.O. analizando la separación entre el espacio de usuario y el espacio de kernel para establecer las bases conceptuales necesarias para la modificación del sistema.
A26: 2.1 Contenido
A27: No. | B27: Unidad | D27: Tema | F27: Sub Tema
A28: 1 | B28: =IFERROR(__xludf.DUMMYFUNCTION("FILTER('Diseño'!D:D,'Diseño'!H:H=$C$5)"),"Introducción y Configuración del Entorno") -> Introducción y Configuración del Entorno | D28: =IFERROR(__xludf.DUMMYFUNCTION("FILTER('Diseño'!E:E,'Diseño'!H:H=$C$5)"),"Fundamentos de Sistemas Operativos") -> Fundamentos de Sistemas Operativos | F28: =IFERROR(__xludf.DUMMYFUNCTION("FILTER('Diseño'!F:F,'Diseño'!H:H=$C$5)"),"Repaso de conceptos clave de SO. Introducción a la arquitectura del kernel linux") -> Repaso de conceptos clave de SO. Introducción a la arquitectura del kernel linux
A29: 2 | B29: =IFERROR(__xludf.DUMMYFUNCTION("""COMPUTED_VALUE"""),"Introducción y Configuración del Entorno") -> Introducción y Configuración del Entorno | D29: =IFERROR(__xludf.DUMMYFUNCTION("""COMPUTED_VALUE"""),"Virtualización y Preparación") -> Virtualización y Preparación | F29: =IFERROR(__xludf.DUMMYFUNCTION("""COMPUTED_VALUE"""),"Introducción al kernel USAX. Configuración del entorno con QEMU y el toolchain de compilación cruzada.") -> Introducción al kernel USAX. Configuración del entorno con QEMU y el toolchain de compilación cruzada.
A30: 3
A31: 4
A32: 5
A33: 6
A34: 7
A36: 2.2 Recursos Educativos
A38: Tipo de Recurso a utilizar | B38: Tipo | C38: Rango Aproximando | D38: Tiempo Aproximado
A39: Presentacion | B39: Obligatorio | D39: 25
A40: Video | B40: Obligatorio | C40: 3 a 6 minutos | D40: 5
A41: Lectura | B41: Optativo | D41: 0
A42: Ejercicio Demostrativo | B42: Obligatorio | D42: 25
A44: 3. Área de Habilidades (Saber Hacer) | G44: Tiempo Aproximado | H44: =B50+B61 -> 30
G45: Tiene que estar en un rango de 30 a 50 minutos
A46: Actividad 1 (Obligatoria)
A47: Competencia que predomina en la actividad | B47: El estudiante explica la historia de GNU/Linux usando puntos clave en el desarrollo del mismo para entender su origen y popularidad como sistema operativo libre
A48: Tipo de Actividad | B48: Cuestionario
A49: Ponderación | B49: 0
A50: Tiempo Aproximado | B50: 5
A51: Coloca el tiempo que usar en la actividad, un tiempo sugerido 30 minutos
A52: Descripcion de la Actividad
A53: Cuestionario de 10 preguntas sobre los temas impartidos durante la clase de laboratorio
A57: Actividad 2 (Optativa puedes hacerla si lo consideras apropiado)
A58: Competencia que predomina en la actividad | B58: El estudiante comprende la estructura fundamental de un sistema operativo mediante el analisis del codigo fuente del kernel Linux para comprender como este gestion y administra los programas de usuario
A59: Tipo de Actividad | B59: otros
A60: Ponderación | B60: 0
A61: Tiempo Aproximado | B61: 25
A62: Coloca el tiempo que usar en la actividad, un tiempo sugerido 20 minutos
A63: Descripcion de la Actividad
A64: Un ejemplo de aplicacion sobre el tema visto durante la semana, el mismo se explica paso a paso para reforzar los temas teoricos.
A68: 3. Cierre | G68: Tiempo Aproximado | H68: =B70 -> 10
G69: Tiene que estar en un rango de 10 a 15 minutos
A70: Tiempo Aproximado | B70: 10
A71: Asignacion de Actividades
A72: Resolver dudas sobre la clase, de practicas o de tareas
A74: Resuelve alguna duda, asigna las actividades que deben realizar, dudas de proyectos, etc

Sheet S.3
B2: Diseño de la Sesión de Laboratorio
B4: Curso | C4: ='Diseño'!C4 -> 285 - Sistemas Operativos 2
B5: Semana | C5: 3
B6: Tiempo | C6: =H10+H21+H44+H68 -> 90
B7: Ponderación | C7: =B49+B60 -> 0
B8: Validación de Tiempo | C8: =IF(H44<=0, "❌ ERROR: La Actividad 1 debe tener un tiempo mayor a 0.", IF(H21>60, "❌ ERROR: El 'Área de Conocimiento' no puede exceder los 60 min.", IF((H10+H21+H44)<100, "❌ ERROR: El tiempo total debe ser de al menos 100 min.", "✅ VALIDACIÓN CORRECTA"))) -> ❌ ERROR: El tiempo total debe ser de al menos 100 min.
A10: 1. Área Actitudinal (Saber Ser) | G10: Tiempo Aproximado | H10: =B13 -> 5
G11: Tiene que estar en un rango de 3 a 5 minutos
A12: Nombre del Valor | B12: Pensamiento Critico
A13: Tiempo Aproximado | B13: =S.2!B13 -> 5
A14: Descripcion
A15: Analizar y evaluar información de manera objetiva, cuestionando supuestos y buscando evidencias antes de llegar a una conclusión.
A17: Como se relaciona con los conocimientos de la sesion y se aplicaria
A18: Es posible que el estudiante se enfrente por primera vez, ya sea a descubrir y modificar el codigo del kernel de linux, o bien a modificarlo tan a fondo, es importante que fortalezca su pensamiento critico, enfocandose en este nuevo reto.
A21: 2. Área Conocimiento (Saber) | G21: Tiempo Aproximado | H21: =D39+D40+D41+D42 -> 55
G22: No puede exceder los 60 minutos
A23: Competencia a desarrollar | B23: El estudiante describe la arquitectura y los componentes fundamentales de un S.O. analizando la separación entre el espacio de usuario y el espacio de kernel para establecer las bases conceptuales necesarias para la modificación del sistema.
A24: Competencia a desarrollar | B24: El estudiante describe la arquitectura y los componentes fundamentales de un S.O. analizando la separación entre el espacio de usuario y el espacio de kernel para establecer las bases conceptuales necesarias para la modificación del sistema.
A26: 2.1 Contenido
A27: No. | B27: Unidad | D27: Tema | F27: Sub Tema
A28: 1 | B28: =IFERROR(__xludf.DUMMYFUNCTION("FILTER('Diseño'!D:D,'Diseño'!H:H=$C$5)"),"Introducción y Configuración del Entorno") -> Introducción y Configuración del Entorno | D28: =IFERROR(__xludf.DUMMYFUNCTION("FILTER('Diseño'!E:E,'Diseño'!H:H=$C$5)"),"Arranque y Depuración del Kernel") -> Arranque y Depuración del Kernel | F28: =IFERROR(__xludf.DUMMYFUNCTION("FILTER('Diseño'!F:F,'Diseño'!H:H=$C$5)"),"Proceso de arranque de USAX en QEMU. Uso de GDB para depuración remota: puntos de ruptura, inspección de memoria y registros.") -> Proceso de arranque de USAX en QEMU. Uso de GDB para depuración remota: puntos de ruptura, inspección de memoria y registros.
A29: 2
A30: 3
A31: 4
A32: 5
A33: 6
A34: 7
A36: 2.2 Recursos Educativos
A38: Tipo de Recurso a utilizar | B38: Tipo | C38: Rango Aproximando | D38: Tiempo Aproximado
A39: Presentacion | B39: Obligatorio | D39: 25
A40: Video | B40: Obligatorio | C40: 3 a 6 minutos | D40: 5
A41: Lectura | B41: Optativo | D41: 0
A42: Ejercicio Demostrativo | B42: Obligatorio | D42: 25
A44: 3. Área de Habilidades (Saber Hacer) | G44: Tiempo Aproximado | H44: =B50+B61 -> 30
G45: Tiene que estar en un rango de 30 a 50 minutos
A46: Actividad 1 (Obligatoria)
A47: Competencia que predomina en la actividad | B47: El estudiante comprende la estructura fundamental de un sistema operativo mediante el analisis del codigo fuente del kernel Linux para comprender como este gestion y administra los programas de usuario
A48: Tipo de Actividad | B48: =S.2!B48 -> Cuestionario
A49: Ponderación | B49: 0
A50: Tiempo Aproximado | B50: =S.2!B50 -> 5
A51: Coloca el tiempo que usar en la actividad, un tiempo sugerido 30 minutos
A52: Descripcion de la Actividad
A53: =S.2!A53 -> Cuestionario de 10 preguntas sobre los temas impartidos durante la clase de laboratorio
A57: Actividad 2 (Optativa puedes hacerla si lo consideras apropiado)
A58: Competencia que predomina en la actividad | B58: El estudiante desarrolla nuevos programas usando sus conocimientos en hilos y sincronizacion que hacen uso eficiente y optimo de los recursos del sistema
A59: Tipo de Actividad | B59: =S.2!B59 -> otros
A60: Ponderación
A61: Tiempo Aproximado | B61: =S.2!B61 -> 25
A62: Coloca el tiempo que usar en la actividad, un tiempo sugerido 20 minutos
A63: Descripcion de la Actividad
A64: =S.2!A64 -> Un ejemplo de aplicacion sobre el tema visto durante la semana, el mismo se explica paso a paso para reforzar los temas teoricos.
A68: 3. Cierre | G68: Tiempo Aproximado | H68: =B70
G69: Tiene que estar en un rango de 10 a 15 minutos
A70: Tiempo Aproximado
A71: Asignacion de Actividades
A72: =S.2!A72 -> Resolver dudas sobre la clase, de practicas o de tareas
A74: Resuelve alguna duda, asigna las actividades que deben realizar, dudas de proyectos, etc

Sheet S.4
B2: Diseño de la Sesión de Laboratorio
B4: Curso | C4: ='Diseño'!C4 -> 285 - Sistemas Operativos 2
B5: Semana | C5: 4
B6: Tiempo | C6: =H10+H21+H44+H68 -> 100
B7: Ponderación | C7: =B49+B60 -> 0
B8: Validación de Tiempo | C8: =IF(H44<=0, "❌ ERROR: La Actividad 1 debe tener un tiempo mayor a 0.", IF(H21>60, "❌ ERROR: El 'Área de Conocimiento' no puede exceder los 60 min.", IF((H10+H21+H44)<100, "❌ ERROR: El tiempo total debe ser de al menos 100 min.", "✅ VALIDACIÓN CORRECTA"))) -> ❌ ERROR: El tiempo total debe ser de al menos 100 min.
A10: 1. Área Actitudinal (Saber Ser) | G10: Tiempo Aproximado | H10: =B13 -> 5
G11: Tiene que estar en un rango de 3 a 5 minutos
A12: Nombre del Valor | B12: Consistencia
A13: Tiempo Aproximado | B13: =S.2!B13 -> 5
A14: Descripcion
A15: Mantener coherencia entre lo que se piensa, se dice y se hace, reflejando estabilidad y credibilidad en las acciones.
A17: Como se relaciona con los conocimientos de la sesion y se aplicaria
A18: El estudiante debe ser consistente en su participacion, en este punto (y varios mas adelante) sera necesario utilizar el cajon de herramientas que vamos formando con cada nuevo tema, el estudiante debe demostrar consistencia en su aprendizaje y el curso para poder avanzar de manera adecuada.
A21: 2. Área Conocimiento (Saber) | G21: Tiempo Aproximado | H21: =D39+D40+D41+D42 -> 55
G22: No puede exceder los 60 minutos
A23: Competencia a desarrollar | B23: El estudiante interpreta el flujo de ejecución y las interacciones clave dentro de un kernel mediante la compilación, ejecución y depuración del código fuente del kernel para comprender cómo el sistema operativo gestiona el hardware y los procesos desde el arranque.
A24: Competencia a desarrollar | B24: El estudiante interpreta el flujo de ejecución y las interacciones clave dentro de un kernel mediante la compilación, ejecución y depuración del código fuente del kernel para comprender cómo el sistema operativo gestiona el hardware y los procesos desde el arranque.
A26: 2.1 Contenido
A27: No. | B27: Unidad | D27: Tema | F27: Sub Tema
A28: 1 | B28: =IFERROR(__xludf.DUMMYFUNCTION("FILTER('Diseño'!D:D,'Diseño'!H:H=$C$5)"),"Gestión de Memoria") -> Gestión de Memoria | D28: =IFERROR(__xludf.DUMMYFUNCTION("FILTER('Diseño'!E:E,'Diseño'!H:H=$C$5)"),"Memoria Física y Virtual") -> Memoria Física y Virtual | F28: =IFERROR(__xludf.DUMMYFUNCTION("FILTER('Diseño'!F:F,'Diseño'!H:H=$C$5)"),"Proceso de arranque del kernel. Gestión de memoria física (mapa de memoria, alocadores básicos). Paginación y tablas de páginas.") -> Proceso de arranque del kernel. Gestión de memoria física (mapa de memoria, alocadores básicos). Paginación y tablas de páginas.
A29: 2 | B29: =IFERROR(__xludf.DUMMYFUNCTION("""COMPUTED_VALUE"""),"Gestión de Memoria") -> Gestión de Memoria | D29: =IFERROR(__xludf.DUMMYFUNCTION("""COMPUTED_VALUE"""),"Aislamiento y Espacio de Direcciones") -> Aislamiento y Espacio de Direcciones | F29: =IFERROR(__xludf.DUMMYFUNCTION("""COMPUTED_VALUE"""),"Traducción de direcciones. Separación entre el espacio de usuario y el espacio de kernel.") -> Traducción de direcciones. Separación entre el espacio de usuario y el espacio de kernel.
A30: 3
A31: 4
A32: 5
A33: 6
A34: 7
A36: 2.2 Recursos Educativos
A38: Tipo de Recurso a utilizar | B38: Tipo | C38: Rango Aproximando | D38: Tiempo Aproximado
A39: Presentacion | B39: Obligatorio | D39: 25
A40: Video | B40: Obligatorio | C40: 3 a 6 minutos | D40: 5
A41: Lectura | B41: Optativo | D41: 0
A42: Ejercicio Demostrativo | B42: Obligatorio | D42: 25
A44: 3. Área de Habilidades (Saber Hacer) | G44: Tiempo Aproximado | H44: =B50+B61 -> 30
G45: Tiene que estar en un rango de 30 a 50 minutos
A46: Actividad 1 (Obligatoria)
A47: Competencia que predomina en la actividad | B47: El estudiante comprende la estructura fundamental de un sistema operativo mediante el analisis del codigo fuente del kernel Linux para comprender como este gestion y administra los programas de usuario
A48: Tipo de Actividad | B48: =S.2!B48 -> Cuestionario
A49: Ponderación | B49: 0
A50: Tiempo Aproximado | B50: =S.2!B50 -> 5
A51: Coloca el tiempo que usar en la actividad, un tiempo sugerido 30 minutos
A52: Descripcion de la Actividad
A53: =S.2!A53 -> Cuestionario de 10 preguntas sobre los temas impartidos durante la clase de laboratorio
A57: Actividad 2 (Optativa puedes hacerla si lo consideras apropiado)
A58: Competencia que predomina en la actividad | B58: El estudiante comprende la estructura fundamental de un sistema operativo mediante el analisis del codigo fuente del kernel Linux para comprender como este gestion y administra los programas de usuario
A59: Tipo de Actividad | B59: =S.2!B59 -> otros
A60: Ponderación
A61: Tiempo Aproximado | B61: =S.2!B61 -> 25
A62: Coloca el tiempo que usar en la actividad, un tiempo sugerido 20 minutos
A63: Descripcion de la Actividad
A64: =S.2!A64 -> Un ejemplo de aplicacion sobre el tema visto durante la semana, el mismo se explica paso a paso para reforzar los temas teoricos.
A68: 3. Cierre | G68: Tiempo Aproximado | H68: =B70 -> 10
G69: Tiene que estar en un rango de 10 a 15 minutos
A70: Tiempo Aproximado | B70: 10
A71: Asignacion de Actividades
A72: =S.2!A72 -> Resolver dudas sobre la clase, de practicas o de tareas
A74: Resuelve alguna duda, asigna las actividades que deben realizar, dudas de proyectos, etc

Sheet S.5
B2: Diseño de la Sesión de Laboratorio
B4: Curso | C4: ='Diseño'!C4 -> 285 - Sistemas Operativos 2
B5: Semana | C5: 5
B6: Tiempo | C6: =H10+H21+H44+H68 -> 100
B7: Ponderación | C7: =B49+B60 -> 0
B8: Validación de Tiempo | C8: =IF(H44<=0, "❌ ERROR: La Actividad 1 debe tener un tiempo mayor a 0.", IF(H21>60, "❌ ERROR: El 'Área de Conocimiento' no puede exceder los 60 min.", IF((H10+H21+H44)<100, "❌ ERROR: El tiempo total debe ser de al menos 100 min.", "✅ VALIDACIÓN CORRECTA"))) -> ❌ ERROR: El tiempo total debe ser de al menos 100 min.
A10: 1. Área Actitudinal (Saber Ser) | G10: Tiempo Aproximado | H10: =B13 -> 5
G11: Tiene que estar en un rango de 3 a 5 minutos
A12: Nombre del Valor | B12: Diciplina
A13: Tiempo Aproximado | B13: =S.2!B13 -> 5
A14: Descripcion
A15: Seguir normas, métodos y hábitos de manera constante para alcanzar metas con esfuerzo y autocontrol.
A17: Como se relaciona con los conocimientos de la sesion y se aplicaria
A18: Trabajar con hilos y estructuras concurrentes, se cultiva diciplina y un pensamiento ordenado, que es fundamental para el diseño de sistemas.
A21: 2. Área Conocimiento (Saber) | G21: Tiempo Aproximado | H21: =D39+D40+D41+D42 -> 55
G22: No puede exceder los 60 minutos
A23: Competencia a desarrollar | B23: El estudiante interpreta el flujo de ejecución y las interacciones clave dentro de un kernel mediante la compilación, ejecución y depuración del código fuente del kernel para comprender cómo el sistema operativo gestiona el hardware y los procesos desde el arranque.
A24: Competencia a desarrollar | B24: El estudiante modifica el código fuente del kernel en lenguaje C para implementar nuevas llamadas al sistema (syscalls) que exponen funcionalidades y transfieren datos de forma segura entre el espacio de kernel y el de usuario.
A26: 2.1 Contenido
A27: No. | B27: Unidad | D27: Tema | F27: Sub Tema
A28: 1 | B28: =IFERROR(__xludf.DUMMYFUNCTION("FILTER('Diseño'!D:D,'Diseño'!H:H=$C$5)"),"Procesos e Interacción") -> Procesos e Interacción | D28: =IFERROR(__xludf.DUMMYFUNCTION("FILTER('Diseño'!E:E,'Diseño'!H:H=$C$5)"),"Estructura y Ciclo de Vida de un Proceso") -> Estructura y Ciclo de Vida de un Proceso | F28: =IFERROR(__xludf.DUMMYFUNCTION("FILTER('Diseño'!F:F,'Diseño'!H:H=$C$5)"),"El Process Control Block (task_struct). Estados (Running, Sleeping, Zombie, etc.) y transiciones de un proceso.") -> El Process Control Block (task_struct). Estados (Running, Sleeping, Zombie, etc.) y transiciones de un proceso.
A29: 2 | B29: =IFERROR(__xludf.DUMMYFUNCTION("""COMPUTED_VALUE"""),"Procesos e Interacción") -> Procesos e Interacción | D29: =IFERROR(__xludf.DUMMYFUNCTION("""COMPUTED_VALUE"""),"La Interfaz de Llamadas al Sistema") -> La Interfaz de Llamadas al Sistema | F29: =IFERROR(__xludf.DUMMYFUNCTION("""COMPUTED_VALUE"""),"Mecanismo de traps. Implementación de una syscall hello_world() directamente en el kernel para validar la comunicación.") -> Mecanismo de traps. Implementación de una syscall hello_world() directamente en el kernel para validar la comunicación.
A30: 3
A31: 4
A32: 5
A33: 6
A34: 7
A36: 2.2 Recursos Educativos
A38: Tipo de Recurso a utilizar | B38: Tipo | C38: Rango Aproximando | D38: Tiempo Aproximado
A39: Presentacion | B39: Obligatorio | D39: 25
A40: Video | B40: Obligatorio | C40: 3 a 6 minutos | D40: 5
A41: Lectura | B41: Optativo | D41: 0
A42: Ejercicio Demostrativo | B42: Obligatorio | D42: 25
A44: 3. Área de Habilidades (Saber Hacer) | G44: Tiempo Aproximado | H44: =B50+B61 -> 30
G45: Tiene que estar en un rango de 30 a 50 minutos
A46: Actividad 1 (Obligatoria)
A47: Competencia que predomina en la actividad | B47: El estudiante desarrolla nuevos programas usando sus conocimientos en hilos y sincronizacion que hacen uso eficiente y optimo de los recursos del sistema
A48: Tipo de Actividad | B48: =S.2!B48 -> Cuestionario
A49: Ponderación | B49: 0
A50: Tiempo Aproximado | B50: =S.2!B50 -> 5
A51: Coloca el tiempo que usar en la actividad, un tiempo sugerido 30 minutos
A52: Descripcion de la Actividad
A53: =S.2!A53 -> Cuestionario de 10 preguntas sobre los temas impartidos durante la clase de laboratorio
A57: Actividad 2 (Optativa puedes hacerla si lo consideras apropiado)
A58: Competencia que predomina en la actividad | B58: El estudiante desarrolla nuevos programas usando sus conocimientos en hilos y sincronizacion que hacen uso eficiente y optimo de los recursos del sistema
A59: Tipo de Actividad | B59: =S.2!B59 -> otros
A60: Ponderación
A61: Tiempo Aproximado | B61: =S.2!B61 -> 25
A62: Coloca el tiempo que usar en la actividad, un tiempo sugerido 20 minutos
A63: Descripcion de la Actividad
A64: =S.2!A64 -> Un ejemplo de aplicacion sobre el tema visto durante la semana, el mismo se explica paso a paso para reforzar los temas teoricos.
A68: 3. Cierre | G68: Tiempo Aproximado | H68: =B70 -> 10
G69: Tiene que estar en un rango de 10 a 15 minutos
A70: Tiempo Aproximado | B70: 10
A71: Asignacion de Actividades
A72: =S.2!A72 -> Resolver dudas sobre la clase, de practicas o de tareas
A74: Resuelve alguna duda, asigna las actividades que deben realizar, dudas de proyectos, etc

Sheet S.6
B2: Diseño de la Sesión de Laboratorio
B4: Curso | C4: ='Diseño'!C4 -> 285 - Sistemas Operativos 2
B5: Semana | C5: 6
B6: Tiempo | C6: =H10+H21+H44+H68 -> 100
B7: Ponderación | C7: =B49+B60 -> 0
B8: Validación de Tiempo | C8: =IF(H44<=0, "❌ ERROR: La Actividad 1 debe tener un tiempo mayor a 0.", IF(H21>60, "❌ ERROR: El 'Área de Conocimiento' no puede exceder los 60 min.", IF((H10+H21+H44)<100, "❌ ERROR: El tiempo total debe ser de al menos 100 min.", "✅ VALIDACIÓN CORRECTA"))) -> ❌ ERROR: El tiempo total debe ser de al menos 100 min.
A10: 1. Área Actitudinal (Saber Ser) | G10: Tiempo Aproximado | H10: =B13 -> 5
G11: Tiene que estar en un rango de 3 a 5 minutos
A12: Nombre del Valor | B12: Criterio y toma de decisiones
A13: Tiempo Aproximado | B13: =S.2!B13 -> 5
A14: Descripcion
A15: Capacidad de evaluar alternativas y seleccionar la opción más adecuada con base en la razón, la experiencia y la información disponible.
A17: Como se relaciona con los conocimientos de la sesion y se aplicaria
A18: Al enfrentarse a probleams como condiciones de carrera, la sincronizacion de procesos es necesario, esto significa que el estudiante debe formar un criterio para decidir de manera responsable que herramientas y metodos utilizar considerando la estabilidad y eficiencia.
A21: 2. Área Conocimiento (Saber) | G21: Tiempo Aproximado | H21: =D39+D40+D41+D42 -> 55
G22: No puede exceder los 60 minutos
A23: Competencia a desarrollar | B23: El estudiante modifica el código fuente del kernel en lenguaje C para implementar nuevas llamadas al sistema (syscalls) que exponen funcionalidades y transfieren datos de forma segura entre el espacio de kernel y el de usuario.
A24: Competencia a desarrollar | B24: El estudiante modifica el código fuente del kernel en lenguaje C para implementar nuevas llamadas al sistema (syscalls) que exponen funcionalidades y transfieren datos de forma segura entre el espacio de kernel y el de usuario.
A26: 2.1 Contenido
A27: No. | B27: Unidad | D27: Tema | F27: Sub Tema
A28: 1 | B28: =IFERROR(__xludf.DUMMYFUNCTION("FILTER('Diseño'!D:D,'Diseño'!H:H=$C$5)"),"Procesos e Interacción") -> Procesos e Interacción | D28: =IFERROR(__xludf.DUMMYFUNCTION("FILTER('Diseño'!E:E,'Diseño'!H:H=$C$5)"),"Modularizando el Kernel (LKM)") -> Modularizando el Kernel (LKM) | F28: =IFERROR(__xludf.DUMMYFUNCTION("FILTER('Diseño'!F:F,'Diseño'!H:H=$C$5)"),"Introducción a los Módulos Cargables del Kernel. Ventajas de la modularidad. Migración de la syscall hello_world() a un módulo.") -> Introducción a los Módulos Cargables del Kernel. Ventajas de la modularidad. Migración de la syscall hello_world() a un módulo.
A29: 2 | B29: =IFERROR(__xludf.DUMMYFUNCTION("""COMPUTED_VALUE"""),"Procesos e Interacción") -> Procesos e Interacción | D29: =IFERROR(__xludf.DUMMYFUNCTION("""COMPUTED_VALUE"""),"Primer Programa Cliente") -> Primer Programa Cliente | F29: =IFERROR(__xludf.DUMMYFUNCTION("""COMPUTED_VALUE"""),"Creación de un programa en C que invoca la syscall hello_world() desde el espacio de usuario.") -> Creación de un programa en C que invoca la syscall hello_world() desde el espacio de usuario.
A30: 3
A31: 4
A32: 5
A33: 6
A34: 7
A36: 2.2 Recursos Educativos
A38: Tipo de Recurso a utilizar | B38: Tipo | C38: Rango Aproximando | D38: Tiempo Aproximado
A39: Presentacion | B39: Obligatorio | D39: 25
A40: Video | B40: Obligatorio | C40: 3 a 6 minutos | D40: 5
A41: Lectura | B41: Optativo | D41: 0
A42: Ejercicio Demostrativo | B42: Obligatorio | D42: 25
A44: 3. Área de Habilidades (Saber Hacer) | G44: Tiempo Aproximado | H44: =B50+B61 -> 30
G45: Tiene que estar en un rango de 30 a 50 minutos
A46: Actividad 1 (Obligatoria)
A47: Competencia que predomina en la actividad | B47: El estudiante explica las diferencias entre ejecución concurrente, ejecución paralela y paralelismo en el contexto de los sistemas operativos y aplica este conocimiento para seleccionar y emplear adecuadamente herramientas de gestión de memoria y procesos en sus desarrollos.
A48: Tipo de Actividad | B48: =S.2!B48 -> Cuestionario
A49: Ponderación | B49: 0
A50: Tiempo Aproximado | B50: =S.2!B50 -> 5
A51: Coloca el tiempo que usar en la actividad, un tiempo sugerido 30 minutos
A52: Descripcion de la Actividad
A53: =S.2!A53 -> Cuestionario de 10 preguntas sobre los temas impartidos durante la clase de laboratorio
A57: Actividad 2 (Optativa puedes hacerla si lo consideras apropiado)
A58: Competencia que predomina en la actividad | B58: El estudiante explica las diferencias entre ejecución concurrente, ejecución paralela y paralelismo en el contexto de los sistemas operativos y aplica este conocimiento para seleccionar y emplear adecuadamente herramientas de gestión de memoria y procesos en sus desarrollos.
A59: Tipo de Actividad | B59: =S.2!B59 -> otros
A60: Ponderación
A61: Tiempo Aproximado | B61: =S.2!B61 -> 25
A62: Coloca el tiempo que usar en la actividad, un tiempo sugerido 20 minutos
A63: Descripcion de la Actividad
A64: =S.2!A64 -> Un ejemplo de aplicacion sobre el tema visto durante la semana, el mismo se explica paso a paso para reforzar los temas teoricos.
A68: 3. Cierre | G68: Tiempo Aproximado | H68: =B70 -> 10
G69: Tiene que estar en un rango de 10 a 15 minutos
A70: Tiempo Aproximado | B70: 10
A71: Asignacion de Actividades
A72: =S.2!A72 -> Resolver dudas sobre la clase, de practicas o de tareas
A74: Resuelve alguna duda, asigna las actividades que deben realizar, dudas de proyectos, etc

Sheet S.7
B2: Diseño de la Sesión de Laboratorio
B4: Curso | C4: ='Diseño'!C4 -> 285 - Sistemas Operativos 2
B5: Semana | C5: 7
B6: Tiempo | C6: =H10+H21+H44+H68 -> 100
B7: Ponderación | C7: =B49+B60 -> 0
B8: Validación de Tiempo | C8: =IF(H44<=0, "❌ ERROR: La Actividad 1 debe tener un tiempo mayor a 0.", IF(H21>60, "❌ ERROR: El 'Área de Conocimiento' no puede exceder los 60 min.", IF((H10+H21+H44)<100, "❌ ERROR: El tiempo total debe ser de al menos 100 min.", "✅ VALIDACIÓN CORRECTA"))) -> ❌ ERROR: El tiempo total debe ser de al menos 100 min.
A10: 1. Área Actitudinal (Saber Ser) | G10: Tiempo Aproximado | H10: =B13 -> 5
G11: Tiene que estar en un rango de 3 a 5 minutos
A12: Nombre del Valor | B12: Equidad
A13: Tiempo Aproximado | B13: =S.2!B13 -> 5
A14: Descripcion
A15: Actuar con justicia e imparcialidad, reconociendo y respetando los derechos de todas las personas.
A17: Como se relaciona con los conocimientos de la sesion y se aplicaria
A18: La planificacion/programacion de CPU se trata de darle el tiempo adecuado a cada proceso en ejecucion, muchas veces no se trata de igualdad y la igualdad no es lo optimo, sino de equidad, que en terminos generales significa darle a cada uno el tiempo que necesita para avanzar tanto como el resto.
A21: 2. Área Conocimiento (Saber) | G21: Tiempo Aproximado | H21: =D39+D40+D41+D42 -> 55
G22: No puede exceder los 60 minutos
A23: Competencia a desarrollar | B23: El estudiante modifica el código fuente del kernel en lenguaje C para implementar nuevas llamadas al sistema (syscalls) que exponen funcionalidades y transfieren datos de forma segura entre el espacio de kernel y el de usuario.
A24: Competencia a desarrollar | B24: El estudiante analiza las estructuras de datos internas del kernel que gestionan procesos, memoria y tiempo mediante la lectura e interpretación de su código fuente para extraer métricas de rendimiento y estado del sistema, como la lista de procesos o el uso de CPU.
A26: 2.1 Contenido
A27: No. | B27: Unidad | D27: Tema | F27: Sub Tema
A28: 1 | B28: =IFERROR(__xludf.DUMMYFUNCTION("FILTER('Diseño'!D:D,'Diseño'!H:H=$C$5)"),"Procesos e Interacción") -> Procesos e Interacción | D28: =IFERROR(__xludf.DUMMYFUNCTION("FILTER('Diseño'!E:E,'Diseño'!H:H=$C$5)"),"Transferencia de Datos Estructurados") -> Transferencia de Datos Estructurados | F28: =IFERROR(__xludf.DUMMYFUNCTION("FILTER('Diseño'!F:F,'Diseño'!H:H=$C$5)"),"Transfiriendo datos complejos del kernel al espacio de usuario.") -> Transfiriendo datos complejos del kernel al espacio de usuario.
A29: 2 | B29: =IFERROR(__xludf.DUMMYFUNCTION("""COMPUTED_VALUE"""),"Monitoreo del Sistema") -> Monitoreo del Sistema | D29: =IFERROR(__xludf.DUMMYFUNCTION("""COMPUTED_VALUE"""),"Estructura de un proceso") -> Estructura de un proceso | F29: =IFERROR(__xludf.DUMMYFUNCTION("""COMPUTED_VALUE"""),"Estructuras del kernel para obtener campos clave de procesos como PID, estado, PPID.") -> Estructuras del kernel para obtener campos clave de procesos como PID, estado, PPID.
A30: 3
A31: 4
A32: 5
A33: 6
A34: 7
A36: 2.2 Recursos Educativos
A38: Tipo de Recurso a utilizar | B38: Tipo | C38: Rango Aproximando | D38: Tiempo Aproximado
A39: Presentacion | B39: Obligatorio | D39: 25
A40: Video | B40: Obligatorio | C40: 3 a 6 minutos | D40: 5
A41: Lectura | B41: Optativo | D41: 0
A42: Ejercicio Demostrativo | B42: Obligatorio | D42: 25
A44: 3. Área de Habilidades (Saber Hacer) | G44: Tiempo Aproximado | H44: =B50+B61 -> 30
G45: Tiene que estar en un rango de 30 a 50 minutos
A46: Actividad 1 (Obligatoria)
A47: Competencia que predomina en la actividad | B47: El estudiante explica las diferencias entre ejecución concurrente, ejecución paralela y paralelismo en el contexto de los sistemas operativos y aplica este conocimiento para seleccionar y emplear adecuadamente herramientas de gestión de memoria y procesos en sus desarrollos.
A48: Tipo de Actividad | B48: =S.2!B48 -> Cuestionario
A49: Ponderación | B49: 0
A50: Tiempo Aproximado | B50: =S.2!B50 -> 5
A51: Coloca el tiempo que usar en la actividad, un tiempo sugerido 30 minutos
A52: Descripcion de la Actividad
A53: =S.2!A53 -> Cuestionario de 10 preguntas sobre los temas impartidos durante la clase de laboratorio
A57: Actividad 2 (Optativa puedes hacerla si lo consideras apropiado)
A58: Competencia que predomina en la actividad | B58: El estudiante comprende la estructura fundamental de un sistema operativo mediante el analisis del codigo fuente del kernel Linux para comprender como este gestion y administra los programas de usuario
A59: Tipo de Actividad | B59: =S.2!B59 -> otros
A60: Ponderación
A61: Tiempo Aproximado | B61: =S.2!B61 -> 25
A62: Coloca el tiempo que usar en la actividad, un tiempo sugerido 20 minutos
A63: Descripcion de la Actividad
A64: =S.2!A64 -> Un ejemplo de aplicacion sobre el tema visto durante la semana, el mismo se explica paso a paso para reforzar los temas teoricos.
A68: 3. Cierre | G68: Tiempo Aproximado | H68: =B70 -> 10
G69: Tiene que estar en un rango de 10 a 15 minutos
A70: Tiempo Aproximado | B70: 10
A71: Asignacion de Actividades
A72: =S.2!A72 -> Resolver dudas sobre la clase, de practicas o de tareas
A74: Resuelve alguna duda, asigna las actividades que deben realizar, dudas de proyectos, etc

Sheet S.8
B2: Diseño de la Sesión de Laboratorio
B4: Curso | C4: ='Diseño'!C4 -> 285 - Sistemas Operativos 2
B5: Semana | C5: 8
B6: Tiempo | C6: =H10+H21+H44+H68 -> 100
B7: Ponderación | C7: =B49+B60 -> 0
B8: Validación de Tiempo | C8: =IF(H44<=0, "❌ ERROR: La Actividad 1 debe tener un tiempo mayor a 0.", IF(H21>60, "❌ ERROR: El 'Área de Conocimiento' no puede exceder los 60 min.", IF((H10+H21+H44)<100, "❌ ERROR: El tiempo total debe ser de al menos 100 min.", "✅ VALIDACIÓN CORRECTA"))) -> ❌ ERROR: El tiempo total debe ser de al menos 100 min.
A10: 1. Área Actitudinal (Saber Ser) | G10: Tiempo Aproximado | H10: =B13 -> 5
G11: Tiene que estar en un rango de 3 a 5 minutos
A12: Nombre del Valor | B12: Precaucion
A13: Tiempo Aproximado | B13: =S.2!B13 -> 5
A14: Descripcion
A15: Adoptar medidas preventivas para reducir riesgos y consecuencias negativas, actuando con cuidado y previsión
A17: Como se relaciona con los conocimientos de la sesion y se aplicaria
A18: La paginacion, segmentacion y proteccion de memoria son temas delicados, comprender la importacia de estos temas, es garantizar el buen funcionamiento del sistema
A21: 2. Área Conocimiento (Saber) | G21: Tiempo Aproximado | H21: =D39+D40+D41+D42 -> 55
G22: No puede exceder los 60 minutos
A23: Competencia a desarrollar | B23: El estudiante analiza las estructuras de datos internas del kernel que gestionan procesos, memoria y tiempo mediante la lectura e interpretación de su código fuente para extraer métricas de rendimiento y estado del sistema, como la lista de procesos o el uso de CPU.
A24: Competencia a desarrollar | B24: El estudiante analiza las estructuras de datos internas del kernel que gestionan procesos, memoria y tiempo mediante la lectura e interpretación de su código fuente para extraer métricas de rendimiento y estado del sistema, como la lista de procesos o el uso de CPU.
A26: 2.1 Contenido
A27: No. | B27: Unidad | D27: Tema | F27: Sub Tema
A28: 1 | B28: =IFERROR(__xludf.DUMMYFUNCTION("FILTER('Diseño'!D:D,'Diseño'!H:H=$C$5)"),"Monitoreo del Sistema") -> Monitoreo del Sistema | D28: =IFERROR(__xludf.DUMMYFUNCTION("FILTER('Diseño'!E:E,'Diseño'!H:H=$C$5)"),"Concurrencia y Lectura Segura de Datos") -> Concurrencia y Lectura Segura de Datos | F28: =IFERROR(__xludf.DUMMYFUNCTION("FILTER('Diseño'!F:F,'Diseño'!H:H=$C$5)"),"El problema de las condiciones de carrera al leer datos del kernel. Introducción a primitivas de sincronización.") -> El problema de las condiciones de carrera al leer datos del kernel. Introducción a primitivas de sincronización.
A29: 2 | B29: =IFERROR(__xludf.DUMMYFUNCTION("""COMPUTED_VALUE"""),"Monitoreo del Sistema") -> Monitoreo del Sistema | D29: =IFERROR(__xludf.DUMMYFUNCTION("""COMPUTED_VALUE"""),"Medición de Tiempo y Carga del Sistema") -> Medición de Tiempo y Carga del Sistema | F29: =IFERROR(__xludf.DUMMYFUNCTION("""COMPUTED_VALUE"""),"Estructuras del kernel para obtener el tiempo de actividad (uptime) y la carga promedio (load average).") -> Estructuras del kernel para obtener el tiempo de actividad (uptime) y la carga promedio (load average).
A30: 3
A31: 4
A32: 5
A33: 6
A34: 7
A36: 2.2 Recursos Educativos
A38: Tipo de Recurso a utilizar | B38: Tipo | C38: Rango Aproximando | D38: Tiempo Aproximado
A39: Presentacion | B39: Obligatorio | D39: 25
A40: Video | B40: Obligatorio | C40: 3 a 6 minutos | D40: 5
A41: Lectura | B41: Optativo | D41: 0
A42: Ejercicio Demostrativo | B42: Obligatorio | D42: 25
A44: 3. Área de Habilidades (Saber Hacer) | G44: Tiempo Aproximado | H44: =B50+B61 -> 30
G45: Tiene que estar en un rango de 30 a 50 minutos
A46: Actividad 1 (Obligatoria)
A47: Competencia que predomina en la actividad | B47: El estudiante comprende la estructura fundamental de un sistema operativo mediante el analisis del codigo fuente del kernel Linux para comprender como este gestion y administra los programas de usuario
A48: Tipo de Actividad | B48: =S.2!B48 -> Cuestionario
A49: Ponderación | B49: 0
A50: Tiempo Aproximado | B50: =S.2!B50 -> 5
A51: Coloca el tiempo que usar en la actividad, un tiempo sugerido 30 minutos
A52: Descripcion de la Actividad
A53: =S.2!A53 -> Cuestionario de 10 preguntas sobre los temas impartidos durante la clase de laboratorio
A57: Actividad 2 (Optativa puedes hacerla si lo consideras apropiado)
A58: Competencia que predomina en la actividad | B58: El estudiante comprende la estructura fundamental de un sistema operativo mediante el analisis del codigo fuente del kernel Linux para comprender como este gestion y administra los programas de usuario
A59: Tipo de Actividad | B59: =S.2!B59 -> otros
A60: Ponderación
A61: Tiempo Aproximado | B61: =S.2!B61 -> 25
A62: Coloca el tiempo que usar en la actividad, un tiempo sugerido 20 minutos
A63: Descripcion de la Actividad
A64: =S.2!A64 -> Un ejemplo de aplicacion sobre el tema visto durante la semana, el mismo se explica paso a paso para reforzar los temas teoricos.
A68: 3. Cierre | G68: Tiempo Aproximado | H68: =B70 -> 10
G69: Tiene que estar en un rango de 10 a 15 minutos
A70: Tiempo Aproximado | B70: 10
A71: Asignacion de Actividades
A72: =S.2!A72 -> Resolver dudas sobre la clase, de practicas o de tareas
A74: Resuelve alguna duda, asigna las actividades que deben realizar, dudas de proyectos, etc

Sheet S.9
B2: Diseño de la Sesión de Laboratorio
B4: Curso | C4: ='Diseño'!C4 -> 285 - Sistemas Operativos 2
B5: Semana | C5: 9
B6: Tiempo | C6: =H10+H21+H44+H68 -> 100
B7: Ponderación | C7: =B49+B60 -> 0
B8: Validación de Tiempo | C8: =IF(H44<=0, "❌ ERROR: La Actividad 1 debe tener un tiempo mayor a 0.", IF(H21>60, "❌ ERROR: El 'Área de Conocimiento' no puede exceder los 60 min.", IF((H10+H21+H44)<100, "❌ ERROR: El tiempo total debe ser de al menos 100 min.", "✅ VALIDACIÓN CORRECTA"))) -> ❌ ERROR: El tiempo total debe ser de al menos 100 min.
A10: 1. Área Actitudinal (Saber Ser) | G10: Tiempo Aproximado | H10: =B13 -> 5
G11: Tiene que estar en un rango de 3 a 5 minutos
A12: Nombre del Valor | B12: Etica
A13: Tiempo Aproximado | B13: =S.2!B13 -> 5
A14: Descripcion
A15: Guiarse por principios morales que orientan el comportamiento hacia lo correcto, honesto y justo.
A17: Como se relaciona con los conocimientos de la sesion y se aplicaria
A18: Los mecanismos de control de acceso, privilegio y seguridad deben programarse de manera responsable, siendo que somos personas que potencialmente estaran detras de sistemas que requieren seguridad importante, es escencial mantener una etica intachable
A21: 2. Área Conocimiento (Saber) | G21: Tiempo Aproximado | H21: =D39+D40+D41+D42 -> 55
G22: No puede exceder los 60 minutos
A23: Competencia a desarrollar | B23: El estudiante analiza las estructuras de datos internas del kernel que gestionan procesos, memoria y tiempo mediante la lectura e interpretación de su código fuente para extraer métricas de rendimiento y estado del sistema, como la lista de procesos o el uso de CPU.
A24: Competencia a desarrollar | B24: El estudiante analiza las estructuras de datos internas del kernel que gestionan procesos, memoria y tiempo mediante la lectura e interpretación de su código fuente para extraer métricas de rendimiento y estado del sistema, como la lista de procesos o el uso de CPU.
A26: 2.1 Contenido
A27: No. | B27: Unidad | D27: Tema | F27: Sub Tema
A28: 1 | B28: =IFERROR(__xludf.DUMMYFUNCTION("FILTER('Diseño'!D:D,'Diseño'!H:H=$C$5)"),"Monitoreo del Sistema") -> Monitoreo del Sistema | D28: =IFERROR(__xludf.DUMMYFUNCTION("FILTER('Diseño'!E:E,'Diseño'!H:H=$C$5)"),"Medición de Memoria y Procesos") -> Medición de Memoria y Procesos | F28: =IFERROR(__xludf.DUMMYFUNCTION("FILTER('Diseño'!F:F,'Diseño'!H:H=$C$5)"),"Estructuras del kernel para obtener el uso total/libre de memoria y el número de procesos activos.") -> Estructuras del kernel para obtener el uso total/libre de memoria y el número de procesos activos.
A29: 2 | B29: =IFERROR(__xludf.DUMMYFUNCTION("""COMPUTED_VALUE"""),"Monitoreo del Sistema") -> Monitoreo del Sistema | D29: =IFERROR(__xludf.DUMMYFUNCTION("""COMPUTED_VALUE"""),"Procesos en ejecucion") -> Procesos en ejecucion | F29: =IFERROR(__xludf.DUMMYFUNCTION("""COMPUTED_VALUE"""),"Listado de procesos: Aprender a iterar la lista de tareas del kernel (usando for_each_process)") -> Listado de procesos: Aprender a iterar la lista de tareas del kernel (usando for_each_process)
A30: 3
A31: 4
A32: 5
A33: 6
A34: 7
A36: 2.2 Recursos Educativos
A38: Tipo de Recurso a utilizar | B38: Tipo | C38: Rango Aproximando | D38: Tiempo Aproximado
A39: Presentacion | B39: Obligatorio | D39: 25
A40: Video | B40: Obligatorio | C40: 3 a 6 minutos | D40: 5
A41: Lectura | B41: Optativo | D41: 0
A42: Ejercicio Demostrativo | B42: Obligatorio | D42: 25
A44: 3. Área de Habilidades (Saber Hacer) | G44: Tiempo Aproximado | H44: =B50+B61 -> 30
G45: Tiene que estar en un rango de 30 a 50 minutos
A46: Actividad 1 (Obligatoria)
A47: Competencia que predomina en la actividad | B47: El estudiante comprende la estructura fundamental de un sistema operativo mediante el analisis del codigo fuente del kernel Linux para comprender como este gestion y administra los programas de usuario
A48: Tipo de Actividad | B48: =S.2!B48 -> Cuestionario
A49: Ponderación | B49: 0
A50: Tiempo Aproximado | B50: =S.2!B50 -> 5
A51: Coloca el tiempo que usar en la actividad, un tiempo sugerido 30 minutos
A52: Descripcion de la Actividad
A53: =S.2!A53 -> Cuestionario de 10 preguntas sobre los temas impartidos durante la clase de laboratorio
A57: Actividad 2 (Optativa puedes hacerla si lo consideras apropiado)
A58: Competencia que predomina en la actividad | B58: El estudiante comprende la estructura fundamental de un sistema operativo mediante el analisis del codigo fuente del kernel Linux para comprender como este gestion y administra los programas de usuario
A59: Tipo de Actividad | B59: =S.2!B59 -> otros
A60: Ponderación
A61: Tiempo Aproximado | B61: =S.2!B61 -> 25
A62: Coloca el tiempo que usar en la actividad, un tiempo sugerido 20 minutos
A63: Descripcion de la Actividad
A64: =S.2!A64 -> Un ejemplo de aplicacion sobre el tema visto durante la semana, el mismo se explica paso a paso para reforzar los temas teoricos.
A68: 3. Cierre | G68: Tiempo Aproximado | H68: =B70 -> 10
G69: Tiene que estar en un rango de 10 a 15 minutos
A70: Tiempo Aproximado | B70: 10
A71: Asignacion de Actividades
A72: =S.2!A72 -> Resolver dudas sobre la clase, de practicas o de tareas
A74: Resuelve alguna duda, asigna las actividades que deben realizar, dudas de proyectos, etc

Sheet S.10
B2: Diseño de la Sesión de Laboratorio
B4: Curso | C4: ='Diseño'!C4 -> 285 - Sistemas Operativos 2
B5: Semana | C5: 10
B6: Tiempo | C6: =H10+H21+H44+H68 -> 100
B7: Ponderación | C7: =B49+B60 -> 0
B8: Validación de Tiempo | C8: =IF(H44<=0, "❌ ERROR: La Actividad 1 debe tener un tiempo mayor a 0.", IF(H21>60, "❌ ERROR: El 'Área de Conocimiento' no puede exceder los 60 min.", IF((H10+H21+H44)<100, "❌ ERROR: El tiempo total debe ser de al menos 100 min.", "✅ VALIDACIÓN CORRECTA"))) -> ❌ ERROR: El tiempo total debe ser de al menos 100 min.
A10: 1. Área Actitudinal (Saber Ser) | G10: Tiempo Aproximado | H10: =B13 -> 5
G11: Tiene que estar en un rango de 3 a 5 minutos
A12: Nombre del Valor | B12: Adaptabilidad
A13: Tiempo Aproximado | B13: =S.2!B13 -> 5
A14: Descripcion
A15: Ajustarse con flexibilidad a nuevas circunstancias, cambios o desafíos sin perder efectividad.
A17: Como se relaciona con los conocimientos de la sesion y se aplicaria
A18: Explorar diferentes enfoques es indispensable para aumentar nuestra biblioteca personal de conocimiento. Una solucion puede ser implementada de muchas formas, elegir la forma correcta es critico para el futuro del sistema y por eso debe analizarse con cuidado como adaptarse a nuevos entorno
A21: 2. Área Conocimiento (Saber) | G21: Tiempo Aproximado | H21: =D39+D40+D41+D42 -> 55
G22: No puede exceder los 60 minutos
A23: Competencia a desarrollar | B23: El estudiante analiza las estructuras de datos internas del kernel que gestionan procesos, memoria y tiempo mediante la lectura e interpretación de su código fuente para extraer métricas de rendimiento y estado del sistema, como la lista de procesos o el uso de CPU.
A24: Competencia a desarrollar | B24: El estudiante diseña aplicaciónes en espacio de usuario integrando las llamadas al sistema para generar funcionalidad y expandir las capacidades del sistema operativo que el usuario puede aprovechar
A26: 2.1 Contenido
A27: No. | B27: Unidad | D27: Tema | F27: Sub Tema
A28: 1 | B28: =IFERROR(__xludf.DUMMYFUNCTION("FILTER('Diseño'!D:D,'Diseño'!H:H=$C$5)"),"Monitoreo del Sistema") -> Monitoreo del Sistema | D28: =IFERROR(__xludf.DUMMYFUNCTION("FILTER('Diseño'!E:E,'Diseño'!H:H=$C$5)"),"Métricas Complejas de CPU") -> Métricas Complejas de CPU | F28: =IFERROR(__xludf.DUMMYFUNCTION("FILTER('Diseño'!F:F,'Diseño'!H:H=$C$5)"),"Cálculo del uso de CPU: Entender los ""jiffies"" y las estadísticas por CPU. Investigar las estructuras del kernel para obtener los tiempos de CPU (usuario, sistema, idle).") -> Cálculo del uso de CPU: Entender los "jiffies" y las estadísticas por CPU. Investigar las estructuras del kernel para obtener los tiempos de CPU (usuario, sistema, idle).
A29: 2 | B29: =IFERROR(__xludf.DUMMYFUNCTION("""COMPUTED_VALUE"""),"Alternativas de Comunicación") -> Alternativas de Comunicación | D29: =IFERROR(__xludf.DUMMYFUNCTION("""COMPUTED_VALUE"""),"El Sistema de Archivos /proc") -> El Sistema de Archivos /proc | F29: =IFERROR(__xludf.DUMMYFUNCTION("""COMPUTED_VALUE"""),"Fundamentos del sistema de archivos /proc. Comparativa entre syscalls y la exportación de datos a través de archivos virtuales.") -> Fundamentos del sistema de archivos /proc. Comparativa entre syscalls y la exportación de datos a través de archivos virtuales.
A30: 3
A31: 4
A32: 5
A33: 6
A34: 7
A36: 2.2 Recursos Educativos
A38: Tipo de Recurso a utilizar | B38: Tipo | C38: Rango Aproximando | D38: Tiempo Aproximado
A39: Presentacion | B39: Obligatorio | D39: 25
A40: Video | B40: Obligatorio | C40: 3 a 6 minutos | D40: 5
A41: Lectura | B41: Optativo | D41: 0
A42: Ejercicio Demostrativo | B42: Obligatorio | D42: 25
A44: 3. Área de Habilidades (Saber Hacer) | G44: Tiempo Aproximado | H44: =B50+B61 -> 30
G45: Tiene que estar en un rango de 30 a 50 minutos
A46: Actividad 1 (Obligatoria)
A47: Competencia que predomina en la actividad | B47: El estudiante evalua las capacidades y características de distintos sistemas operativos identificando sus fortalezas y limitaciones con el fin de seleccionarlos y aplicarlos de manera estratégica en sus proyectos y tareas profesionales
A48: Tipo de Actividad | B48: =S.2!B48 -> Cuestionario
A49: Ponderación | B49: 0
A50: Tiempo Aproximado | B50: =S.2!B50 -> 5
A51: Coloca el tiempo que usar en la actividad, un tiempo sugerido 30 minutos
A52: Descripcion de la Actividad
A53: =S.2!A53 -> Cuestionario de 10 preguntas sobre los temas impartidos durante la clase de laboratorio
A57: Actividad 2 (Optativa puedes hacerla si lo consideras apropiado)
A58: Competencia que predomina en la actividad | B58: El estudiante evalua las capacidades y características de distintos sistemas operativos identificando sus fortalezas y limitaciones con el fin de seleccionarlos y aplicarlos de manera estratégica en sus proyectos y tareas profesionales
A59: Tipo de Actividad | B59: =S.2!B59 -> otros
A60: Ponderación
A61: Tiempo Aproximado | B61: =S.2!B61 -> 25
A62: Coloca el tiempo que usar en la actividad, un tiempo sugerido 20 minutos
A63: Descripcion de la Actividad
A64: =S.2!A64 -> Un ejemplo de aplicacion sobre el tema visto durante la semana, el mismo se explica paso a paso para reforzar los temas teoricos.
A68: 3. Cierre | G68: Tiempo Aproximado | H68: =B70 -> 10
G69: Tiene que estar en un rango de 10 a 15 minutos
A70: Tiempo Aproximado | B70: 10
A71: Asignacion de Actividades
A72: =S.2!A72 -> Resolver dudas sobre la clase, de practicas o de tareas
A74: Resuelve alguna duda, asigna las actividades que deben realizar, dudas de proyectos, etc

Sheet S.11
B2: Diseño de la Sesión de Laboratorio
B4: Curso | C4: ='Diseño'!C4 -> 285 - Sistemas Operativos 2
B5: Semana | C5: 11
B6: Tiempo | C6: =H10+H21+H44+H68 -> 100
B7: Ponderación | C7: =B49+B60 -> 0
B8: Validación de Tiempo | C8: =IF(H44<=0, "❌ ERROR: La Actividad 1 debe tener un tiempo mayor a 0.", IF(H21>60, "❌ ERROR: El 'Área de Conocimiento' no puede exceder los 60 min.", IF((H10+H21+H44)<100, "❌ ERROR: El tiempo total debe ser de al menos 100 min.", "✅ VALIDACIÓN CORRECTA"))) -> ❌ ERROR: El tiempo total debe ser de al menos 100 min.
A10: 1. Área Actitudinal (Saber Ser) | G10: Tiempo Aproximado | H10: =B13 -> 5
G11: Tiene que estar en un rango de 3 a 5 minutos
A12: Nombre del Valor | B12: Trabajo en Equipo
A13: Tiempo Aproximado | B13: =S.2!B13 -> 5
A14: Descripcion
A15: Colaborar y coordinarse con otros para alcanzar objetivos comunes, aportando habilidades individuales en beneficio del grupo.
A17: Como se relaciona con los conocimientos de la sesion y se aplicaria
A18: Cuando se trata de sistemas distribuidos, hablamos de que se logra mas teniendo muchos equipos trabajando juntos, esto aplica para todo, no solo la programacion, es importante saber adaptarse a un equipo y colaborar para lograr metas comunes, y a veces, individuales.
A21: 2. Área Conocimiento (Saber) | G21: Tiempo Aproximado | H21: =D39+D40+D41+D42 -> 55
G22: No puede exceder los 60 minutos
A23: Competencia a desarrollar | B23: El estudiante diseña aplicaciónes en espacio de usuario integrando las llamadas al sistema para generar funcionalidad y expandir las capacidades del sistema operativo que el usuario puede aprovechar
A24: Competencia a desarrollar | B24: El estudiante diseña aplicaciónes en espacio de usuario integrando las llamadas al sistema para generar funcionalidad y expandir las capacidades del sistema operativo que el usuario puede aprovechar
A26: 2.1 Contenido
A27: No. | B27: Unidad | D27: Tema | F27: Sub Tema
A28: 1 | B28: =IFERROR(__xludf.DUMMYFUNCTION("FILTER('Diseño'!D:D,'Diseño'!H:H=$C$5)"),"Alternativas de Comunicación") -> Alternativas de Comunicación | D28: =IFERROR(__xludf.DUMMYFUNCTION("FILTER('Diseño'!E:E,'Diseño'!H:H=$C$5)"),"Exposicion de datos vía /proc") -> Exposicion de datos vía /proc | F28: =IFERROR(__xludf.DUMMYFUNCTION("FILTER('Diseño'!F:F,'Diseño'!H:H=$C$5)"),"Análisis de /proc/meminfo y /proc/stat y cómo exponer estas métricas en el kernel") -> Análisis de /proc/meminfo y /proc/stat y cómo exponer estas métricas en el kernel
A29: 2
A30: 3
A31: 4
A32: 5
A33: 6
A34: 7
A36: 2.2 Recursos Educativos
A38: Tipo de Recurso a utilizar | B38: Tipo | C38: Rango Aproximando | D38: Tiempo Aproximado
A39: Presentacion | B39: Obligatorio | D39: 25
A40: Video | B40: Obligatorio | C40: 3 a 6 minutos | D40: 5
A41: Lectura | B41: Optativo | D41: 0
A42: Ejercicio Demostrativo | B42: Obligatorio | D42: 25
A44: 3. Área de Habilidades (Saber Hacer) | G44: Tiempo Aproximado | H44: =B50+B61 -> 30
G45: Tiene que estar en un rango de 30 a 50 minutos
A46: Actividad 1 (Obligatoria)
A47: Competencia que predomina en la actividad | B47: El estudiante evalua las capacidades y características de distintos sistemas operativos identificando sus fortalezas y limitaciones con el fin de seleccionarlos y aplicarlos de manera estratégica en sus proyectos y tareas profesionales
A48: Tipo de Actividad | B48: =S.2!B48 -> Cuestionario
A49: Ponderación | B49: 0
A50: Tiempo Aproximado | B50: =S.2!B50 -> 5
A51: Coloca el tiempo que usar en la actividad, un tiempo sugerido 30 minutos
A52: Descripcion de la Actividad
A53: =S.2!A53 -> Cuestionario de 10 preguntas sobre los temas impartidos durante la clase de laboratorio
A57: Actividad 2 (Optativa puedes hacerla si lo consideras apropiado)
A58: Competencia que predomina en la actividad | B58: El estudiante evalua las capacidades y características de distintos sistemas operativos identificando sus fortalezas y limitaciones con el fin de seleccionarlos y aplicarlos de manera estratégica en sus proyectos y tareas profesionales
A59: Tipo de Actividad | B59: =S.2!B59 -> otros
A60: Ponderación
A61: Tiempo Aproximado | B61: =S.2!B61 -> 25
A62: Coloca el tiempo que usar en la actividad, un tiempo sugerido 20 minutos
A63: Descripcion de la Actividad
A64: =S.2!A64 -> Un ejemplo de aplicacion sobre el tema visto durante la semana, el mismo se explica paso a paso para reforzar los temas teoricos.
A68: 3. Cierre | G68: Tiempo Aproximado | H68: =B70 -> 10
G69: Tiene que estar en un rango de 10 a 15 minutos
A70: Tiempo Aproximado | B70: 10
A71: Asignacion de Actividades
A72: =S.2!A72 -> Resolver dudas sobre la clase, de practicas o de tareas
A74: Resuelve alguna duda, asigna las actividades que deben realizar, dudas de proyectos, etc

Sheet Proyectos
B2: Proyectos
B4: Curso | C4: ='Diseño'!C4 -> 285 - Sistemas Operativos 2
B5: Tiempo | C5: =H9+H26+H43 -> 40
B6: Ponderación | C6: =F9+F26+F43 -> 80
B7: La sumatoria de los puntos de los proyectos debe superar el 70% del total de la nota, no puede ser un 100%
A9: 1. Primer Proyecto | E9: Ponderación | F9: 80 | G9: Horas para realizarlo | H9: 40
A10: Obligatorio
A11: Competencia a desarrollar | B11: El estudiante comprende la estructura fundamental de un sistema operativo mediante el analisis del codigo fuente del kernel Linux para comprender como este gestion y administra los programas de usuario
A12: Competencia a desarrollar | B12: El estudiante desarrolla nuevos programas usando sus conocimientos en hilos y sincronizacion que hacen uso eficiente y optimo de los recursos del sistema
A13: Competencia a desarrollar | B13: El estudiante crea nuevas llamadas al sistema para el kernel linux usando lenguaje C y sus librerias estandar para ampliar las capacidades del kernel para coprender como el kernel puede limitar o dificultar la creacion de un programa de usuario
A14: Titulo | B14: Sistema de Notificaciones y Acciones Automatizadas del Kernel
A15: Qué tecnologías, lenguajes de programación, plataformas, hardware o software se utilizaran
A16: Linux Mint (VM) Kernel Linux (modificado) Lenguaje C Módulos de kernel Syscalls personalizadas Hilos y sincronización en programas de usuario
A19: Descripción de lo que se realizara
A20: El estudiante desarrollará un sistema que detecta eventos del sistema y ejecuta acciones automatizadas, integrando todas las prácticas previas. Componentes del proyecto: Módulo de kernel: Detecta eventos específicos del sistema, como creación o terminación de procesos, cambios en archivos específicos, o consumo excesivo de recursos por un proceso. Envía notificaciones al espacio de usuario usando mecanismos internos del kernel. Modificación del kernel: Agregar soporte para nuevas funciones que permitan la captura de eventos y su registro interno. Crear estructuras de datos en kernel para almacenar temporalmente los eventos y su metadata. Syscalls personalizadas: Una syscall para que programas de usuario puedan consultar eventos recientes. Otra syscall que permita enviar comandos al kernel para registrar nuevas acciones automatizadas (ej. ejecutar scripts, cerrar procesos, enviar señales). Programas de usuario: Un programa principal que reciba eventos mediante las syscalls y ejecute acciones predefinidas de manera concurrente usando hilos. Interfaz básica de configuración para seleccionar qué eventos se deben monitorear y qué acciones tomar. Integración y sincronización: Uso de mutexes y semáforos para manejar la comunicación entre el módulo de kernel y los programas de usuario de forma segura. Manejo de buffers compartidos y protección de datos para evitar condiciones de carrera. Pruebas y validación: Probar la captura de distintos tipos de eventos del sistema. Validar la ejecución correcta de acciones automatizadas. Verificar la estabilidad del kernel modificado bajo carga.
A26: 2. Segundo Proyecto | E26: Ponderación | G26: Horas para realizarlo
A27: Obligatorio
A28: Competencia a desarrollar
A29: Competencia a desarrollar
A30: Competencia a desarrollar
A31: Titulo
A32: Qué tecnologías, lenguajes de programación, plataformas, hardware o software se utilizaran
A36: Descripción de lo que se realizara
A43: 3. Tercer Proyecto | E43: Ponderación | G43: Horas para realizarlo
A44: Optativa
A45: Competencia a desarrollar
A46: Competencia a desarrollar
A47: Competencia a desarrollar
A48: Titulo
A49: Qué tecnologías, lenguajes de programación, plataformas, hardware o software se utilizaran
A53: Descripción de lo que se realizara

Sheet Practicas
B2: Practicas
B4: Curso | C4: ='Diseño'!C4 -> 285 - Sistemas Operativos 2
B5: Tiempo | C5: =H9+H26+H43+H60+H77+H94+H111 -> 34
B6: Ponderación | C6: =F9+F26+F43+F60+F77+F94+F111 -> 20
B7: La sumatoria de los puntos de los practicas debe no debe super el 20%
A9: 1. Primera Practica | E9: Ponderación | F9: 2 | G9: Horas para realizarlo | H9: 2
A10: Obligatoria
A11: Competencia a desarrollar | B11: El estudiante explica la historia de GNU/Linux usando puntos clave en el desarrollo del mismo para entender su origen y popularidad como sistema operativo libre
A12: Competencia a desarrollar | B12: El estudiante evalua las capacidades y características de distintos sistemas operativos identificando sus fortalezas y limitaciones con el fin de seleccionarlos y aplicarlos de manera estratégica en sus proyectos y tareas profesionales
A13: Competencia a desarrollar | B13: El estudiante comprende la estructura fundamental de un sistema operativo mediante el analisis del codigo fuente del kernel Linux para comprender como este gestion y administra los programas de usuario
A14: Titulo | B14: Instalación del virtualizador y Linux Mint
A15: Qué tecnologías, lenguajes de programación, plataformas, hardware o software se utilizaran
A16: VirtualBox o VMware, PC con capacidad de virtualización, Linux Mint ISO, gestor de particiones.
A19: Descripción de lo que se realizara
A20: El estudiante instalará y configurará un entorno de virtualización, creando una máquina virtual e instalando Linux Mint. Configurará CPU, RAM, disco, usuarios, permisos y red. Verificará que el sistema operativo funcione correctamente y que esté listo para desarrollo de sistemas.
A26: 2. Segunda Practica | E26: Ponderación | F26: 2 | G26: Horas para realizarlo | H26: 2
A27: Optativa
A28: Competencia a desarrollar | B28: El estudiante comprende la estructura fundamental de un sistema operativo mediante el analisis del codigo fuente del kernel Linux para comprender como este gestion y administra los programas de usuario
A29: Competencia a desarrollar | B29: El estudiante evalua las capacidades y características de distintos sistemas operativos identificando sus fortalezas y limitaciones con el fin de seleccionarlos y aplicarlos de manera estratégica en sus proyectos y tareas profesionales
A30: Competencia a desarrollar | B30: El estudiante explica la historia de GNU/Linux usando puntos clave en el desarrollo del mismo para entender su origen y popularidad como sistema operativo libre
A31: Titulo | B31: Exploración del kernel y laboratorio de módulos básicos
A32: Qué tecnologías, lenguajes de programación, plataformas, hardware o software se utilizaran
A33: Linux Mint, kernel Linux, lenguaje C, herramientas de compilación y depuración.
A36: Descripción de lo que se realizara
A37: El estudiante explorará la estructura del kernel Linux y desarrollará un módulo básico que se cargue y descargue. Se observará la interacción del módulo con dmesg y se analizará cómo el kernel registra eventos y maneja módulos externos.
A43: 3. Tercera Practica | E43: Ponderación | F43: 3 | G43: Horas para realizarlo | H43: 5
A44: Optativa
A45: Competencia a desarrollar | B45: El estudiante comprende la estructura fundamental de un sistema operativo mediante el analisis del codigo fuente del kernel Linux para comprender como este gestion y administra los programas de usuario
A46: Competencia a desarrollar | B46: El estudiante comprende la estructura fundamental de un sistema operativo mediante el analisis del codigo fuente del kernel Linux para comprender como este gestion y administra los programas de usuario
A47: Competencia a desarrollar | B47: El estudiante comprende la estructura fundamental de un sistema operativo mediante el analisis del codigo fuente del kernel Linux para comprender como este gestion y administra los programas de usuario
A48: Titulo | B48: Instalación y verificación de herramientas de compilación
A49: Qué tecnologías, lenguajes de programación, plataformas, hardware o software se utilizaran
A50: GCC, make, GDB, librerías de desarrollo de C, Linux Mint.
A53: Descripción de lo que se realizara
A54: El estudiante instalará y configurará herramientas de compilación y depuración. Se probará la compilación del kernel linux sin realizar mayores modificaciones.
A60: 4. Cuarta Practica | E60: Ponderación | F60: 3 | G60: Horas para realizarlo | H60: 5
A61: Optativa
A62: Competencia a desarrollar | B62: El estudiante comprende la estructura fundamental de un sistema operativo mediante el analisis del codigo fuente del kernel Linux para comprender como este gestion y administra los programas de usuario
A63: Competencia a desarrollar | B63: El estudiante comprende la estructura fundamental de un sistema operativo mediante el analisis del codigo fuente del kernel Linux para comprender como este gestion y administra los programas de usuario
A64: Competencia a desarrollar | B64: El estudiante comprende la estructura fundamental de un sistema operativo mediante el analisis del codigo fuente del kernel Linux para comprender como este gestion y administra los programas de usuario
A65: Titulo | B65: Modificación de funciones del kernel
A66: Qué tecnologías, lenguajes de programación, plataformas, hardware o software se utilizaran
A67: Linux Mint, kernel Linux, lenguaje C, herramientas de compilación y depuración.
A70: Descripción de lo que se realizara
A71: El estudiante modificará funciones existentes del kernel, compilando y cargando el kernel modificado en la VM. Se evaluará cómo los cambios afectan el comportamiento del sistema, incluyendo manejo de memoria y planificación de procesos.
A77: 5. Quinta Practica | E77: Ponderación | F77: 5 | G77: Horas para realizarlo | H77: 10
A78: Optativa
A79: Competencia a desarrollar | B79: El estudiante crea nuevas llamadas al sistema para el kernel linux usando lenguaje C y sus librerias estandar para ampliar las capacidades del kernel para coprender como el kernel puede limitar o dificultar la creacion de un programa de usuario
A80: Competencia a desarrollar | B80: El estudiante comprende la estructura fundamental de un sistema operativo mediante el analisis del codigo fuente del kernel Linux para comprender como este gestion y administra los programas de usuario
A81: Competencia a desarrollar | B81: El estudiante explica la historia de GNU/Linux usando puntos clave en el desarrollo del mismo para entender su origen y popularidad como sistema operativo libre
A82: Titulo | B82: Creación de una nueva llamada al sistema
A83: Qué tecnologías, lenguajes de programación, plataformas, hardware o software se utilizaran
A84: Linux Mint, kernel Linux, lenguaje C, editor de texto, terminal.
A87: Descripción de lo que se realizara
A88: El estudiante diseñará e implementará una syscall personalizada en el kernel. Se probará su funcionamiento desde un programa de usuario y se analizará cómo el kernel controla la interacción con aplicaciones externas.
A94: 6. Sexta Practica | E94: Ponderación | F94: 5 | G94: Horas para realizarlo | H94: 10
A95: Optativa
A96: Competencia a desarrollar | B96: El estudiante desarrolla nuevos programas usando sus conocimientos en hilos y sincronizacion que hacen uso eficiente y optimo de los recursos del sistema
A97: Competencia a desarrollar | B97: El estudiante explica las diferencias entre ejecución concurrente, ejecución paralela y paralelismo en el contexto de los sistemas operativos y aplica este conocimiento para seleccionar y emplear adecuadamente herramientas de gestión de memoria y procesos en sus desarrollos.
A98: Competencia a desarrollar | B98: El estudiante comprende la estructura fundamental de un sistema operativo mediante el analisis del codigo fuente del kernel Linux para comprender como este gestion y administra los programas de usuario
A99: Titulo | B99: Programas de usuario usando la syscall
A100: Qué tecnologías, lenguajes de programación, plataformas, hardware o software se utilizaran
A101: Linux Mint, kernel Linux con syscall implementada, lenguaje C, terminal.
A104: Descripción de lo que se realizara
A105: El estudiante desarrollará programas de usuario que invocan la syscall creada, manejando errores y utilizando adecuadamente los recursos del sistema para lograr tareas concretas.
A111: 7. Septima Practica | E111: Ponderación | G111: Horas para realizarlo
A112: Optativa
A113: Competencia a desarrollar
A114: Competencia a desarrollar
A115: Competencia a desarrollar
A116: Titulo
A117: Qué tecnologías, lenguajes de programación, plataformas, hardware o software se utilizaran
A121: Descripción de lo que se realizara

Sheet Tareas
B2: Tareas
B4: Curso | C4: ='Diseño'!C4 -> 285 - Sistemas Operativos 2
B5: Tiempo | C5: =H9+H26+H43+H60+H77+H94+H111 -> 0
B6: Ponderación | C6: =F9+F26+F43+F60+F77+F94+F111 -> 0
B7: La sumatoria de los puntos de los practicas debe no debe super el 20% de la nota
A9: 1. Primera Tarea | E9: Ponderación | G9: Horas para realizarlo
A10: Obligatoria
A11: Competencia a desarrollar
A12: Competencia a desarrollar
A13: Competencia a desarrollar
A14: Titulo
A15: Qué tecnologías, lenguajes de programación, plataformas, hardware o software se utilizaran
A19: Descripción de lo que se realizara
A26: 2. Segunda Tarea | E26: Ponderación | G26: Horas para realizarlo
A27: Obligatoria
A28: Competencia a desarrollar
A29: Competencia a desarrollar
A30: Competencia a desarrollar
A31: Titulo
A32: Qué tecnologías, lenguajes de programación, plataformas, hardware o software se utilizaran
A36: Descripción de lo que se realizara
A43: 3. Tercera Tarea | E43: Ponderación | G43: Horas para realizarlo
A44: Optativa
A45: Competencia a desarrollar
A46: Competencia a desarrollar
A47: Competencia a desarrollar
A48: Titulo
A49: Qué tecnologías, lenguajes de programación, plataformas, hardware o software se utilizaran
A53: Descripción de lo que se realizara
A60: 4. Cuarta Tarea | E60: Ponderación | G60: Horas para realizarlo
A61: Optativa
A62: Competencia a desarrollar
A63: Competencia a desarrollar
A64: Competencia a desarrollar
A65: Titulo
A66: Qué tecnologías, lenguajes de programación, plataformas, hardware o software se utilizaran
A70: Descripción de lo que se realizara
A77: 5. Quinta Tarea | E77: Ponderación | G77: Horas para realizarlo
A78: Optativa
A79: Competencia a desarrollar
A80: Competencia a desarrollar
A81: Competencia a desarrollar
A82: Titulo
A83: Qué tecnologías, lenguajes de programación, plataformas, hardware o software se utilizaran
A87: Descripción de lo que se realizara
A94: 6. Sexta Tarea | E94: Ponderación | G94: Horas para realizarlo
A95: Optativa
A96: Competencia a desarrollar
A97: Competencia a desarrollar
A98: Competencia a desarrollar
A99: Titulo
A100: Qué tecnologías, lenguajes de programación, plataformas, hardware o software se utilizaran
A104: Descripción de lo que se realizara
A111: 7. Septima Tarea | E111: Ponderación | G111: Horas para realizarlo
A112: Optativa
A113: Competencia a desarrollar
A114: Competencia a desarrollar
A115: Competencia a desarrollar
A116: Titulo
A117: Qué tecnologías, lenguajes de programación, plataformas, hardware o software se utilizaran
A121: Descripción de lo que se realizara

Sheet Resumen
B2: Resumen de Ponderacion y Horas para realizar las actividades
B4: Curso | C4: ='Diseño'!C4 -> 285 - Sistemas Operativos 2
B5: Periodo al que aplica | C5: Primer Semestre 2026
B6: Total de Puntos del Laboratorio
A9: Actividades Formativas | D9: Proyectos
A10: Debe abarcar entre el 20% y 30% de la Nota | D10: Debe abarcar entre el 60% y 70% de la Nota
A12: Tipo de Actividad | B12: Ponderacion | C12: Horas Aproximadas para realizarlo | D12: Observaciones
A13: Actividades durante el peridodo de laboratorio | E13: Sumatoria de todas las semas
A14: Proyectos | B14: =Proyectos!C6 -> 80 | C14: =Proyectos!C5 -> 40
A15: Practicas | B15: =Practicas!C6 -> 20 | C15: =Practicas!C5 -> 34
A16: Tareas | B16: =Tareas!C6 -> 0 | C16: =Tareas!C5 -> 0
A17: Total | B17: =SUM(B13:B16) -> 100 | C17: =SUM(C13:C16) -> 74

Sheet METADATA
A1: =IFERROR(__xludf.DUMMYFUNCTION("IMPORTRANGE(""1j2lHEvOoZ_EPY086Qt7f7AFaZGVfiYKJxXlsnNfWCA0"",""Listado Cursos!H:L"")"),"Codigo-Nombre") -> Codigo-Nombre | B1: =IFERROR(__xludf.DUMMYFUNCTION("""COMPUTED_VALUE"""),"Diseño Curricular V01") -> Diseño Curricular V01 | C1: =IFERROR(__xludf.DUMMYFUNCTION("""COMPUTED_VALUE"""),"Analisis de Contexto V01") -> Analisis de Contexto V01 | D1: =IFERROR(__xludf.DUMMYFUNCTION("""COMPUTED_VALUE"""),"2_Analisis_Internacional_y_Local") -> 2_Analisis_Internacional_y_Local | E1: =IFERROR(__xludf.DUMMYFUNCTION("""COMPUTED_VALUE"""),"3_Diseño_Curricular") -> 3_Diseño_Curricular | H1: =IFERROR(__xludf.DUMMYFUNCTION("IMPORTRANGE(VLOOKUP('Diseño'!C4,A:E,4,FALSE), ""Competencias_1re_Sem_2026!B10:J23"")"),1.0) -> 1 | I1: =IFERROR(__xludf.DUMMYFUNCTION("""COMPUTED_VALUE"""),"Especifica") -> Especifica | J1: =IFERROR(__xludf.DUMMYFUNCTION("""COMPUTED_VALUE"""),"El estudiante describe") -> El estudiante describe | K1: =IFERROR(__xludf.DUMMYFUNCTION("""COMPUTED_VALUE"""),"la arquitectura y los componentes fundamentales de un S.O.") -> la arquitectura y los componentes fundamentales de un S.O. | M1: =IFERROR(__xludf.DUMMYFUNCTION("""COMPUTED_VALUE"""),"analizando la separación entre el espacio de usuario y el espacio de kernel") -> analizando la separación entre el espacio de usuario y el espacio de kernel | N1: =IFERROR(__xludf.DUMMYFUNCTION("""COMPUTED_VALUE"""),"para establecer las bases conceptuales necesarias para la modificación del sistema.") -> para establecer las bases conceptuales necesarias para la modificación del sistema. | P1: =IFERROR(__xludf.DUMMYFUNCTION("""COMPUTED_VALUE"""),"Recordar") -> Recordar
A2: =IFERROR(__xludf.DUMMYFUNCTION("""COMPUTED_VALUE"""),"17 - Área Social Humanística 1") -> 17 - Área Social Humanística 1 | I2: =IFERROR(__xludf.DUMMYFUNCTION("""COMPUTED_VALUE"""),"El estudiante describe la arquitectura y los componentes fundamentales de un S.O. analizando la separación entre el espacio de usuario y el espacio de kernel para establecer las bases conceptuales necesarias para la modificación del sistema. ") -> El estudiante describe la arquitectura y los componentes fundamentales de un S.O. analizando la separación entre el espacio de usuario y el espacio de kernel para establecer las bases conceptuales necesarias para la modificación del sistema.
A3: =IFERROR(__xludf.DUMMYFUNCTION("""COMPUTED_VALUE"""),"101 - Área Matemática Básica 1") -> 101 - Área Matemática Básica 1 | H3: =IFERROR(__xludf.DUMMYFUNCTION("""COMPUTED_VALUE"""),2.0) -> 2 | I3: =IFERROR(__xludf.DUMMYFUNCTION("""COMPUTED_VALUE"""),"Especifica") -> Especifica | J3: =IFERROR(__xludf.DUMMYFUNCTION("""COMPUTED_VALUE"""),"El estudiante interpreta") -> El estudiante interpreta | K3: =IFERROR(__xludf.DUMMYFUNCTION("""COMPUTED_VALUE"""),"el flujo de ejecución y las interacciones clave dentro de un kernel") -> el flujo de ejecución y las interacciones clave dentro de un kernel | M3: =IFERROR(__xludf.DUMMYFUNCTION("""COMPUTED_VALUE"""),"mediante la compilación, ejecución y depuración del código fuente del kernel") -> mediante la compilación, ejecución y depuración del código fuente del kernel | N3: =IFERROR(__xludf.DUMMYFUNCTION("""COMPUTED_VALUE"""),"para comprender cómo el sistema operativo gestiona el hardware y los procesos desde el arranque.") -> para comprender cómo el sistema operativo gestiona el hardware y los procesos desde el arranque. | P3: =IFERROR(__xludf.DUMMYFUNCTION("""COMPUTED_VALUE"""),"Comprender") -> Comprender
A4: =IFERROR(__xludf.DUMMYFUNCTION("""COMPUTED_VALUE"""),"5 - Técnicas de Estudio e Investigación") -> 5 - Técnicas de Estudio e Investigación | I4: =IFERROR(__xludf.DUMMYFUNCTION("""COMPUTED_VALUE"""),"El estudiante interpreta el flujo de ejecución y las interacciones clave dentro de un kernel mediante la compilación, ejecución y depuración del código fuente del kernel para comprender cómo el sistema operativo gestiona el hardware y los procesos desde e"&"l arranque. ") -> El estudiante interpreta el flujo de ejecución y las interacciones clave dentro de un kernel mediante la compilación, ejecución y depuración del código fuente del kernel para comprender cómo el sistema operativo gestiona el hardware y los procesos desde el arranque.
A5: =IFERROR(__xludf.DUMMYFUNCTION("""COMPUTED_VALUE"""),"39 - Deportes 1") -> 39 - Deportes 1 | H5: =IFERROR(__xludf.DUMMYFUNCTION("""COMPUTED_VALUE"""),3.0) -> 3 | I5: =IFERROR(__xludf.DUMMYFUNCTION("""COMPUTED_VALUE"""),"Especifica") -> Especifica | J5: =IFERROR(__xludf.DUMMYFUNCTION("""COMPUTED_VALUE"""),"El estudiante aplica") -> El estudiante aplica | K5: =IFERROR(__xludf.DUMMYFUNCTION("""COMPUTED_VALUE"""),"sincronización dentro del código del kernel") -> sincronización dentro del código del kernel | M5: =IFERROR(__xludf.DUMMYFUNCTION("""COMPUTED_VALUE"""),"para proteger el acceso a estructuras de datos compartidas") -> para proteger el acceso a estructuras de datos compartidas | N5: =IFERROR(__xludf.DUMMYFUNCTION("""COMPUTED_VALUE"""),"garantizando la integridad de la información al ser leída por múltiples procesos de forma concurrente.") -> garantizando la integridad de la información al ser leída por múltiples procesos de forma concurrente. | P5: =IFERROR(__xludf.DUMMYFUNCTION("""COMPUTED_VALUE"""),"Aplicar") -> Aplicar
A6: =IFERROR(__xludf.DUMMYFUNCTION("""COMPUTED_VALUE"""),"6 - Idioma Tecnico 1") -> 6 - Idioma Tecnico 1 | I6: =IFERROR(__xludf.DUMMYFUNCTION("""COMPUTED_VALUE"""),"El estudiante aplica sincronización dentro del código del kernel para proteger el acceso a estructuras de datos compartidas garantizando la integridad de la información al ser leída por múltiples procesos de forma concurrente. ") -> El estudiante aplica sincronización dentro del código del kernel para proteger el acceso a estructuras de datos compartidas garantizando la integridad de la información al ser leída por múltiples procesos de forma concurrente.
A7: =IFERROR(__xludf.DUMMYFUNCTION("""COMPUTED_VALUE"""),"19 - Área Social Humanística 2") -> 19 - Área Social Humanística 2 | H7: =IFERROR(__xludf.DUMMYFUNCTION("""COMPUTED_VALUE"""),4.0) -> 4 | I7: =IFERROR(__xludf.DUMMYFUNCTION("""COMPUTED_VALUE"""),"Especifica") -> Especifica | J7: =IFERROR(__xludf.DUMMYFUNCTION("""COMPUTED_VALUE"""),"El estudiante modifica") -> El estudiante modifica | K7: =IFERROR(__xludf.DUMMYFUNCTION("""COMPUTED_VALUE"""),"el código fuente del kernel en lenguaje C") -> el código fuente del kernel en lenguaje C | M7: =IFERROR(__xludf.DUMMYFUNCTION("""COMPUTED_VALUE"""),"para implementar nuevas llamadas al sistema (syscalls)") -> para implementar nuevas llamadas al sistema (syscalls) | N7: =IFERROR(__xludf.DUMMYFUNCTION("""COMPUTED_VALUE"""),"que exponen funcionalidades y transfieren datos de forma segura entre el espacio de kernel y el de usuario.") -> que exponen funcionalidades y transfieren datos de forma segura entre el espacio de kernel y el de usuario. | P7: =IFERROR(__xludf.DUMMYFUNCTION("""COMPUTED_VALUE"""),"Crear") -> Crear
A8: =IFERROR(__xludf.DUMMYFUNCTION("""COMPUTED_VALUE"""),"103 - Área Matemática Básica 2") -> 103 - Área Matemática Básica 2 | I8: =IFERROR(__xludf.DUMMYFUNCTION("""COMPUTED_VALUE"""),"El estudiante modifica el código fuente del kernel en lenguaje C para implementar nuevas llamadas al sistema (syscalls) que exponen funcionalidades y transfieren datos de forma segura entre el espacio de kernel y el de usuario. ") -> El estudiante modifica el código fuente del kernel en lenguaje C para implementar nuevas llamadas al sistema (syscalls) que exponen funcionalidades y transfieren datos de forma segura entre el espacio de kernel y el de usuario.
A9: =IFERROR(__xludf.DUMMYFUNCTION("""COMPUTED_VALUE"""),"960 - Matemática Para Computación 1") -> 960 - Matemática Para Computación 1 | H9: =IFERROR(__xludf.DUMMYFUNCTION("""COMPUTED_VALUE"""),5.0) -> 5 | I9: =IFERROR(__xludf.DUMMYFUNCTION("""COMPUTED_VALUE"""),"Especifica") -> Especifica | J9: =IFERROR(__xludf.DUMMYFUNCTION("""COMPUTED_VALUE"""),"El estudiante analiza") -> El estudiante analiza | K9: =IFERROR(__xludf.DUMMYFUNCTION("""COMPUTED_VALUE"""),"las estructuras de datos internas del kernel que gestionan procesos, memoria y tiempo") -> las estructuras de datos internas del kernel que gestionan procesos, memoria y tiempo | M9: =IFERROR(__xludf.DUMMYFUNCTION("""COMPUTED_VALUE"""),"mediante la lectura e interpretación de su código fuente") -> mediante la lectura e interpretación de su código fuente | N9: =IFERROR(__xludf.DUMMYFUNCTION("""COMPUTED_VALUE"""),"para extraer métricas de rendimiento y estado del sistema, como la lista de procesos o el uso de CPU.") -> para extraer métricas de rendimiento y estado del sistema, como la lista de procesos o el uso de CPU. | P9: =IFERROR(__xludf.DUMMYFUNCTION("""COMPUTED_VALUE"""),"Comprender") -> Comprender
A10: =IFERROR(__xludf.DUMMYFUNCTION("""COMPUTED_VALUE"""),"147 - Física Básica") -> 147 - Física Básica | I10: =IFERROR(__xludf.DUMMYFUNCTION("""COMPUTED_VALUE"""),"El estudiante analiza las estructuras de datos internas del kernel que gestionan procesos, memoria y tiempo mediante la lectura e interpretación de su código fuente para extraer métricas de rendimiento y estado del sistema, como la lista de procesos o el "&"uso de CPU. ") -> El estudiante analiza las estructuras de datos internas del kernel que gestionan procesos, memoria y tiempo mediante la lectura e interpretación de su código fuente para extraer métricas de rendimiento y estado del sistema, como la lista de procesos o el uso de CPU.
A11: =IFERROR(__xludf.DUMMYFUNCTION("""COMPUTED_VALUE"""),"40 - Deportes 2") -> 40 - Deportes 2 | H11: =IFERROR(__xludf.DUMMYFUNCTION("""COMPUTED_VALUE"""),6.0) -> 6 | I11: =IFERROR(__xludf.DUMMYFUNCTION("""COMPUTED_VALUE"""),"Especifica") -> Especifica | J11: =IFERROR(__xludf.DUMMYFUNCTION("""COMPUTED_VALUE"""),"El estudiante evalúa") -> El estudiante evalúa | K11: =IFERROR(__xludf.DUMMYFUNCTION("""COMPUTED_VALUE"""),"las capacidades y características de distintos sistemas operativos") -> las capacidades y características de distintos sistemas operativos | M11: =IFERROR(__xludf.DUMMYFUNCTION("""COMPUTED_VALUE"""),"identificando sus fortalezas y limitaciones") -> identificando sus fortalezas y limitaciones | N11: =IFERROR(__xludf.DUMMYFUNCTION("""COMPUTED_VALUE"""),"con el fin de seleccionarlos y aplicarlos de manera estratégica en sus proyectos y tareas profesionales") -> con el fin de seleccionarlos y aplicarlos de manera estratégica en sus proyectos y tareas profesionales | P11: =IFERROR(__xludf.DUMMYFUNCTION("""COMPUTED_VALUE"""),"Evaluar") -> Evaluar
A12: =IFERROR(__xludf.DUMMYFUNCTION("""COMPUTED_VALUE"""),"8 - Idioma Técnico 2") -> 8 - Idioma Técnico 2 | I12: =IFERROR(__xludf.DUMMYFUNCTION("""COMPUTED_VALUE"""),"El estudiante evalúa las capacidades y características de distintos sistemas operativos identificando sus fortalezas y limitaciones con el fin de seleccionarlos y aplicarlos de manera estratégica en sus proyectos y tareas profesionales ") -> El estudiante evalúa las capacidades y características de distintos sistemas operativos identificando sus fortalezas y limitaciones con el fin de seleccionarlos y aplicarlos de manera estratégica en sus proyectos y tareas profesionales
A13: =IFERROR(__xludf.DUMMYFUNCTION("""COMPUTED_VALUE"""),"795 - Logica de Sitemas") -> 795 - Logica de Sitemas | B13: =IFERROR(__xludf.DUMMYFUNCTION("""COMPUTED_VALUE"""),"1tGblVNcAY7QU_u00ZUgf5GJjDZOK39vXt9FvZeMfPKg") -> 1tGblVNcAY7QU_u00ZUgf5GJjDZOK39vXt9FvZeMfPKg | C13: =IFERROR(__xludf.DUMMYFUNCTION("""COMPUTED_VALUE"""),"1olpUmnSmvTLYIIWFmjmPX_CYPTPOprpPEwh7xMvm2WM") -> 1olpUmnSmvTLYIIWFmjmPX_CYPTPOprpPEwh7xMvm2WM | D13: =IFERROR(__xludf.DUMMYFUNCTION("""COMPUTED_VALUE"""),"17agcDtIQgmVILM9RXVaUBYkv_J7pJleLEkxEkIyMJJM") -> 17agcDtIQgmVILM9RXVaUBYkv_J7pJleLEkxEkIyMJJM | E13: =IFERROR(__xludf.DUMMYFUNCTION("""COMPUTED_VALUE"""),"1w95w-5-FomsEx4h6E_6QIaFvwjWn3GpS") -> 1w95w-5-FomsEx4h6E_6QIaFvwjWn3GpS | H13: =IFERROR(__xludf.DUMMYFUNCTION("""COMPUTED_VALUE"""),7.0) -> 7 | I13: =IFERROR(__xludf.DUMMYFUNCTION("""COMPUTED_VALUE"""),"Especifica") -> Especifica | J13: =IFERROR(__xludf.DUMMYFUNCTION("""COMPUTED_VALUE"""),"El estudiante diseña") -> El estudiante diseña | K13: =IFERROR(__xludf.DUMMYFUNCTION("""COMPUTED_VALUE"""),"aplicaciónes en espacio de usuario") -> aplicaciónes en espacio de usuario | M13: =IFERROR(__xludf.DUMMYFUNCTION("""COMPUTED_VALUE"""),"integrando las llamadas al sistema") -> integrando las llamadas al sistema | N13: =IFERROR(__xludf.DUMMYFUNCTION("""COMPUTED_VALUE"""),"para generar funcionalidad y expandir las capacidades del sistema operativo que el usuario puede aprovechar") -> para generar funcionalidad y expandir las capacidades del sistema operativo que el usuario puede aprovechar | P13: =IFERROR(__xludf.DUMMYFUNCTION("""COMPUTED_VALUE"""),"Crear") -> Crear
A14: =IFERROR(__xludf.DUMMYFUNCTION("""COMPUTED_VALUE"""),"962 - Matemática Para Computación 2") -> 962 - Matemática Para Computación 2 | I14: =IFERROR(__xludf.DUMMYFUNCTION("""COMPUTED_VALUE"""),"El estudiante diseña aplicaciónes en espacio de usuario integrando las llamadas al sistema para generar funcionalidad y expandir las capacidades del sistema operativo que el usuario puede aprovechar ") -> El estudiante diseña aplicaciónes en espacio de usuario integrando las llamadas al sistema para generar funcionalidad y expandir las capacidades del sistema operativo que el usuario puede aprovechar
A15: =IFERROR(__xludf.DUMMYFUNCTION("""COMPUTED_VALUE"""),"770 - Introducción a ala programación y computación 1") -> 770 - Introducción a ala programación y computación 1 | B15: =IFERROR(__xludf.DUMMYFUNCTION("""COMPUTED_VALUE"""),"1hnCz3e7R539DMJA_6KBromYXyQWjR5cbX4eUFYyZB78") -> 1hnCz3e7R539DMJA_6KBromYXyQWjR5cbX4eUFYyZB78 | C15: =IFERROR(__xludf.DUMMYFUNCTION("""COMPUTED_VALUE"""),"13K0AQ2QyRJmkDL_B9YKTYVy3OKQyLCIBTe0sAqstrFI") -> 13K0AQ2QyRJmkDL_B9YKTYVy3OKQyLCIBTe0sAqstrFI | D15: =IFERROR(__xludf.DUMMYFUNCTION("""COMPUTED_VALUE"""),"1kT0U-6N_PfLXHZnMI7r4DBtAi8DedDHU4nlc6LJYNo0") -> 1kT0U-6N_PfLXHZnMI7r4DBtAi8DedDHU4nlc6LJYNo0 | E15: =IFERROR(__xludf.DUMMYFUNCTION("""COMPUTED_VALUE"""),"1ckY3kIc3clzV4xpXc56uv8KpfX4YxL-8") -> 1ckY3kIc3clzV4xpXc56uv8KpfX4YxL-8
A16: =IFERROR(__xludf.DUMMYFUNCTION("""COMPUTED_VALUE"""),"107 - Área Matemática Intermedia 1") -> 107 - Área Matemática Intermedia 1
A17: =IFERROR(__xludf.DUMMYFUNCTION("""COMPUTED_VALUE"""),"150 - Fisica 1") -> 150 - Fisica 1 | I17: =I2 -> El estudiante describe la arquitectura y los componentes fundamentales de un S.O. analizando la separación entre el espacio de usuario y el espacio de kernel para establecer las bases conceptuales necesarias para la modificación del sistema.
A18: =IFERROR(__xludf.DUMMYFUNCTION("""COMPUTED_VALUE"""),"1 - Ética Profesional") -> 1 - Ética Profesional | I18: =I4 -> El estudiante interpreta el flujo de ejecución y las interacciones clave dentro de un kernel mediante la compilación, ejecución y depuración del código fuente del kernel para comprender cómo el sistema operativo gestiona el hardware y los procesos desde el arranque.
A19: =IFERROR(__xludf.DUMMYFUNCTION("""COMPUTED_VALUE"""),"9 - Idioma Técnico 3") -> 9 - Idioma Técnico 3 | I19: =I6 -> El estudiante aplica sincronización dentro del código del kernel para proteger el acceso a estructuras de datos compartidas garantizando la integridad de la información al ser leída por múltiples procesos de forma concurrente.
A20: =IFERROR(__xludf.DUMMYFUNCTION("""COMPUTED_VALUE"""),"796 - Lenguajes Formales y de Programación") -> 796 - Lenguajes Formales y de Programación | B20: =IFERROR(__xludf.DUMMYFUNCTION("""COMPUTED_VALUE"""),"1-dPQ2ZCWWgBi4gyaV8KmnDWxF063I-zfJutKPMwJjrw") -> 1-dPQ2ZCWWgBi4gyaV8KmnDWxF063I-zfJutKPMwJjrw | C20: =IFERROR(__xludf.DUMMYFUNCTION("""COMPUTED_VALUE"""),"14p5IrzE6q20i9mtWRrbgJgIQTyfVIS4RiO1JbrFY3Ng") -> 14p5IrzE6q20i9mtWRrbgJgIQTyfVIS4RiO1JbrFY3Ng | D20: =IFERROR(__xludf.DUMMYFUNCTION("""COMPUTED_VALUE"""),"1AGg7thSM78QT3j-XZKX-5O8_jS800m3f69bnsKDL7lw") -> 1AGg7thSM78QT3j-XZKX-5O8_jS800m3f69bnsKDL7lw | E20: =IFERROR(__xludf.DUMMYFUNCTION("""COMPUTED_VALUE"""),"1OmnbU2f0aXljqhgz4fTmiAjtEt-JJYai") -> 1OmnbU2f0aXljqhgz4fTmiAjtEt-JJYai | I20: =I8 -> El estudiante modifica el código fuente del kernel en lenguaje C para implementar nuevas llamadas al sistema (syscalls) que exponen funcionalidades y transfieren datos de forma segura entre el espacio de kernel y el de usuario.
A21: =IFERROR(__xludf.DUMMYFUNCTION("""COMPUTED_VALUE"""),"771 - Introducción a la Programación y Computación 2") -> 771 - Introducción a la Programación y Computación 2 | B21: =IFERROR(__xludf.DUMMYFUNCTION("""COMPUTED_VALUE"""),"1__RmanO4MiKBpppCFzGzdDC2fWb5cD2m02xjOur_6nk") -> 1__RmanO4MiKBpppCFzGzdDC2fWb5cD2m02xjOur_6nk | C21: =IFERROR(__xludf.DUMMYFUNCTION("""COMPUTED_VALUE"""),"1hwyEeHtTnYmAXwVixwCmwcQ_1S6x1ID8qghxNj_2les") -> 1hwyEeHtTnYmAXwVixwCmwcQ_1S6x1ID8qghxNj_2les | D21: =IFERROR(__xludf.DUMMYFUNCTION("""COMPUTED_VALUE"""),"1u-w0HNCWqujufP7pN3mFHcpWgitZrec1rkML6inpQK4") -> 1u-w0HNCWqujufP7pN3mFHcpWgitZrec1rkML6inpQK4 | E21: =IFERROR(__xludf.DUMMYFUNCTION("""COMPUTED_VALUE"""),"1cHaBQxjzhcYUkXb4b-PtA5PT2axoYWIL") -> 1cHaBQxjzhcYUkXb4b-PtA5PT2axoYWIL | I21: =I10 -> El estudiante analiza las estructuras de datos internas del kernel que gestionan procesos, memoria y tiempo mediante la lectura e interpretación de su código fuente para extraer métricas de rendimiento y estado del sistema, como la lista de procesos o el uso de CPU.
A22: =IFERROR(__xludf.DUMMYFUNCTION("""COMPUTED_VALUE"""),"112 - Área Matemática Intermedia 2") -> 112 - Área Matemática Intermedia 2 | I22: =I12 -> El estudiante evalúa las capacidades y características de distintos sistemas operativos identificando sus fortalezas y limitaciones con el fin de seleccionarlos y aplicarlos de manera estratégica en sus proyectos y tareas profesionales
A23: =IFERROR(__xludf.DUMMYFUNCTION("""COMPUTED_VALUE"""),"114 - Área Matemática Intermedia 3") -> 114 - Área Matemática Intermedia 3 | I23: =I14 -> El estudiante diseña aplicaciónes en espacio de usuario integrando las llamadas al sistema para generar funcionalidad y expandir las capacidades del sistema operativo que el usuario puede aprovechar
A24: =IFERROR(__xludf.DUMMYFUNCTION("""COMPUTED_VALUE"""),"152 - Física 2") -> 152 - Física 2
A25: =IFERROR(__xludf.DUMMYFUNCTION("""COMPUTED_VALUE"""),"10 - Lógica") -> 10 - Lógica
A26: =IFERROR(__xludf.DUMMYFUNCTION("""COMPUTED_VALUE"""),"11 - Idioma Técnico 4") -> 11 - Idioma Técnico 4
A27: =IFERROR(__xludf.DUMMYFUNCTION("""COMPUTED_VALUE"""),"2025 - Prácticas Iniciales") -> 2025 - Prácticas Iniciales
A28: =IFERROR(__xludf.DUMMYFUNCTION("""COMPUTED_VALUE"""),"732 - Estadística 1") -> 732 - Estadística 1
A29: =IFERROR(__xludf.DUMMYFUNCTION("""COMPUTED_VALUE"""),"777 - Organización de Lenguajes y Compiladores 1") -> 777 - Organización de Lenguajes y Compiladores 1 | B29: =IFERROR(__xludf.DUMMYFUNCTION("""COMPUTED_VALUE"""),"1sMJr8kYIDF7fR6Jn6GMDZp8CdJCeGqxbVA5UTdBCrkM") -> 1sMJr8kYIDF7fR6Jn6GMDZp8CdJCeGqxbVA5UTdBCrkM | C29: =IFERROR(__xludf.DUMMYFUNCTION("""COMPUTED_VALUE"""),"1sznB5glJmAKD25Jh38PR_uvVmYLeupPdQfr5Z_cGdy0") -> 1sznB5glJmAKD25Jh38PR_uvVmYLeupPdQfr5Z_cGdy0 | D29: =IFERROR(__xludf.DUMMYFUNCTION("""COMPUTED_VALUE"""),"1kBA4IGrUYJDRe0Y1euEq_2KSZ_6qIOJf4ChyOoB7-bw") -> 1kBA4IGrUYJDRe0Y1euEq_2KSZ_6qIOJf4ChyOoB7-bw | E29: =IFERROR(__xludf.DUMMYFUNCTION("""COMPUTED_VALUE"""),"14tEUE8qfBh4CI8Qotf2UbaoJFzpnWz0r") -> 14tEUE8qfBh4CI8Qotf2UbaoJFzpnWz0r
A30: =IFERROR(__xludf.DUMMYFUNCTION("""COMPUTED_VALUE"""),"964 - Organización Computacional") -> 964 - Organización Computacional | B30: =IFERROR(__xludf.DUMMYFUNCTION("""COMPUTED_VALUE"""),"1daYmFoqU1khKZXb4p_ygv5jH4tkv8-tTjdTDSUh72F0") -> 1daYmFoqU1khKZXb4p_ygv5jH4tkv8-tTjdTDSUh72F0 | C30: =IFERROR(__xludf.DUMMYFUNCTION("""COMPUTED_VALUE"""),"1Iu2w--EUMRmqIHGvbgJsupMFeebEMTKXZFzhrwGZtOs") -> 1Iu2w--EUMRmqIHGvbgJsupMFeebEMTKXZFzhrwGZtOs | D30: =IFERROR(__xludf.DUMMYFUNCTION("""COMPUTED_VALUE"""),"1gqR4HPKEldyIGuEb4K6wpzCwLjthMqCU81C5lPPJfYo") -> 1gqR4HPKEldyIGuEb4K6wpzCwLjthMqCU81C5lPPJfYo | E30: =IFERROR(__xludf.DUMMYFUNCTION("""COMPUTED_VALUE"""),"168JiBG-dVAZLw3Z00Wh0GzOSNJ7yxpVe") -> 168JiBG-dVAZLw3Z00Wh0GzOSNJ7yxpVe
A31: =IFERROR(__xludf.DUMMYFUNCTION("""COMPUTED_VALUE"""),"772 - Estructuras de Datos") -> 772 - Estructuras de Datos | B31: =IFERROR(__xludf.DUMMYFUNCTION("""COMPUTED_VALUE"""),"1rTNY7hLmB5N26Z2z6EtF0axcaKKizdu0eLKqLiwUhto") -> 1rTNY7hLmB5N26Z2z6EtF0axcaKKizdu0eLKqLiwUhto | C31: =IFERROR(__xludf.DUMMYFUNCTION("""COMPUTED_VALUE"""),"1e8AAZ395NIODTRjmbwP3Bvdb1OJlsJawLywq7NixwcM") -> 1e8AAZ395NIODTRjmbwP3Bvdb1OJlsJawLywq7NixwcM | D31: =IFERROR(__xludf.DUMMYFUNCTION("""COMPUTED_VALUE"""),"1PVCPYoBYbA64z-ceE8HVIWfvtziNTX_CeNB1XrAFUmk") -> 1PVCPYoBYbA64z-ceE8HVIWfvtziNTX_CeNB1XrAFUmk | E31: =IFERROR(__xludf.DUMMYFUNCTION("""COMPUTED_VALUE"""),"1E0q2biUjzF_2MGRSFGlAtpUs_jiKeYCi") -> 1E0q2biUjzF_2MGRSFGlAtpUs_jiKeYCi
A32: =IFERROR(__xludf.DUMMYFUNCTION("""COMPUTED_VALUE"""),"116 - Matemática Aplicada 3") -> 116 - Matemática Aplicada 3
A33: =IFERROR(__xludf.DUMMYFUNCTION("""COMPUTED_VALUE"""),"118 - Matemática Aplicada 1") -> 118 - Matemática Aplicada 1
A34: =IFERROR(__xludf.DUMMYFUNCTION("""COMPUTED_VALUE"""),"18 - Filosofía de la Ciencia") -> 18 - Filosofía de la Ciencia
A35: =IFERROR(__xludf.DUMMYFUNCTION("""COMPUTED_VALUE"""),"722 - Teoría de Sistemas 1") -> 722 - Teoría de Sistemas 1 | B35: =IFERROR(__xludf.DUMMYFUNCTION("""COMPUTED_VALUE"""),"1npGvBttUX2JHkjnmDRQmNhZacltUudlNKCQsLV09BaU") -> 1npGvBttUX2JHkjnmDRQmNhZacltUudlNKCQsLV09BaU | C35: =IFERROR(__xludf.DUMMYFUNCTION("""COMPUTED_VALUE"""),"1hMUPf0qs2ca-iLxfgxe8cYMynK4MJCa34p7GqRHJXbE") -> 1hMUPf0qs2ca-iLxfgxe8cYMynK4MJCa34p7GqRHJXbE | D35: =IFERROR(__xludf.DUMMYFUNCTION("""COMPUTED_VALUE"""),"1ATHMFdf0XbWCqh2hcVgPbB3YAnr637GqzneY0kwZPXs") -> 1ATHMFdf0XbWCqh2hcVgPbB3YAnr637GqzneY0kwZPXs | E35: =IFERROR(__xludf.DUMMYFUNCTION("""COMPUTED_VALUE"""),"1me1nH7wLH9V0Y0D1dBAqO-cxBMvcPd1a") -> 1me1nH7wLH9V0Y0D1dBAqO-cxBMvcPd1a
A36: =IFERROR(__xludf.DUMMYFUNCTION("""COMPUTED_VALUE"""),"601 - Investigación de Operaciones 1") -> 601 - Investigación de Operaciones 1
A37: =IFERROR(__xludf.DUMMYFUNCTION("""COMPUTED_VALUE"""),"14 - Economía") -> 14 - Economía | B37: =IFERROR(__xludf.DUMMYFUNCTION("""COMPUTED_VALUE"""),"169ieOogZaXHMs_PddYQfqqWTOgqfbgT1NUf8dchmb4U") -> 169ieOogZaXHMs_PddYQfqqWTOgqfbgT1NUf8dchmb4U | C37: =IFERROR(__xludf.DUMMYFUNCTION("""COMPUTED_VALUE"""),"1aRV1pjb7CPc1NcugRe2l92I-OqNZYb_4YmhuHZtvXzs") -> 1aRV1pjb7CPc1NcugRe2l92I-OqNZYb_4YmhuHZtvXzs | D37: =IFERROR(__xludf.DUMMYFUNCTION("""COMPUTED_VALUE"""),"1pajOO3AWmOi1jPG43utDMvSL31e0t1UDzgvEQYveS28") -> 1pajOO3AWmOi1jPG43utDMvSL31e0t1UDzgvEQYveS28 | E37: =IFERROR(__xludf.DUMMYFUNCTION("""COMPUTED_VALUE"""),"1WqxKIBh1lpbr01vS0jn_ragnl3d_04zY") -> 1WqxKIBh1lpbr01vS0jn_ragnl3d_04zY
A38: =IFERROR(__xludf.DUMMYFUNCTION("""COMPUTED_VALUE"""),"781 - Organización de Lenguajes y Compiladores 2") -> 781 - Organización de Lenguajes y Compiladores 2 | B38: =IFERROR(__xludf.DUMMYFUNCTION("""COMPUTED_VALUE"""),"18dQYgiKWkpI2wogupgHf8u3PbCa0cKqMH6-ZsAIhLPw") -> 18dQYgiKWkpI2wogupgHf8u3PbCa0cKqMH6-ZsAIhLPw | C38: =IFERROR(__xludf.DUMMYFUNCTION("""COMPUTED_VALUE"""),"1FvDr2nu5sW0gxDkpPanB4sWbi78KZCAhc6wrywlrvlE") -> 1FvDr2nu5sW0gxDkpPanB4sWbi78KZCAhc6wrywlrvlE | D38: =IFERROR(__xludf.DUMMYFUNCTION("""COMPUTED_VALUE"""),"1vR-fd-_MbOLAfMSv4L0B7CMj6jdlTkOQCD95r1XcqZI") -> 1vR-fd-_MbOLAfMSv4L0B7CMj6jdlTkOQCD95r1XcqZI | E38: =IFERROR(__xludf.DUMMYFUNCTION("""COMPUTED_VALUE"""),"1OpTiDYbGu0wNKI3xw8Lxhx1c4euS0YR9") -> 1OpTiDYbGu0wNKI3xw8Lxhx1c4euS0YR9
A39: =IFERROR(__xludf.DUMMYFUNCTION("""COMPUTED_VALUE"""),"778 - Arquitectura de Computadoras y Ensambladores 1") -> 778 - Arquitectura de Computadoras y Ensambladores 1 | B39: =IFERROR(__xludf.DUMMYFUNCTION("""COMPUTED_VALUE"""),"13gNb-7XS_aMptaL1TLnLB5k06Y_okRzOgjzOxLHNuiI") -> 13gNb-7XS_aMptaL1TLnLB5k06Y_okRzOgjzOxLHNuiI | C39: =IFERROR(__xludf.DUMMYFUNCTION("""COMPUTED_VALUE"""),"1dlO25kugHQowRwF3LcOkrFuLGg-hP9mn9OW7x7GssMc") -> 1dlO25kugHQowRwF3LcOkrFuLGg-hP9mn9OW7x7GssMc | D39: =IFERROR(__xludf.DUMMYFUNCTION("""COMPUTED_VALUE"""),"1jMElka7Ve71KPvj9i1bHpM_BAVnEwEXLC-W_04LIFGg") -> 1jMElka7Ve71KPvj9i1bHpM_BAVnEwEXLC-W_04LIFGg | E39: =IFERROR(__xludf.DUMMYFUNCTION("""COMPUTED_VALUE"""),"1vPaqqtPi3QjCFIUp-K5im-qBz572iNPY") -> 1vPaqqtPi3QjCFIUp-K5im-qBz572iNPY
A40: =IFERROR(__xludf.DUMMYFUNCTION("""COMPUTED_VALUE"""),"773 - Manejo e Implementación de Archivos") -> 773 - Manejo e Implementación de Archivos | B40: =IFERROR(__xludf.DUMMYFUNCTION("""COMPUTED_VALUE"""),"1VDaIod2C3XfezxQfz50xvWZ9yVVdVvNIqd-1xbJmaD8") -> 1VDaIod2C3XfezxQfz50xvWZ9yVVdVvNIqd-1xbJmaD8 | C40: =IFERROR(__xludf.DUMMYFUNCTION("""COMPUTED_VALUE"""),"1MkqyTtzzzyQyC--twNt__AoC_Sd0UBC67j0f9nktivE") -> 1MkqyTtzzzyQyC--twNt__AoC_Sd0UBC67j0f9nktivE | D40: =IFERROR(__xludf.DUMMYFUNCTION("""COMPUTED_VALUE"""),"1TN3z_RT4NXTQfbj6qQEFc9gmXRHLB6-fy_oyWA0RHdU") -> 1TN3z_RT4NXTQfbj6qQEFc9gmXRHLB6-fy_oyWA0RHdU | E40: =IFERROR(__xludf.DUMMYFUNCTION("""COMPUTED_VALUE"""),"1Nn4F-GdSnEftvTXSfmVRSNkPuH0v1E3D") -> 1Nn4F-GdSnEftvTXSfmVRSNkPuH0v1E3D
A41: =IFERROR(__xludf.DUMMYFUNCTION("""COMPUTED_VALUE"""),"122 - Matemática Aplicada 4") -> 122 - Matemática Aplicada 4
A42: =IFERROR(__xludf.DUMMYFUNCTION("""COMPUTED_VALUE"""),"120 - Matemática Aplicada 2") -> 120 - Matemática Aplicada 2
A43: =IFERROR(__xludf.DUMMYFUNCTION("""COMPUTED_VALUE"""),"200 - Ingeniería Eléctrica 1") -> 200 - Ingeniería Eléctrica 1
A44: =IFERROR(__xludf.DUMMYFUNCTION("""COMPUTED_VALUE"""),"724 - Teoría de Sistemas 2") -> 724 - Teoría de Sistemas 2 | B44: =IFERROR(__xludf.DUMMYFUNCTION("""COMPUTED_VALUE"""),"1Oh-yJJ9oc8SdDPJao-u31YXfwOPrsifu2o1a7Sf2-9k") -> 1Oh-yJJ9oc8SdDPJao-u31YXfwOPrsifu2o1a7Sf2-9k | C44: =IFERROR(__xludf.DUMMYFUNCTION("""COMPUTED_VALUE"""),"1O2rxycdV4XrytI_g4llqenReY8-rYp3frKI7rd6fNMI") -> 1O2rxycdV4XrytI_g4llqenReY8-rYp3frKI7rd6fNMI | D44: =IFERROR(__xludf.DUMMYFUNCTION("""COMPUTED_VALUE"""),"1uWuKRV1yUDuRgCMclGBs18DlrkJbY-3RrPrV1PnXLeM") -> 1uWuKRV1yUDuRgCMclGBs18DlrkJbY-3RrPrV1PnXLeM | E44: =IFERROR(__xludf.DUMMYFUNCTION("""COMPUTED_VALUE"""),"1EQVlwt_Q14_MHhr3GeYfJvtnySQAorrC") -> 1EQVlwt_Q14_MHhr3GeYfJvtnySQAorrC
A45: =IFERROR(__xludf.DUMMYFUNCTION("""COMPUTED_VALUE"""),"603 - Investigación de Operaciones 2") -> 603 - Investigación de Operaciones 2
A46: =IFERROR(__xludf.DUMMYFUNCTION("""COMPUTED_VALUE"""),"734 - Estadística 2") -> 734 - Estadística 2
A47: =IFERROR(__xludf.DUMMYFUNCTION("""COMPUTED_VALUE"""),"281 - Sistemas Operativos 1") -> 281 - Sistemas Operativos 1 | B47: =IFERROR(__xludf.DUMMYFUNCTION("""COMPUTED_VALUE"""),"1RAzDRLQZEv8Ck7PxnFQbrklrekiw5bDJFX0wgP7vFSQ") -> 1RAzDRLQZEv8Ck7PxnFQbrklrekiw5bDJFX0wgP7vFSQ | C47: =IFERROR(__xludf.DUMMYFUNCTION("""COMPUTED_VALUE"""),"145JPmfq4pDEEE_ipNtWzYQNDVrAg9WOQ9ocmZu_NegE") -> 145JPmfq4pDEEE_ipNtWzYQNDVrAg9WOQ9ocmZu_NegE | D47: =IFERROR(__xludf.DUMMYFUNCTION("""COMPUTED_VALUE"""),"1HE-c5k7b7a4sV8kZRb8whPINiB0Q_xMq-7-LwYVSiEA") -> 1HE-c5k7b7a4sV8kZRb8whPINiB0Q_xMq-7-LwYVSiEA | E47: =IFERROR(__xludf.DUMMYFUNCTION("""COMPUTED_VALUE"""),"1n0J1NqUgfuTdZBYJs6ClPsEPAT-BsF53") -> 1n0J1NqUgfuTdZBYJs6ClPsEPAT-BsF53
A48: =IFERROR(__xludf.DUMMYFUNCTION("""COMPUTED_VALUE"""),"779 - Arquitectura de Computadoras y Ensambladores 2") -> 779 - Arquitectura de Computadoras y Ensambladores 2 | B48: =IFERROR(__xludf.DUMMYFUNCTION("""COMPUTED_VALUE"""),"1_uxBhWcRvgBlCjf2s6O-Hvly7rBvJyZdswUKwm6KP5Y") -> 1_uxBhWcRvgBlCjf2s6O-Hvly7rBvJyZdswUKwm6KP5Y | C48: =IFERROR(__xludf.DUMMYFUNCTION("""COMPUTED_VALUE"""),"1dqk67SNWBGb15fqe17ZBfmxUg9pla5H7nqVOrGHYEJ4") -> 1dqk67SNWBGb15fqe17ZBfmxUg9pla5H7nqVOrGHYEJ4 | D48: =IFERROR(__xludf.DUMMYFUNCTION("""COMPUTED_VALUE"""),"1I4Bx-1TpNE382Kclmp7qlhsORNllFJ6iza9or1MYlQM") -> 1I4Bx-1TpNE382Kclmp7qlhsORNllFJ6iza9or1MYlQM | E48: =IFERROR(__xludf.DUMMYFUNCTION("""COMPUTED_VALUE"""),"1fb6OBuOK__kn1iOUatpXGXqw-Xx2KUF3") -> 1fb6OBuOK__kn1iOUatpXGXqw-Xx2KUF3
A49: =IFERROR(__xludf.DUMMYFUNCTION("""COMPUTED_VALUE"""),"970 - Redes de Computadoras 1") -> 970 - Redes de Computadoras 1 | B49: =IFERROR(__xludf.DUMMYFUNCTION("""COMPUTED_VALUE"""),"1z_6lSkIcVZpEVQ4tR8c-eSvVvTxWsXwhmFojsLWeBGc") -> 1z_6lSkIcVZpEVQ4tR8c-eSvVvTxWsXwhmFojsLWeBGc | C49: =IFERROR(__xludf.DUMMYFUNCTION("""COMPUTED_VALUE"""),"18wRQLI8Pz51ZFEFWKE1SD6XVhlxOdJa1PpxDFo2dRT4") -> 18wRQLI8Pz51ZFEFWKE1SD6XVhlxOdJa1PpxDFo2dRT4 | D49: =IFERROR(__xludf.DUMMYFUNCTION("""COMPUTED_VALUE"""),"1i-Uona9IG1TfHaWeowvwDDQBbBF5rm-kKLnZwWQbchA") -> 1i-Uona9IG1TfHaWeowvwDDQBbBF5rm-kKLnZwWQbchA | E49: =IFERROR(__xludf.DUMMYFUNCTION("""COMPUTED_VALUE"""),"1MyEh58_aw-4JAg_UmiHarHdZJMAoZYFg") -> 1MyEh58_aw-4JAg_UmiHarHdZJMAoZYFg
A50: =IFERROR(__xludf.DUMMYFUNCTION("""COMPUTED_VALUE"""),"774 - Sistemas de Bases de Datos 1") -> 774 - Sistemas de Bases de Datos 1 | B50: =IFERROR(__xludf.DUMMYFUNCTION("""COMPUTED_VALUE"""),"1h1zzA1-Xq9ihet57bP4f0PLQnKeojJUanhgpuP67hKs") -> 1h1zzA1-Xq9ihet57bP4f0PLQnKeojJUanhgpuP67hKs | C50: =IFERROR(__xludf.DUMMYFUNCTION("""COMPUTED_VALUE"""),"1xYInTWRmhz45q5vjazDVsb1EGOCbYqibWRBgZMK1g2I") -> 1xYInTWRmhz45q5vjazDVsb1EGOCbYqibWRBgZMK1g2I | D50: =IFERROR(__xludf.DUMMYFUNCTION("""COMPUTED_VALUE"""),"1ab_tQ3tdHfx3wTYZggg6topYWfMdNDjc_9Pl6gMgeY0") -> 1ab_tQ3tdHfx3wTYZggg6topYWfMdNDjc_9Pl6gMgeY0 | E50: =IFERROR(__xludf.DUMMYFUNCTION("""COMPUTED_VALUE"""),"1a0bdit9CmOXEhJOXc35cohqfdNKmMAzD") -> 1a0bdit9CmOXEhJOXc35cohqfdNKmMAzD
A51: =IFERROR(__xludf.DUMMYFUNCTION("""COMPUTED_VALUE"""),"2036 - Prácticas Intermedias") -> 2036 - Prácticas Intermedias
A52: =IFERROR(__xludf.DUMMYFUNCTION("""COMPUTED_VALUE"""),"285 - Sistemas Operativos 2") -> 285 - Sistemas Operativos 2 | B52: =IFERROR(__xludf.DUMMYFUNCTION("""COMPUTED_VALUE"""),"1VCx3jdfVNJvtMfY5j_W624CAT1QxC-9qVw_ts_erFM8") -> 1VCx3jdfVNJvtMfY5j_W624CAT1QxC-9qVw_ts_erFM8 | C52: =IFERROR(__xludf.DUMMYFUNCTION("""COMPUTED_VALUE"""),"1ssmi68Gibgtkl07Zn0H_wQWjqhj_SfcpUhCdmyvVjb4") -> 1ssmi68Gibgtkl07Zn0H_wQWjqhj_SfcpUhCdmyvVjb4 | D52: =IFERROR(__xludf.DUMMYFUNCTION("""COMPUTED_VALUE"""),"1bIFK2VHNoCYqh3rnNBIgLzQpv40VUWzyYaRVu-gQbTI") -> 1bIFK2VHNoCYqh3rnNBIgLzQpv40VUWzyYaRVu-gQbTI | E52: =IFERROR(__xludf.DUMMYFUNCTION("""COMPUTED_VALUE"""),"1q8mN6aa9bhjGWUIaszZNHjuEk-b6qckg") -> 1q8mN6aa9bhjGWUIaszZNHjuEk-b6qckg
A53: =IFERROR(__xludf.DUMMYFUNCTION("""COMPUTED_VALUE"""),"975 - Redes de Computadoras 2") -> 975 - Redes de Computadoras 2 | B53: =IFERROR(__xludf.DUMMYFUNCTION("""COMPUTED_VALUE"""),"1JcTacSIMIoXQmOixc1cssvrK_MVzZYH-Yo4FFSny6Nk") -> 1JcTacSIMIoXQmOixc1cssvrK_MVzZYH-Yo4FFSny6Nk | C53: =IFERROR(__xludf.DUMMYFUNCTION("""COMPUTED_VALUE"""),"1JLgRGqqoVVNY2eFrI2m3ylhPGOUPiyZN7_tK8VnOywQ") -> 1JLgRGqqoVVNY2eFrI2m3ylhPGOUPiyZN7_tK8VnOywQ | D53: =IFERROR(__xludf.DUMMYFUNCTION("""COMPUTED_VALUE"""),"1IL8QCca0XDIN9zPNoVS7hKBCHZQ9eh42iA_U0q-_ktQ") -> 1IL8QCca0XDIN9zPNoVS7hKBCHZQ9eh42iA_U0q-_ktQ | E53: =IFERROR(__xludf.DUMMYFUNCTION("""COMPUTED_VALUE"""),"1gu0dvm6zoJE2RmJVBG6ZIV_BFoLoxJfB") -> 1gu0dvm6zoJE2RmJVBG6ZIV_BFoLoxJfB
A54: =IFERROR(__xludf.DUMMYFUNCTION("""COMPUTED_VALUE"""),"775 - Sistemas de Bases de Datos 2") -> 775 - Sistemas de Bases de Datos 2 | B54: =IFERROR(__xludf.DUMMYFUNCTION("""COMPUTED_VALUE"""),"1TCVGX95CGGMGYvyB2K8cDve9RSMthqD6Tc1-CrmctiM") -> 1TCVGX95CGGMGYvyB2K8cDve9RSMthqD6Tc1-CrmctiM | C54: =IFERROR(__xludf.DUMMYFUNCTION("""COMPUTED_VALUE"""),"1c8vA2_5i-ARXIPU3ZxB3bwcKRbWh46erGG5KH3wrJyU") -> 1c8vA2_5i-ARXIPU3ZxB3bwcKRbWh46erGG5KH3wrJyU | D54: =IFERROR(__xludf.DUMMYFUNCTION("""COMPUTED_VALUE"""),"17_WFCeqzOngZrZqB-G0qa2RVksxKYCq8VrQTxvdfvyg") -> 17_WFCeqzOngZrZqB-G0qa2RVksxKYCq8VrQTxvdfvyg | E54: =IFERROR(__xludf.DUMMYFUNCTION("""COMPUTED_VALUE"""),"d/1-KBylfOI9IIiZlF-l2dlJlM6PNNdjzFl") -> d/1-KBylfOI9IIiZlF-l2dlJlM6PNNdjzFl
A55: =IFERROR(__xludf.DUMMYFUNCTION("""COMPUTED_VALUE"""),"283 - Análisis y Diseño de Sistemas 1") -> 283 - Análisis y Diseño de Sistemas 1 | B55: =IFERROR(__xludf.DUMMYFUNCTION("""COMPUTED_VALUE"""),"1Y3HF-OxPbgEhNi6pNhbpImrQsH3btlYO6xtsnryrunY") -> 1Y3HF-OxPbgEhNi6pNhbpImrQsH3btlYO6xtsnryrunY | C55: =IFERROR(__xludf.DUMMYFUNCTION("""COMPUTED_VALUE"""),"12umvxFMZmSLGZenSQOXCnUePgu7-gug8FmFRz5MKlkE") -> 12umvxFMZmSLGZenSQOXCnUePgu7-gug8FmFRz5MKlkE | D55: =IFERROR(__xludf.DUMMYFUNCTION("""COMPUTED_VALUE"""),"1gwmb6_MjiG_JUXAI5JWT33vnYBsnPqtoeHWc1yoFWQQ") -> 1gwmb6_MjiG_JUXAI5JWT33vnYBsnPqtoeHWc1yoFWQQ | E55: =IFERROR(__xludf.DUMMYFUNCTION("""COMPUTED_VALUE"""),"1QXb23bY6W9aTRkpiCON7Q0ews5p7hatK") -> 1QXb23bY6W9aTRkpiCON7Q0ews5p7hatK
A56: =IFERROR(__xludf.DUMMYFUNCTION("""COMPUTED_VALUE"""),"797 - Seminario de Sistemas 1") -> 797 - Seminario de Sistemas 1 | B56: =IFERROR(__xludf.DUMMYFUNCTION("""COMPUTED_VALUE"""),"1VXfuZgL8iNYOe8XfW_5s4rVnIq-_Xurqk8xlOGGexqY") -> 1VXfuZgL8iNYOe8XfW_5s4rVnIq-_Xurqk8xlOGGexqY | C56: =IFERROR(__xludf.DUMMYFUNCTION("""COMPUTED_VALUE"""),"1eWOPuodcZlQ4YNCFI3CQ-Zpw7nxkVx7vi3XlMdj8he4") -> 1eWOPuodcZlQ4YNCFI3CQ-Zpw7nxkVx7vi3XlMdj8he4 | D56: =IFERROR(__xludf.DUMMYFUNCTION("""COMPUTED_VALUE"""),"13DUp9JOUZdD2C1BdD-os-W-bLO-jSufbMHC7eJ5PBSo") -> 13DUp9JOUZdD2C1BdD-os-W-bLO-jSufbMHC7eJ5PBSo | E56: =IFERROR(__xludf.DUMMYFUNCTION("""COMPUTED_VALUE"""),"1EnANLnqSuVktTF4SdlpIOuHPbefsIOnc") -> 1EnANLnqSuVktTF4SdlpIOuHPbefsIOnc
A57: =IFERROR(__xludf.DUMMYFUNCTION("""COMPUTED_VALUE"""),"700 - Ingeniería Económica 1") -> 700 - Ingeniería Económica 1
A58: =IFERROR(__xludf.DUMMYFUNCTION("""COMPUTED_VALUE"""),"729 - Modelación y Simulación 1") -> 729 - Modelación y Simulación 1 | B58: =IFERROR(__xludf.DUMMYFUNCTION("""COMPUTED_VALUE"""),"17u8GNz3HZ-i9KS-yxFiuJx9u7OawTwjyLcvLoG_x6W8") -> 17u8GNz3HZ-i9KS-yxFiuJx9u7OawTwjyLcvLoG_x6W8 | C58: =IFERROR(__xludf.DUMMYFUNCTION("""COMPUTED_VALUE"""),"1NFJSyWLsOrGAG7qFKpXyw79GRTTb4abmj-M6aBddS5U") -> 1NFJSyWLsOrGAG7qFKpXyw79GRTTb4abmj-M6aBddS5U | D58: =IFERROR(__xludf.DUMMYFUNCTION("""COMPUTED_VALUE"""),"1toY-3JEeuVBJwRbyxsqyquwh-orXIfZE8KB3e43PXok") -> 1toY-3JEeuVBJwRbyxsqyquwh-orXIfZE8KB3e43PXok | E58: =IFERROR(__xludf.DUMMYFUNCTION("""COMPUTED_VALUE"""),"15sfPZmXt41hGkttgpVICPuKozdPNEJ6A") -> 15sfPZmXt41hGkttgpVICPuKozdPNEJ6A
A59: =IFERROR(__xludf.DUMMYFUNCTION("""COMPUTED_VALUE"""),"786 - Sistemas Organizacionales y Gerenciales 1") -> 786 - Sistemas Organizacionales y Gerenciales 1 | B59: =IFERROR(__xludf.DUMMYFUNCTION("""COMPUTED_VALUE"""),"1VTtCckO64u9REDx8UoxNJrYiavZGQU_hh4HvsOUiqlc") -> 1VTtCckO64u9REDx8UoxNJrYiavZGQU_hh4HvsOUiqlc | C59: =IFERROR(__xludf.DUMMYFUNCTION("""COMPUTED_VALUE"""),"1dMwVEKpg3j4uCN3CqoVXOWkBQbHNw7DIhtU8Bhc5Mqc") -> 1dMwVEKpg3j4uCN3CqoVXOWkBQbHNw7DIhtU8Bhc5Mqc | D59: =IFERROR(__xludf.DUMMYFUNCTION("""COMPUTED_VALUE"""),"1eh447vkO2YeAmVFqKtzinqlk4a4Y1JJKjOtv9eVOlY0") -> 1eh447vkO2YeAmVFqKtzinqlk4a4Y1JJKjOtv9eVOlY0 | E59: =IFERROR(__xludf.DUMMYFUNCTION("""COMPUTED_VALUE"""),"1txIe6LugQ0CGgSIkqRY1UZvHL7CtMqgD") -> 1txIe6LugQ0CGgSIkqRY1UZvHL7CtMqgD
A60: =IFERROR(__xludf.DUMMYFUNCTION("""COMPUTED_VALUE"""),"972 - Inteligencia Artificial 1") -> 972 - Inteligencia Artificial 1 | B60: =IFERROR(__xludf.DUMMYFUNCTION("""COMPUTED_VALUE"""),"1C04a6qH3d2zJVb1hJwa6tsRQVM9LUb_nwyxMovG5tdI") -> 1C04a6qH3d2zJVb1hJwa6tsRQVM9LUb_nwyxMovG5tdI | C60: =IFERROR(__xludf.DUMMYFUNCTION("""COMPUTED_VALUE"""),"1CEh1GcUg3ntzgPT9yUocLDlrLJKmZCCl1MWUrEyfwzg") -> 1CEh1GcUg3ntzgPT9yUocLDlrLJKmZCCl1MWUrEyfwzg | D60: =IFERROR(__xludf.DUMMYFUNCTION("""COMPUTED_VALUE"""),"1oncZrzGawvfNWTdhWsLhXGKvrApliYXhCf81eUnkV20") -> 1oncZrzGawvfNWTdhWsLhXGKvrApliYXhCf81eUnkV20 | E60: =IFERROR(__xludf.DUMMYFUNCTION("""COMPUTED_VALUE"""),"1eMKEvvWQ4yFq38z3ks0ZmIZ43xAVGgyM") -> 1eMKEvvWQ4yFq38z3ks0ZmIZ43xAVGgyM
A61: =IFERROR(__xludf.DUMMYFUNCTION("""COMPUTED_VALUE"""),"966 - Seguridad y Auditoría de Redes de Computadoras") -> 966 - Seguridad y Auditoría de Redes de Computadoras
A62: =IFERROR(__xludf.DUMMYFUNCTION("""COMPUTED_VALUE"""),"785 - Análisis y Diseño de Sistemas 2") -> 785 - Análisis y Diseño de Sistemas 2 | B62: =IFERROR(__xludf.DUMMYFUNCTION("""COMPUTED_VALUE"""),"1_ufF1kvClwUUTsCz0V0fLuXjs_JRZWRSMCWkUEd8co4") -> 1_ufF1kvClwUUTsCz0V0fLuXjs_JRZWRSMCWkUEd8co4 | C62: =IFERROR(__xludf.DUMMYFUNCTION("""COMPUTED_VALUE"""),"1HaBdPkxZx1GRiw5WlqxQhbxPWuW-mZVFEoUho7tsLDY") -> 1HaBdPkxZx1GRiw5WlqxQhbxPWuW-mZVFEoUho7tsLDY
A63: =IFERROR(__xludf.DUMMYFUNCTION("""COMPUTED_VALUE"""),"798 - Seminario de Sistemas 2") -> 798 - Seminario de Sistemas 2 | B63: =IFERROR(__xludf.DUMMYFUNCTION("""COMPUTED_VALUE"""),"1v6hbJdWzxkj7s5D7oM894pu3kMAvhEZGXUMfRFv7yKQ") -> 1v6hbJdWzxkj7s5D7oM894pu3kMAvhEZGXUMfRFv7yKQ | C63: =IFERROR(__xludf.DUMMYFUNCTION("""COMPUTED_VALUE"""),"1LxPO_wuZRiAXrS1EicVG-gQWzjILKll8Nqvs3MS7G_k") -> 1LxPO_wuZRiAXrS1EicVG-gQWzjILKll8Nqvs3MS7G_k | D63: =IFERROR(__xludf.DUMMYFUNCTION("""COMPUTED_VALUE"""),"1BWLmO3asfl7g244aKrskvOVVUItkuDglmE1c2bmkR30") -> 1BWLmO3asfl7g244aKrskvOVVUItkuDglmE1c2bmkR30 | E63: =IFERROR(__xludf.DUMMYFUNCTION("""COMPUTED_VALUE"""),"1Aq8boJeyyodIKEdkrfe9fWB5RIGSLDb5") -> 1Aq8boJeyyodIKEdkrfe9fWB5RIGSLDb5
A64: =IFERROR(__xludf.DUMMYFUNCTION("""COMPUTED_VALUE"""),"788 - Sistemas Aplicados 1") -> 788 - Sistemas Aplicados 1
A65: =IFERROR(__xludf.DUMMYFUNCTION("""COMPUTED_VALUE"""),"776 - Bases de Datos Avanzadas") -> 776 - Bases de Datos Avanzadas | B65: =IFERROR(__xludf.DUMMYFUNCTION("""COMPUTED_VALUE"""),"1SZ2dJz29IsruB5vMYQ514xwGe6wyVx6cjMu_iwnHpFo") -> 1SZ2dJz29IsruB5vMYQ514xwGe6wyVx6cjMu_iwnHpFo
A66: =IFERROR(__xludf.DUMMYFUNCTION("""COMPUTED_VALUE"""),"2009 - Prácticas Finales Ingeniería Ciencias y Sistemas") -> 2009 - Prácticas Finales Ingeniería Ciencias y Sistemas
A67: =IFERROR(__xludf.DUMMYFUNCTION("""COMPUTED_VALUE"""),"720 - Modelación y Simulación 2") -> 720 - Modelación y Simulación 2 | B67: =IFERROR(__xludf.DUMMYFUNCTION("""COMPUTED_VALUE"""),"1ebc3-I4AbsLDHtzhtolQz7pqZDPvmSE0yZJu1xY6lLY") -> 1ebc3-I4AbsLDHtzhtolQz7pqZDPvmSE0yZJu1xY6lLY | C67: =IFERROR(__xludf.DUMMYFUNCTION("""COMPUTED_VALUE"""),"1VnSdYE6hCH1oAG4XdaAltDp-IuIjLZzv9KdrOGh2-0Y") -> 1VnSdYE6hCH1oAG4XdaAltDp-IuIjLZzv9KdrOGh2-0Y | D67: =IFERROR(__xludf.DUMMYFUNCTION("""COMPUTED_VALUE"""),"1LLT4wjh6eEkdi7y6_yd99pbR2Q8NPBHYmsciMZpRqUE") -> 1LLT4wjh6eEkdi7y6_yd99pbR2Q8NPBHYmsciMZpRqUE | E67: =IFERROR(__xludf.DUMMYFUNCTION("""COMPUTED_VALUE"""),"11D7BpB1NYAQLsl-xomWKo7ibetJ_b2JE") -> 11D7BpB1NYAQLsl-xomWKo7ibetJ_b2JE
A68: =IFERROR(__xludf.DUMMYFUNCTION("""COMPUTED_VALUE"""),"787 - Sistemas Organizacionales y Gerenciales 2") -> 787 - Sistemas Organizacionales y Gerenciales 2 | B68: =IFERROR(__xludf.DUMMYFUNCTION("""COMPUTED_VALUE"""),"1KpYHYX_EAJ-h4GLtSoCT8Rqz-xU4Qh5pUnEiPyxmEZA") -> 1KpYHYX_EAJ-h4GLtSoCT8Rqz-xU4Qh5pUnEiPyxmEZA | C68: =IFERROR(__xludf.DUMMYFUNCTION("""COMPUTED_VALUE"""),"106SYnPHxQ47_qT62NOXndjd6mPwE7LV7AXR9D4-euB8") -> 106SYnPHxQ47_qT62NOXndjd6mPwE7LV7AXR9D4-euB8 | D68: =IFERROR(__xludf.DUMMYFUNCTION("""COMPUTED_VALUE"""),"1uo3-u0rbLWUGIyMydUz-lOWpj7xdx2oKwNH9T1cU12A") -> 1uo3-u0rbLWUGIyMydUz-lOWpj7xdx2oKwNH9T1cU12A | E68: =IFERROR(__xludf.DUMMYFUNCTION("""COMPUTED_VALUE"""),"1wmyYrKnHpQJd0Iebc9cCHZwq93Te5Iq8") -> 1wmyYrKnHpQJd0Iebc9cCHZwq93Te5Iq8
A69: =IFERROR(__xludf.DUMMYFUNCTION("""COMPUTED_VALUE"""),"790 - Emprendedores de Negocios Informáticos") -> 790 - Emprendedores de Negocios Informáticos
A70: =IFERROR(__xludf.DUMMYFUNCTION("""COMPUTED_VALUE"""),"968 - Inteligencia Artificial 2") -> 968 - Inteligencia Artificial 2
A71: =IFERROR(__xludf.DUMMYFUNCTION("""COMPUTED_VALUE"""),"974 - Redes de Nueva Generación") -> 974 - Redes de Nueva Generación
A72: =IFERROR(__xludf.DUMMYFUNCTION("""COMPUTED_VALUE"""),"780 - Software Avanzado") -> 780 - Software Avanzado | B72: =IFERROR(__xludf.DUMMYFUNCTION("""COMPUTED_VALUE"""),"1SZ2dJz29IsruB5vMYQ514xwGe6wyVx6cjMu_iwnHpFo") -> 1SZ2dJz29IsruB5vMYQ514xwGe6wyVx6cjMu_iwnHpFo | C72: =IFERROR(__xludf.DUMMYFUNCTION("""COMPUTED_VALUE"""),"13JrqVT0c3I6SzCOF1sKpi1qJKOryNTT4TsCaNwuV-24") -> 13JrqVT0c3I6SzCOF1sKpi1qJKOryNTT4TsCaNwuV-24 | D72: =IFERROR(__xludf.DUMMYFUNCTION("""COMPUTED_VALUE"""),"1QVpX8zi83Rr6KfcUvSEKp9NqRCfEFmL1eZ88Oeeolto") -> 1QVpX8zi83Rr6KfcUvSEKp9NqRCfEFmL1eZ88Oeeolto | E72: =IFERROR(__xludf.DUMMYFUNCTION("""COMPUTED_VALUE"""),"1j6tUIPNPfK0lVrpQxNZKyB23LcXzn5Ge") -> 1j6tUIPNPfK0lVrpQxNZKyB23LcXzn5Ge
A73: =IFERROR(__xludf.DUMMYFUNCTION("""COMPUTED_VALUE"""),"789 - Sistemas Aplicados 2") -> 789 - Sistemas Aplicados 2
A74: =IFERROR(__xludf.DUMMYFUNCTION("""COMPUTED_VALUE"""),"735 - Auditoría de Proyectos de Software") -> 735 - Auditoría de Proyectos de Software
A75: =IFERROR(__xludf.DUMMYFUNCTION("""COMPUTED_VALUE"""),"7999 - Seminario de Investigación EPS Sistemas") -> 7999 - Seminario de Investigación EPS Sistemas
A76: =IFERROR(__xludf.DUMMYFUNCTION("""COMPUTED_VALUE"""),"799 - Seminario de Investigación") -> 799 - Seminario de Investigación
A77: =IFERROR(__xludf.DUMMYFUNCTION("""COMPUTED_VALUE"""),"90 - Programacion de Computadoras 1") -> 90 - Programacion de Computadoras 1 | B77: =IFERROR(__xludf.DUMMYFUNCTION("""COMPUTED_VALUE"""),"1qvDDGj5yCc7f5CzNszeAsW2HPXfptQjvWIcbjskCMYM") -> 1qvDDGj5yCc7f5CzNszeAsW2HPXfptQjvWIcbjskCMYM | C77: =IFERROR(__xludf.DUMMYFUNCTION("""COMPUTED_VALUE"""),"1YPGQg3r0TE0ZsibgKarHMDVR2FLaHLC0G5O84_GpNhw") -> 1YPGQg3r0TE0ZsibgKarHMDVR2FLaHLC0G5O84_GpNhw | D77: =IFERROR(__xludf.DUMMYFUNCTION("""COMPUTED_VALUE"""),"1A_jprbCHQlF7SUg-tly0Ak7hJtMh8U9qL3lUg0S2T4U") -> 1A_jprbCHQlF7SUg-tly0Ak7hJtMh8U9qL3lUg0S2T4U | E77: =IFERROR(__xludf.DUMMYFUNCTION("""COMPUTED_VALUE"""),"1QT0XgtJhS0WdXvrmJ9l5fhkQxyPS7eMI") -> 1QT0XgtJhS0WdXvrmJ9l5fhkQxyPS7eMI
A78: =IFERROR(__xludf.DUMMYFUNCTION("""COMPUTED_VALUE"""),"92 - Programacion de Computadoras 2") -> 92 - Programacion de Computadoras 2 | B78: =IFERROR(__xludf.DUMMYFUNCTION("""COMPUTED_VALUE"""),"1SCiXODhHsEGBVGnnYk9ZrO_gSOSvcGwu7lDEJBfLaEw") -> 1SCiXODhHsEGBVGnnYk9ZrO_gSOSvcGwu7lDEJBfLaEw | C78: =IFERROR(__xludf.DUMMYFUNCTION("""COMPUTED_VALUE"""),"1Bf3nWt47xcnM3VU3BvJaD4AcWQd-1GK4pJm4b69PzDk") -> 1Bf3nWt47xcnM3VU3BvJaD4AcWQd-1GK4pJm4b69PzDk | D78: =IFERROR(__xludf.DUMMYFUNCTION("""COMPUTED_VALUE"""),"1DHgSe2VDZ9KBUhl4_7NdyzagI7iar5NJSgD9rUtytdY") -> 1DHgSe2VDZ9KBUhl4_7NdyzagI7iar5NJSgD9rUtytdY | E78: =IFERROR(__xludf.DUMMYFUNCTION("""COMPUTED_VALUE"""),"1FHqe10A7z4kQFMWfvfI8tkxBkAgiF7u2e1XlqT1-63E") -> 1FHqe10A7z4kQFMWfvfI8tkxBkAgiF7u2e1XlqT1-63E
A79: =IFERROR(__xludf.DUMMYFUNCTION("""COMPUTED_VALUE"""),"667 - Programacion Comercial 1") -> 667 - Programacion Comercial 1 | B79: =IFERROR(__xludf.DUMMYFUNCTION("""COMPUTED_VALUE"""),"1q-0CM7N_hXOxknvTAL7P8U9-t9hqpm1-3l5E6r3G-qg") -> 1q-0CM7N_hXOxknvTAL7P8U9-t9hqpm1-3l5E6r3G-qg | C79: =IFERROR(__xludf.DUMMYFUNCTION("""COMPUTED_VALUE"""),"1R41rwbBQZrh9qjZ3XYjH5mTM9rwh34s58Htn787_YnY") -> 1R41rwbBQZrh9qjZ3XYjH5mTM9rwh34s58Htn787_YnY | D79: =IFERROR(__xludf.DUMMYFUNCTION("""COMPUTED_VALUE"""),"1s3J2CHGyPGSPwPm7T7m5o_7sQCrWwpQ5xqzAk04bgVA") -> 1s3J2CHGyPGSPwPm7T7m5o_7sQCrWwpQ5xqzAk04bgVA | E79: =IFERROR(__xludf.DUMMYFUNCTION("""COMPUTED_VALUE"""),"1VSynsMtKbK1ktIqRzKf6QEpnepidsJka") -> 1VSynsMtKbK1ktIqRzKf6QEpnepidsJka
A80: =IFERROR(__xludf.DUMMYFUNCTION("""COMPUTED_VALUE"""),"768 - Algoritmos") -> 768 - Algoritmos | B80: =IFERROR(__xludf.DUMMYFUNCTION("""COMPUTED_VALUE"""),"1SjAd6zUsLAnVyCAYH7AjoRBdaM836qJGVSbcpa5npcA") -> 1SjAd6zUsLAnVyCAYH7AjoRBdaM836qJGVSbcpa5npcA | C80: =IFERROR(__xludf.DUMMYFUNCTION("""COMPUTED_VALUE"""),"1afm0IKlaJOgHVN4bCH6AUAoNUqhq0_44_T5aENeyCWo") -> 1afm0IKlaJOgHVN4bCH6AUAoNUqhq0_44_T5aENeyCWo | D80: =IFERROR(__xludf.DUMMYFUNCTION("""COMPUTED_VALUE"""),"1G1fW33CrLmmI1Pxdgw_cAdUJKRHg8LpG4-p2vnoWUqw") -> 1G1fW33CrLmmI1Pxdgw_cAdUJKRHg8LpG4-p2vnoWUqw | E80: =IFERROR(__xludf.DUMMYFUNCTION("""COMPUTED_VALUE"""),"1ySU7wJA5-EonRSWzEsgL03LPoX0Yz7rw") -> 1ySU7wJA5-EonRSWzEsgL03LPoX0Yz7rw
A81: =IFERROR(__xludf.DUMMYFUNCTION("""COMPUTED_VALUE"""),"0089 - Comunicación Asertiva") -> 0089 - Comunicación Asertiva | D81: =IFERROR(__xludf.DUMMYFUNCTION("""COMPUTED_VALUE"""),"1_Ei-qZBLFjKXYNiETo-SLQ_i6LLtwBqz0DelGIPi31I") -> 1_Ei-qZBLFjKXYNiETo-SLQ_i6LLtwBqz0DelGIPi31I | E81: =IFERROR(__xludf.DUMMYFUNCTION("""COMPUTED_VALUE"""),"10NGlQjOf6PbS47vS9QrPsz0UIEnfLTPH") -> 10NGlQjOf6PbS47vS9QrPsz0UIEnfLTPH
