Workbook

Sheet Diseño
A2: =VALUE(LEFT(C4,FIND(" - ",C4)-1)) -> 972 | B2: Diseño de Contenido Curricular
B4: Curso | C4: 972 - Inteligencia Artificial 1
B5: Periodo al que aplica | C5: Primer Semestre 2026
B8: No. | C8: Competencia | D8: Nombre de la Unidad | E8: Tema | F8: Subtema | G8: Mes | H8: Semana
B9: 1 | C9: desarrolla hechos, reglas, expresiones y predicados recursivos mediante el uso de cláusulas, ciclos, listas, unificación y cortes en Prolog para modelar bases de conocimiento y resolver problemas de inferencia lógica | D9: Logica e Inferencia | E9: Tipos de datos y variables | F9: Declaración de datos atómicos y compuestos | G9: Julio | H9: 2
B10: 2 | C10: desarrolla hechos, reglas, expresiones y predicados recursivos mediante el uso de cláusulas, ciclos, listas, unificación y cortes en Prolog para modelar bases de conocimiento y resolver problemas de inferencia lógica | D10: Logica e Inferencia | E10: Tipos de datos y variables | F10: Manipulación de variables en entornos lógicos | G10: Julio | H10: 2
B11: 3 | C11: desarrolla hechos, reglas, expresiones y predicados recursivos mediante el uso de cláusulas, ciclos, listas, unificación y cortes en Prolog para modelar bases de conocimiento y resolver problemas de inferencia lógica | D11: Logica e Inferencia | E11: Reglas, Hechos y Consultas | F11: Sintaxis de hechos y reglas en Prolog | G11: Julio | H11: 2
B12: 4 | C12: desarrolla hechos, reglas, expresiones y predicados recursivos mediante el uso de cláusulas, ciclos, listas, unificación y cortes en Prolog para modelar bases de conocimiento y resolver problemas de inferencia lógica | D12: Logica e Inferencia | E12: Reglas, Hechos y Consultas | F12: Realización de consultas simples y compuestas | G12: Julio | H12: 2
B13: 5 | C13: desarrolla hechos, reglas, expresiones y predicados recursivos mediante el uso de cláusulas, ciclos, listas, unificación y cortes en Prolog para modelar bases de conocimiento y resolver problemas de inferencia lógica | D13: Logica e Inferencia | E13: Expresiones y Cláusulas | F13: Construcción de expresiones condicionales | G13: Agosto | H13: 3
B14: 6 | C14: desarrolla hechos, reglas, expresiones y predicados recursivos mediante el uso de cláusulas, ciclos, listas, unificación y cortes en Prolog para modelar bases de conocimiento y resolver problemas de inferencia lógica | D14: Logica e Inferencia | E14: Expresiones y Cláusulas | F14: Encadenamiento de cláusulas para inferencias | G14: Agosto | H14: 3
B15: 7 | C15: desarrolla hechos, reglas, expresiones y predicados recursivos mediante el uso de cláusulas, ciclos, listas, unificación y cortes en Prolog para modelar bases de conocimiento y resolver problemas de inferencia lógica | D15: Logica e Inferencia | E15: Predicados | F15: Definición de predicados simples | G15: Agosto | H15: 3
B16: 8 | C16: desarrolla hechos, reglas, expresiones y predicados recursivos mediante el uso de cláusulas, ciclos, listas, unificación y cortes en Prolog para modelar bases de conocimiento y resolver problemas de inferencia lógica | D16: Logica e Inferencia | E16: Predicados | F16: Uso de predicados recursivos | G16: Agosto | H16: 3
B17: 9 | C17: desarrolla hechos, reglas, expresiones y predicados recursivos mediante el uso de cláusulas, ciclos, listas, unificación y cortes en Prolog para modelar bases de conocimiento y resolver problemas de inferencia lógica | D17: Logica e Inferencia | E17: Negación y Cortes | F17: Implementación de negación en inferencias | G17: Agosto | H17: 4
B18: 10 | C18: desarrolla hechos, reglas, expresiones y predicados recursivos mediante el uso de cláusulas, ciclos, listas, unificación y cortes en Prolog para modelar bases de conocimiento y resolver problemas de inferencia lógica | D18: Logica e Inferencia | E18: Negación y Cortes | F18: Control de flujo mediante cortes | G18: Agosto | H18: 4
B19: 11 | C19: desarrolla hechos, reglas, expresiones y predicados recursivos mediante el uso de cláusulas, ciclos, listas, unificación y cortes en Prolog para modelar bases de conocimiento y resolver problemas de inferencia lógica | D19: Logica e Inferencia | E19: Ciclos y Recursión | F19: Definición de ciclos recursivos | G19: Agosto | H19: 4
B20: 12 | C20: desarrolla hechos, reglas, expresiones y predicados recursivos mediante el uso de cláusulas, ciclos, listas, unificación y cortes en Prolog para modelar bases de conocimiento y resolver problemas de inferencia lógica | D20: Logica e Inferencia | E20: Ciclos y Recursión | F20: Resolución de problemas mediante recursividad | G20: Agosto | H20: 4
... B40: 32 | C40: mejora la eficiencia y realismo en simulaciones robóticas mediante ajuste de parámetros, uso de bibliotecas de control y pruebas iterativas para aumentar la precisión, eficiencia y realismo de entornos virtuales | D40: Simulación de Robots | E40: Simulación de Entornos Robóticos | F40: Interacción de múltiples robots en un mismo entorno | G40: Noviembre | H40: 11

Sheet Semana Diagnostico
B2: Diseño de Contenido Curricular
B4: Curso | C4: ='Diseño'!C4 -> 972 - Inteligencia Artificial 1
B5: Semana | C5: 1
B6: Tiempo | C6: =B15+B22+B29+B41+B47+C48 -> 100
A9: 1. Bienvenida y Presentación | G9: Tiempo Aproximado | H9: 10
G10: No puedes excederte mas de 15 minutos
A11: Nombre y Formacion Academica | B11: Presentación Quien soy y mi formación academica
A12: Experiencia docente y profesional | B12: Presentación de CV | K12: Estos puntos son recomendaciones de los puntos a tratar durante tu presentacion, si no usaras estos eres libre de agregar mas filas para indicar que haras. En los recuadros de la derecha colocar breve resumen de lo que planeas decir. No debes ser muy especifico seran pequeñas anotaciones que te ayudaran a recordar lo que planeaste
A13: Rol del auxiliar dentro del curso (funciones, actividades y apoyo a los estudiantes). | B13: Prsentación de funciones de auxiliar
A14: Expectativas sobre la dinámica del curso | B14: Diapositivas con la presentación personal, trayectoria y datos relevantes
A15: Tiempo que emplearas | B15: 10
A18: 2. Evaluación de Conocimientos Previos | G18: Tiempo Aproximado | H18: 20
G19: No puedes excederte mas de 45 minutos
A20: Redactaras de 15 a 20 preguntas con sus respectivas respuestas , por lo que debes escoge los temas que evaluaras | B20: ¿Cuál es la diferencia entre inteligencia artificial débil y fuerte?¿Qué características debe cumplir un agente para ser considerado "inteligente"? Explica el ciclo de percepción–razonamiento–acción de un agente. ¿Qué es un entorno completamente observable y cómo influye en el diseño de un agente? ¿Cuál es la diferencia entre agentes reactivos y agentes basados en modelos? ¿Qué significa que un agente sea autónomo y adaptativo? ¿Qué papel juega el aprendizaje automático dentro de la inteligencia artificial? ¿Por qué la representación del conocimiento es importante en los sistemas de IA? ¿Qué ventajas y limitaciones tiene el uso de heurísticas en la resolución de problemas? ¿En qué se diferencian los sistemas expertos de los sistemas basados en aprendizaje profundo?¿Cuáles son algunos ejemplos actuales del uso de agentes inteligentes en la vida diaria? ¿Qué riesgos éticos surgen al implementar agentes autónomos en áreas críticas como la salud o la seguridad? ¿Cómo puede un agente inteligente aprender de su experiencia pasada? ¿Por qué la definición del entorno es clave para el rendimiento de un agente? ¿Qué retos futuros enfrenta el desarrollo de agentes inteligentes en la inteligencia artificial general (AGI)? | K20: En los recuadors de la derecha deberas colocar las preguntas que planeas realizar con sus respectivas respuestas. En el segundo recuadro deberas colocar un breve resumne de lo que tines planificado para la parte practica del curso previo al que estas impartiendo.
A21: Redactaras una parte practica | B21: Crear formulario para contestar las preguntas
A22: Tiempo que emplearas | B22: 20
A25: 3. Presentación de los Estudiantes | G25: Tiempo Aproximado | H25: 25
G26: No puedes excederte mas de 30 minutos
A27: Seleccion al Azar de 5 Estudiantes | B27: Ruleta para que los alumnos se presenten y comenten sus expectativas | K27: En el primer recuadro colocaras la metodollogia que adoptaras para la eleccion de los estudiantes. En el segundo recuadro colocaras la redaccion de las preguntas que comprendan los siguientes puntos respecto al estudiante: Nombre. Intereses y expectativas sobre el curso. Experiencia previa relacionada con el curso (si aplica). Un dato curioso sobre sí mismo. Consideras que la prueba de conociminetos previos esta acorde al conocimiento que se te brindo en su momento Que tan comodo se sintio con la prueba anterior.
A28: Preguntas que responderan los estudiantes afortunados | B28: ¿Que le interesa del curso? ¿Cuanto le falta para terminar? Exéctativas del curso. Un dato curioso de si mismo.
A29: Tiempo que emplearas | B29: 25
A32: 4. Senso de Horarios de Calificación | G32: Tiempo Aproximado | H32: =B36 -> 5
A33: Deberas estar recordando que deben contestar el formulario asi mismo dejar el link fijado en la llamada | G33: Esta actividad quedara abierta hasta el fin de la clase. pero emplearas 5 min especificos para la actividad
A34: Link de google forms donde este el cuestionario | B34: https://docs.google.com/forms/d/e/1FAIpQLScyQDFV21dUEAiOdYenanfx4xXASPsUXGSI3wcBmX7M6zc7VA/viewform?usp=header | K34: Esta actividad te ayudara a realizar un senso de posibles horarios de calificacion y que tus estudiantes esten enterados y puedan preveer los dias de calificacion y asi mismo el horario. Deberas colocar en los reacuadros de la derecha link de Google form libre para correos intitucionales, esto para garantizar una sola respuesta por estudiante. TAmbien deberas colocar los posibles horarios y dias que tentativamente tendrias disponibles. para colocarlos en el google form.
A35: Dias y posibles Horarios de calificacion | B35: Viernes, sabados.
A36: Tiempo que emplearas | B36: 5
A39: 4. Mostrar Programa del Curso | G39: Tiempo Aproximado | H39: =B41 -> 30
G40: No puedes excederte mas de 30 minutos
A41: Tiempo que emplearas | B41: 30
A44: 2. Evaluación de Conocimientos del Curso Actual | G44: Tiempo Aproximado | H44: =B47 -> 15
G45: No puedes excederte mas de 15 minutos
A46: Redactaras 20 preguntas con sus respectivas respuestas | B46: ¿Cuál es la diferencia entre inteligencia artificial débil y fuerte? ¿Qué papel juega el aprendizaje automático dentro de la inteligencia artificial? ¿Por qué la representación del conocimiento es importante en los sistemas de IA? ¿Qué ventajas y limitaciones tiene el uso de heurísticas en la resolución de problemas? ¿En qué se diferencian los sistemas expertos de los sistemas basados en aprendizaje profundo? ¿Qué características debe cumplir un agente para ser considerado "inteligente"? Explica el ciclo de percepción–razonamiento–acción de un agente. ¿Qué es un entorno completamente observable y cómo influye en el diseño de un agente? ¿Cuál es la diferencia entre agentes reactivos y agentes basados en modelos? ¿Qué significa que un agente sea autónomo y adaptativo? ¿Cuáles son algunos ejemplos actuales del uso de agentes inteligentes en la vida diaria? ¿Qué riesgos éticos surgen al implementar agentes autónomos en áreas críticas como la salud o la seguridad? ¿Cómo puede un agente inteligente aprender de su experiencia pasada? ¿Por qué la definición del entorno es clave para el rendimiento de un agente? ¿Qué retos futuros enfrenta el desarrollo de agentes inteligentes en la inteligencia artificial general (AGI)?
A47: Tiempo que emplearas | B47: 15

Sheet S.2
B2: Diseño de la Sesión de Laboratorio
B4: Curso | C4: ='Diseño'!C4 -> 972 - Inteligencia Artificial 1
B5: Semana | C5: 2
B6: Tiempo | C6: =H10+H21+H44+H68 -> 126
B7: Ponderación | C7: =B49+B60 -> 3
B8: Validación de Tiempo | C8: =IF(H44<=0, "❌ ERROR: La Actividad 1 debe tener un tiempo mayor a 0.", IF(H21>60, "❌ ERROR: El 'Área de Conocimiento' no puede exceder los 60 min.", IF((H10+H21+H44)<100, "❌ ERROR: El tiempo total debe ser de al menos 100 min.", "✅ VALIDACIÓN CORRECTA"))) -> ✅ VALIDACIÓN CORRECTA
A10: 1. Área Actitudinal (Saber Ser) | G10: Tiempo Aproximado | H10: =B13 -> 5
G11: Tiene que estar en un rango de 3 a 5 minutos
A12: Nombre del Valor | B12: Responsabilidad
A13: Tiempo Aproximado | B13: 5
A14: Descripcion
A15: La responsabilidad implica asumir con compromiso las actividades asignadas, cumpliendo en tiempo y forma con lo solicitado, tanto en el aula como en el desarrollo de ejercicios prácticos.
A17: Como se relaciona con los conocimientos de la sesion y se aplicaria
A18: El valor de la responsabilidad se aplicará en la entrega puntual de los ejercicios de backtracking, en el cuidado de la calidad del código, así como en la preparación previa del estudiante para participar activamente en la sesión.
A21: 2. Área Conocimiento (Saber) | G21: Tiempo Aproximado | H21: =D39+D40+D41+D42 -> 56
G22: No puede exceder los 60 minutos
A23: Competencia a desarrollar | B23: desarrolla hechos, reglas, expresiones y predicados recursivos mediante el uso de cláusulas, ciclos, listas, unificación y cortes en Prolog para modelar bases de conocimiento y resolver problemas de inferencia lógica
A24: Competencia a desarrollar
A26: 2.1 Contenido
A27: No. | B27: Unidad | D27: Tema | F27: Sub Tema
A28: 1 | B28: =IFERROR(__xludf.DUMMYFUNCTION("FILTER('Diseño'!D:D,'Diseño'!H:H=$C$5)"),"Logica e Inferencia") -> Logica e Inferencia | D28: =IFERROR(__xludf.DUMMYFUNCTION("FILTER('Diseño'!E:E,'Diseño'!H:H=$C$5)"),"Tipos de datos y variables") -> Tipos de datos y variables | F28: =IFERROR(__xludf.DUMMYFUNCTION("FILTER('Diseño'!F:F,'Diseño'!H:H=$C$5)"),"Declaración de datos atómicos y compuestos") -> Declaración de datos atómicos y compuestos
A29: 2 | B29: =IFERROR(__xludf.DUMMYFUNCTION("""COMPUTED_VALUE"""),"Logica e Inferencia") -> Logica e Inferencia | D29: =IFERROR(__xludf.DUMMYFUNCTION("""COMPUTED_VALUE"""),"Tipos de datos y variables") -> Tipos de datos y variables | F29: =IFERROR(__xludf.DUMMYFUNCTION("""COMPUTED_VALUE"""),"Manipulación de variables en entornos lógicos") -> Manipulación de variables en entornos lógicos
A30: 3 | B30: =IFERROR(__xludf.DUMMYFUNCTION("""COMPUTED_VALUE"""),"Logica e Inferencia") -> Logica e Inferencia | D30: =IFERROR(__xludf.DUMMYFUNCTION("""COMPUTED_VALUE"""),"Reglas, Hechos y Consultas") -> Reglas, Hechos y Consultas | F30: =IFERROR(__xludf.DUMMYFUNCTION("""COMPUTED_VALUE"""),"Sintaxis de hechos y reglas en Prolog") -> Sintaxis de hechos y reglas en Prolog
A31: 4 | B31: =IFERROR(__xludf.DUMMYFUNCTION("""COMPUTED_VALUE"""),"Logica e Inferencia") -> Logica e Inferencia | D31: =IFERROR(__xludf.DUMMYFUNCTION("""COMPUTED_VALUE"""),"Reglas, Hechos y Consultas") -> Reglas, Hechos y Consultas | F31: =IFERROR(__xludf.DUMMYFUNCTION("""COMPUTED_VALUE"""),"Realización de consultas simples y compuestas") -> Realización de consultas simples y compuestas
A32: 5
A33: 6
A34: 7
A36: 2.2 Recursos Educativos
A38: Tipo de Recurso a utilizar | B38: Tipo | C38: Rango Aproximando | D38: Tiempo Aproximado
A39: Presentacion | B39: Obligatorio | C39: 40 | D39: 30
A40: Video | B40: Obligatorio | C40: 6 | D40: 3
A41: Lectura | B41: Optativo | C41: 3 | D41: 3
A42: Ejercicio Demostrativo | B42: Obligatorio | C42: 30 | D42: 20
A44: 3. Área de Habilidades (Saber Hacer) | G44: Tiempo Aproximado | H44: =B50+B61 -> 50
G45: Tiene que estar en un rango de 30 a 50 minutos
A46: Actividad 1 (Obligatoria)
A47: Competencia que predomina en la actividad | B47: desarrolla hechos, reglas, expresiones y predicados recursivos mediante el uso de cláusulas, ciclos, listas, unificación y cortes en Prolog para modelar bases de conocimiento y resolver problemas de inferencia lógica
A48: Tipo de Actividad | B48: Ejercicio practico
A49: Ponderación | B49: 1
A50: Tiempo Aproximado | B50: 50
A51: Coloca el tiempo que usar en la actividad, un tiempo sugerido 30 minutos
A52: Descripcion de la Actividad
A53: • Modificar el archivo HTML proporcionado para agregar nuevos hechos: padre(carlos, juan). madre(luisa, juan). • Agregar una nueva regla: abuelo(X, Y) :- padre(X, Z), padre(Z, Y). • Realizar una consulta usando Tau-Prolog para determinar si carlos es abuelo de maria.
A57: Actividad 2 (Optativa puedes hacerla si lo consideras apropiado)
A58: Competencia que predomina en la actividad
A59: Tipo de Actividad
A60: Ponderación | B60: 2
A61: Tiempo Aproximado
A62: Coloca el tiempo que usar en la actividad, un tiempo sugerido 20 minutos
A63: Descripcion de la Actividad
A68: 3. Cierre | G68: Tiempo Aproximado | H68: 15
G69: Tiene que estar en un rango de 10 a 15 minutos
A70: Tiempo Aproximado | B70: 15
A71: Asignacion de Actividades
A74: Resuelve alguna duda, asigna las actividades que deben realizar, dudas de proyectos, etc

Sheet S.3
B2: Diseño de la Sesión de Laboratorio
B4: Curso | C4: ='Diseño'!C4 -> 972 - Inteligencia Artificial 1
B5: Semana | C5: 3
B6: Tiempo | C6: =H10+H21+H44+H68 -> 112
B7: Ponderación | C7: =B49+B60 -> 3
B8: Validación de Tiempo | C8: =IF(H44<=0, "❌ ERROR: La Actividad 1 debe tener un tiempo mayor a 0.", IF(H21>60, "❌ ERROR: El 'Área de Conocimiento' no puede exceder los 60 min.", IF((H10+H21+H44)<100, "❌ ERROR: El tiempo total debe ser de al menos 100 min.", "✅ VALIDACIÓN CORRECTA"))) -> ✅ VALIDACIÓN CORRECTA
A10: 1. Área Actitudinal (Saber Ser) | G10: Tiempo Aproximado | H10: =B13 -> 5
G11: Tiene que estar en un rango de 3 a 5 minutos
A12: Nombre del Valor | B12: Claridad
A13: Tiempo Aproximado | B13: 5
A14: Descripcion
A15: La claridad implica expresarse y trabajar de manera comprensible, estructurada y ordenada, tanto al comunicar ideas como al escribir algoritmos o resolver problemas.
A17: Como se relaciona con los conocimientos de la sesion y se aplicaria
A18: Se aplicará en la forma en que los estudiantes: Documenten sus algoritmos de backtracking con comentarios que expliquen la lógica. Expongan con precisión los pasos seguidos en la solución de un problema. Eviten ambigüedades al presentar sus respuestas y justificaciones.
A21: 2. Área Conocimiento (Saber) | G21: Tiempo Aproximado | H21: =D39+D40+D41+D42 -> 56
G22: No puede exceder los 60 minutos
A23: Competencia a desarrollar | B23: desarrolla hechos, reglas, expresiones y predicados recursivos mediante el uso de cláusulas, ciclos, listas, unificación y cortes en Prolog para modelar bases de conocimiento y resolver problemas de inferencia lógica
A24: Competencia a desarrollar
A26: 2.1 Contenido
A27: No. | B27: Unidad | D27: Tema | F27: Sub Tema
A28: 1 | B28: =IFERROR(__xludf.DUMMYFUNCTION("FILTER('Diseño'!D:D,'Diseño'!H:H=$C$5)"),"Logica e Inferencia") -> Logica e Inferencia | D28: =IFERROR(__xludf.DUMMYFUNCTION("FILTER('Diseño'!E:E,'Diseño'!H:H=$C$5)"),"Expresiones y Cláusulas") -> Expresiones y Cláusulas | F28: =IFERROR(__xludf.DUMMYFUNCTION("FILTER('Diseño'!F:F,'Diseño'!H:H=$C$5)"),"Construcción de expresiones condicionales") -> Construcción de expresiones condicionales
A29: 2 | B29: =IFERROR(__xludf.DUMMYFUNCTION("""COMPUTED_VALUE"""),"Logica e Inferencia") -> Logica e Inferencia | D29: =IFERROR(__xludf.DUMMYFUNCTION("""COMPUTED_VALUE"""),"Expresiones y Cláusulas") -> Expresiones y Cláusulas | F29: =IFERROR(__xludf.DUMMYFUNCTION("""COMPUTED_VALUE"""),"Encadenamiento de cláusulas para inferencias") -> Encadenamiento de cláusulas para inferencias
A30: 3 | B30: =IFERROR(__xludf.DUMMYFUNCTION("""COMPUTED_VALUE"""),"Logica e Inferencia") -> Logica e Inferencia | D30: =IFERROR(__xludf.DUMMYFUNCTION("""COMPUTED_VALUE"""),"Predicados") -> Predicados | F30: =IFERROR(__xludf.DUMMYFUNCTION("""COMPUTED_VALUE"""),"Definición de predicados simples") -> Definición de predicados simples
A31: 4 | B31: =IFERROR(__xludf.DUMMYFUNCTION("""COMPUTED_VALUE"""),"Logica e Inferencia") -> Logica e Inferencia | D31: =IFERROR(__xludf.DUMMYFUNCTION("""COMPUTED_VALUE"""),"Predicados") -> Predicados | F31: =IFERROR(__xludf.DUMMYFUNCTION("""COMPUTED_VALUE"""),"Uso de predicados recursivos") -> Uso de predicados recursivos
A32: 5
A33: 6
A34: 7
A36: 2.2 Recursos Educativos
A38: Tipo de Recurso a utilizar | B38: Tipo | C38: Rango Aproximando | D38: Tiempo Aproximado
A39: Presentacion | B39: Obligatorio | D39: 30
A40: Video | B40: Obligatorio | C40: 3 a 6 minutos | D40: 3
A41: Lectura | B41: Optativo | D41: 3
A42: Ejercicio Demostrativo | B42: Obligatorio | D42: 20
A44: 3. Área de Habilidades (Saber Hacer) | G44: Tiempo Aproximado | H44: =B50+B61 -> 50
G45: Tiene que estar en un rango de 30 a 50 minutos
A46: Actividad 1 (Obligatoria)
A47: Competencia que predomina en la actividad | B47: desarrolla hechos, reglas, expresiones y predicados recursivos mediante el uso de cláusulas, ciclos, listas, unificación y cortes en Prolog para modelar bases de conocimiento y resolver problemas de inferencia lógica
A48: Tipo de Actividad | B48: actividades
A49: Ponderación | B49: 1
A50: Tiempo Aproximado | B50: 50
A51: Coloca el tiempo que usar en la actividad, un tiempo sugerido 30 minutos
A52: Descripcion de la Actividad
A53: • Implementar el predicado maximo(X, Y, M) utilizando corte verde. • Crear el predicado clasifica(X, Resultado) usando corte rojo como se vio en clase. • Escribir un predicado recursivo suma_lista(Lista, Suma) y su versión optimizada con recursión de cola. • Usar \+ para verificar si un elemento no pertenece a una lista. • Mostrar mediante ejemplo cómo la negación como falla puede generar respuestas incorrectas con variables no instanciadas.
A57: Actividad 2 (Optativa puedes hacerla si lo consideras apropiado)
A58: Competencia que predomina en la actividad
A59: Tipo de Actividad
A60: Ponderación | B60: 2
A61: Tiempo Aproximado
A62: Coloca el tiempo que usar en la actividad, un tiempo sugerido 20 minutos
A63: Descripcion de la Actividad
A68: 3. Cierre | G68: Tiempo Aproximado | H68: 1
G69: Tiene que estar en un rango de 10 a 15 minutos
A70: Tiempo Aproximado | B70: 10
A71: Asignacion de Actividades
A72: Resolución de dudas de la actividad a realizar
A74: Resuelve alguna duda, asigna las actividades que deben realizar, dudas de proyectos, etc

Sheet S.4
B2: Diseño de la Sesión de Laboratorio
B4: Curso | C4: ='Diseño'!C4 -> 972 - Inteligencia Artificial 1
B5: Semana | C5: 4
B6: Tiempo | C6: =H10+H21+H44+H68 -> 112
B7: Ponderación | C7: =B49+B60 -> 2
B8: Validación de Tiempo | C8: =IF(H44<=0, "❌ ERROR: La Actividad 1 debe tener un tiempo mayor a 0.", IF(H21>60, "❌ ERROR: El 'Área de Conocimiento' no puede exceder los 60 min.", IF((H10+H21+H44)<100, "❌ ERROR: El tiempo total debe ser de al menos 100 min.", "✅ VALIDACIÓN CORRECTA"))) -> ✅ VALIDACIÓN CORRECTA
A10: 1. Área Actitudinal (Saber Ser) | G10: Tiempo Aproximado | H10: =B13 -> 5
G11: Tiene que estar en un rango de 3 a 5 minutos
A12: Nombre del Valor | B12: Perseverancia
A13: Tiempo Aproximado | B13: 5
A14: Descripcion
A15: La perseverancia implica mantener el esfuerzo constante frente a la dificultad, insistiendo en encontrar soluciones y no rendirse fácilmente ante los errores o la complejidad de un problema.
A17: Como se relaciona con los conocimientos de la sesion y se aplicaria
A18: Porque resolver problemas con recursividad puede ser complejo y exige insistencia.
A21: 2. Área Conocimiento (Saber) | G21: Tiempo Aproximado | H21: =D39+D40+D41+D42 -> 56
G22: No puede exceder los 60 minutos
A23: Competencia a desarrollar | B23: desarrolla hechos, reglas, expresiones y predicados recursivos mediante el uso de cláusulas, ciclos, listas, unificación y cortes en Prolog para modelar bases de conocimiento y resolver problemas de inferencia lógica
A24: Competencia a desarrollar
A26: 2.1 Contenido
A27: No. | B27: Unidad | D27: Tema | F27: Sub Tema
A28: 1 | B28: =IFERROR(__xludf.DUMMYFUNCTION("FILTER('Diseño'!D:D,'Diseño'!H:H=$C$5)"),"Logica e Inferencia") -> Logica e Inferencia | D28: =IFERROR(__xludf.DUMMYFUNCTION("FILTER('Diseño'!E:E,'Diseño'!H:H=$C$5)"),"Negación y Cortes") -> Negación y Cortes | F28: =IFERROR(__xludf.DUMMYFUNCTION("FILTER('Diseño'!F:F,'Diseño'!H:H=$C$5)"),"Implementación de negación en inferencias") -> Implementación de negación en inferencias
A29: 2 | B29: =IFERROR(__xludf.DUMMYFUNCTION("""COMPUTED_VALUE"""),"Logica e Inferencia") -> Logica e Inferencia | D29: =IFERROR(__xludf.DUMMYFUNCTION("""COMPUTED_VALUE"""),"Negación y Cortes") -> Negación y Cortes | F29: =IFERROR(__xludf.DUMMYFUNCTION("""COMPUTED_VALUE"""),"Control de flujo mediante cortes") -> Control de flujo mediante cortes
A30: 3 | B30: =IFERROR(__xludf.DUMMYFUNCTION("""COMPUTED_VALUE"""),"Logica e Inferencia") -> Logica e Inferencia | D30: =IFERROR(__xludf.DUMMYFUNCTION("""COMPUTED_VALUE"""),"Ciclos y Recursión") -> Ciclos y Recursión | F30: =IFERROR(__xludf.DUMMYFUNCTION("""COMPUTED_VALUE"""),"Definición de ciclos recursivos") -> Definición de ciclos recursivos
A31: 4 | B31: =IFERROR(__xludf.DUMMYFUNCTION("""COMPUTED_VALUE"""),"Logica e Inferencia") -> Logica e Inferencia | D31: =IFERROR(__xludf.DUMMYFUNCTION("""COMPUTED_VALUE"""),"Ciclos y Recursión") -> Ciclos y Recursión | F31: =IFERROR(__xludf.DUMMYFUNCTION("""COMPUTED_VALUE"""),"Resolución de problemas mediante recursividad") -> Resolución de problemas mediante recursividad
A32: 5
A33: 6
A34: 7
A36: 2.2 Recursos Educativos
A38: Tipo de Recurso a utilizar | B38: Tipo | C38: Rango Aproximando | D38: Tiempo Aproximado
A39: Presentacion | B39: Obligatorio | D39: 30
A40: Video | B40: Obligatorio | C40: 3 a 6 minutos | D40: 3
A41: Lectura | B41: Optativo | D41: 3
A42: Ejercicio Demostrativo | B42: Obligatorio | D42: 20
A44: 3. Área de Habilidades (Saber Hacer) | G44: Tiempo Aproximado | H44: =B50+B61 -> 50
G45: Tiene que estar en un rango de 30 a 50 minutos
A46: Actividad 1 (Obligatoria)
A47: Competencia que predomina en la actividad | B47: desarrolla hechos, reglas, expresiones y predicados recursivos mediante el uso de cláusulas, ciclos, listas, unificación y cortes en Prolog para modelar bases de conocimiento y resolver problemas de inferencia lógica
A48: Tipo de Actividad | B48: otros
A49: Ponderación | B49: 2
A50: Tiempo Aproximado | B50: 50
A51: Coloca el tiempo que usar en la actividad, un tiempo sugerido 30 minutos
A52: Descripcion de la Actividad
A53: Lectura sobre ciclos y recursión
A57: Actividad 2 (Optativa puedes hacerla si lo consideras apropiado)
A58: Competencia que predomina en la actividad
A59: Tipo de Actividad
A60: Ponderación
A61: Tiempo Aproximado
A62: Coloca el tiempo que usar en la actividad, un tiempo sugerido 20 minutos
A63: Descripcion de la Actividad
A68: 3. Cierre | G68: Tiempo Aproximado | H68: 1
G69: Tiene que estar en un rango de 10 a 15 minutos
A70: Tiempo Aproximado | B70: 1
A71: Asignacion de Actividades
A72: Dudas sobre reglas o ciclos que se generen en la lectura
A74: Resuelve alguna duda, asigna las actividades que deben realizar, dudas de proyectos, etc

Sheet S.5
B2: Diseño de la Sesión de Laboratorio
B4: Curso | C4: ='Diseño'!C4 -> 972 - Inteligencia Artificial 1
B5: Semana | C5: 5
B6: Tiempo | C6: =H10+H21+H44+H68 -> 110
B7: Ponderación | C7: =B49+B60 -> 3
B8: Validación de Tiempo | C8: =IF(H44<=0, "❌ ERROR: La Actividad 1 debe tener un tiempo mayor a 0.", IF(H21>60, "❌ ERROR: El 'Área de Conocimiento' no puede exceder los 60 min.", IF((H10+H21+H44)<100, "❌ ERROR: El tiempo total debe ser de al menos 100 min.", "✅ VALIDACIÓN CORRECTA"))) -> ✅ VALIDACIÓN CORRECTA
A10: 1. Área Actitudinal (Saber Ser) | G10: Tiempo Aproximado | H10: =B13 -> 3
G11: Tiene que estar en un rango de 3 a 5 minutos
A12: Nombre del Valor | B12: Curiosidad, innovación, exploración
A13: Tiempo Aproximado | B13: 3
A14: Descripcion
A15: La curiosidad motiva a los estudiantes a cuestionarse y comprender qué es la realidad aumentada, la innovación los impulsa a proponer ideas y aplicaciones creativas, y la exploración fomenta el descubrimiento de nuevas plataformas y herramientas tecnológicas que potencian su aprendizaje
A17: Como se relaciona con los conocimientos de la sesion y se aplicaria
A18: Curiosidad: Porque entender qué es la realidad aumentada impulsa la exploración de nuevas tecnologías. Innovación: Porque pensar en aplicaciones prácticas de AR requiere proponer ideas nuevas. Exploración: Porque se inicia el descubrimiento de plataformas y herramientas emergentes.
A21: 2. Área Conocimiento (Saber) | G21: Tiempo Aproximado | H21: =D39+D40+D41+D42 -> 56
G22: No puede exceder los 60 minutos
A23: Competencia a desarrollar | B23: desarrolla hechos, reglas, expresiones y predicados recursivos mediante el uso de cláusulas, ciclos, listas, unificación y cortes en Prolog para modelar bases de conocimiento y resolver problemas de inferencia lógica
A24: Competencia a desarrollar
A26: 2.1 Contenido
A27: No. | B27: Unidad | D27: Tema | F27: Sub Tema
A28: 1 | B28: =IFERROR(__xludf.DUMMYFUNCTION("FILTER('Diseño'!D:D,'Diseño'!H:H=$C$5)"),"Logica e Inferencia") -> Logica e Inferencia | D28: =IFERROR(__xludf.DUMMYFUNCTION("FILTER('Diseño'!E:E,'Diseño'!H:H=$C$5)"),"Átomos, Listas y Unificación") -> Átomos, Listas y Unificación | F28: =IFERROR(__xludf.DUMMYFUNCTION("FILTER('Diseño'!F:F,'Diseño'!H:H=$C$5)"),"Manejo de átomos y listas") -> Manejo de átomos y listas
A29: 2 | B29: =IFERROR(__xludf.DUMMYFUNCTION("""COMPUTED_VALUE"""),"Logica e Inferencia") -> Logica e Inferencia | D29: =IFERROR(__xludf.DUMMYFUNCTION("""COMPUTED_VALUE"""),"Átomos, Listas y Unificación") -> Átomos, Listas y Unificación | F29: =IFERROR(__xludf.DUMMYFUNCTION("""COMPUTED_VALUE"""),"Principios de unificación de términos") -> Principios de unificación de términos
A30: 3
A31: 4
A32: 5
A33: 6
A34: 7
A36: 2.2 Recursos Educativos
A38: Tipo de Recurso a utilizar | B38: Tipo | C38: Rango Aproximando | D38: Tiempo Aproximado
A39: Presentacion | B39: Obligatorio | D39: 30
A40: Video | B40: Obligatorio | C40: 3 a 6 minutos | D40: 3
A41: Lectura | B41: Optativo | D41: 3
A42: Ejercicio Demostrativo | B42: Obligatorio | D42: 20
A44: 3. Área de Habilidades (Saber Hacer) | G44: Tiempo Aproximado | H44: =B50+B61 -> 50
G45: Tiene que estar en un rango de 30 a 50 minutos
A46: Actividad 1 (Obligatoria)
A47: Competencia que predomina en la actividad | B47: evalúa plataformas de realidad aumentada usando criterios de compatibilidad, usabilidad y eficiencia bajo escenarios de prueba en dispositivos móviles y navegadores web
A48: Tipo de Actividad | B48: actividades
A49: Ponderación | B49: 3
A50: Tiempo Aproximado | B50: 50
A51: Coloca el tiempo que usar en la actividad, un tiempo sugerido 30 minutos
A52: Descripcion de la Actividad
A53: • Utilizando el ejemplo de MindAR dado en clase, compilar una nueva imagen a su elección y utilizarla como marcador. • Actualizar el código para que sobre el marcador se muestre cualquier otra figura diferente a la utilizada en clase (a-box).
A57: Actividad 2 (Optativa puedes hacerla si lo consideras apropiado)
A58: Competencia que predomina en la actividad
A59: Tipo de Actividad
A60: Ponderación
A61: Tiempo Aproximado
A62: Coloca el tiempo que usar en la actividad, un tiempo sugerido 20 minutos
A63: Descripcion de la Actividad
A68: 3. Cierre | G68: Tiempo Aproximado | H68: 1
G69: Tiene que estar en un rango de 10 a 15 minutos
A70: Tiempo Aproximado
A71: Asignacion de Actividades
A74: Resuelve alguna duda, asigna las actividades que deben realizar, dudas de proyectos, etc

Sheet S.6
B2: Diseño de la Sesión de Laboratorio
B4: Curso | C4: ='Diseño'!C4 -> 972 - Inteligencia Artificial 1
B5: Semana | C5: 6
B6: Tiempo | C6: =H10+H21+H44+H68 -> 110
B7: Ponderación | C7: =B49+B60 -> 2
B8: Validación de Tiempo | C8: =IF(H44<=0, "❌ ERROR: La Actividad 1 debe tener un tiempo mayor a 0.", IF(H21>60, "❌ ERROR: El 'Área de Conocimiento' no puede exceder los 60 min.", IF((H10+H21+H44)<100, "❌ ERROR: El tiempo total debe ser de al menos 100 min.", "✅ VALIDACIÓN CORRECTA"))) -> ✅ VALIDACIÓN CORRECTA
A10: 1. Área Actitudinal (Saber Ser) | G10: Tiempo Aproximado | H10: =B13 -> 3
G11: Tiene que estar en un rango de 3 a 5 minutos
A12: Nombre del Valor | B12: Evaluación crítica, adaptabilidad
A13: Tiempo Aproximado | B13: 3
A14: Descripcion
A15: La evaluación crítica consiste en analizar de manera reflexiva las soluciones y resultados, identificando fortalezas, debilidades y posibles mejoras. La adaptabilidad implica ajustarse a nuevas circunstancias, herramientas o formas de resolver un problema sin perder el objetivo final.
A17: Como se relaciona con los conocimientos de la sesion y se aplicaria
A18: "Evaluación crítica: Porque analizar plataformas de AR demanda valorar fortalezas y debilidades objetivamente. Adaptabilidad: Porque trabajar con distintas tecnologías requiere flexibilidad ante cambios y actualizaciones."
A21: 2. Área Conocimiento (Saber) | G21: Tiempo Aproximado | H21: =D39+D40+D41+D42 -> 56
G22: No puede exceder los 60 minutos
A23: Competencia a desarrollar | B23: crea aplicaciones de realidad aumentada con contenido digital interactivo mediante el uso de bibliotecas y técnicas de diseño de experiencias para integrar información virtual en el mundo real de forma efectiva y funcional
A24: Competencia a desarrollar
A26: 2.1 Contenido
A27: No. | B27: Unidad | D27: Tema | F27: Sub Tema
A28: 1 | B28: =IFERROR(__xludf.DUMMYFUNCTION("FILTER('Diseño'!D:D,'Diseño'!H:H=$C$5)"),"Realidad Aumentada") -> Realidad Aumentada | D28: =IFERROR(__xludf.DUMMYFUNCTION("FILTER('Diseño'!E:E,'Diseño'!H:H=$C$5)"),"Introducción a la Realidad Aumentada") -> Introducción a la Realidad Aumentada | F28: =IFERROR(__xludf.DUMMYFUNCTION("FILTER('Diseño'!F:F,'Diseño'!H:H=$C$5)"),"Definición y aplicaciones de la AR") -> Definición y aplicaciones de la AR
A29: 2 | B29: =IFERROR(__xludf.DUMMYFUNCTION("""COMPUTED_VALUE"""),"Realidad Aumentada") -> Realidad Aumentada | D29: =IFERROR(__xludf.DUMMYFUNCTION("""COMPUTED_VALUE"""),"Introducción a la Realidad Aumentada") -> Introducción a la Realidad Aumentada | F29: =IFERROR(__xludf.DUMMYFUNCTION("""COMPUTED_VALUE"""),"Componentes básicos de un sistema de AR") -> Componentes básicos de un sistema de AR
A30: 3 | B30: =IFERROR(__xludf.DUMMYFUNCTION("""COMPUTED_VALUE"""),"Realidad Aumentada") -> Realidad Aumentada | D30: =IFERROR(__xludf.DUMMYFUNCTION("""COMPUTED_VALUE"""),"Plataformas de Desarrollo de AR") -> Plataformas de Desarrollo de AR | F30: =IFERROR(__xludf.DUMMYFUNCTION("""COMPUTED_VALUE"""),"Plataformas de desarrollo de AR") -> Plataformas de desarrollo de AR
A31: 4
A32: 5
A33: 6
A34: 7
A36: 2.2 Recursos Educativos
A38: Tipo de Recurso a utilizar | B38: Tipo | C38: Rango Aproximando | D38: Tiempo Aproximado
A39: Presentacion | B39: Obligatorio | D39: 30
A40: Video | B40: Obligatorio | C40: 3 a 6 minutos | D40: 3
A41: Lectura | B41: Optativo | D41: 3
A42: Ejercicio Demostrativo | B42: Obligatorio | D42: 20
A44: 3. Área de Habilidades (Saber Hacer) | G44: Tiempo Aproximado | H44: =B50+B61 -> 50
G45: Tiene que estar en un rango de 30 a 50 minutos
A46: Actividad 1 (Obligatoria)
A47: Competencia que predomina en la actividad | B47: evalúa plataformas de realidad aumentada usando criterios de compatibilidad, usabilidad y eficiencia bajo escenarios de prueba en dispositivos móviles y navegadores web
A48: Tipo de Actividad | B48: actividades
A49: Ponderación | B49: 2
A50: Tiempo Aproximado | B50: 50
A51: Coloca el tiempo que usar en la actividad, un tiempo sugerido 30 minutos
A52: Descripcion de la Actividad
A53: Completar la tabla comparativa con al menos 6 plataformas de AR incluyendo al final una columna con un caso de uso.
A57: Actividad 2 (Optativa puedes hacerla si lo consideras apropiado)
A58: Competencia que predomina en la actividad
A59: Tipo de Actividad
A60: Ponderación
A61: Tiempo Aproximado
A62: Coloca el tiempo que usar en la actividad, un tiempo sugerido 20 minutos
A63: Descripcion de la Actividad
A68: 3. Cierre | G68: Tiempo Aproximado | H68: 1
G69: Tiene que estar en un rango de 10 a 15 minutos
A70: Tiempo Aproximado
A71: Asignacion de Actividades
A72: Resolución de dudas sobre la AR
A74: Resuelve alguna duda, asigna las actividades que deben realizar, dudas de proyectos, etc

Sheet S.7
B2: Diseño de la Sesión de Laboratorio
B4: Curso | C4: ='Diseño'!C4 -> 972 - Inteligencia Artificial 1
B5: Semana | C5: 7
B6: Tiempo | C6: =H10+H21+H44+H68 -> 108
B7: Ponderación | C7: =B49+B60 -> 2
B8: Validación de Tiempo | C8: =IF(H44<=0, "❌ ERROR: La Actividad 1 debe tener un tiempo mayor a 0.", IF(H21>60, "❌ ERROR: El 'Área de Conocimiento' no puede exceder los 60 min.", IF((H10+H21+H44)<100, "❌ ERROR: El tiempo total debe ser de al menos 100 min.", "✅ VALIDACIÓN CORRECTA"))) -> ✅ VALIDACIÓN CORRECTA
A10: 1. Área Actitudinal (Saber Ser) | G10: Tiempo Aproximado | H10: 1
G11: Tiene que estar en un rango de 3 a 5 minutos
A12: Nombre del Valor | B12: Diseño creativo, empatía digital
A13: Tiempo Aproximado | B13: 5
A14: Descripcion
A15: El diseño creativo consiste en generar soluciones originales y visualmente atractivas, aplicando la imaginación y la innovación para comunicar ideas de manera efectiva. La empatía digital implica comprender y considerar las experiencias, necesidades y emociones de otros al interactuar y diseñar en entornos tecnológicos.
A17: Como se relaciona con los conocimientos de la sesion y se aplicaria
A18: "Diseño creativo: Porque planear flujos de usuario en AR implica crear experiencias nuevas y atractivas. Empatía digital: Porque el diseño debe considerar la facilidad de uso y experiencia del usuario."
A21: 2. Área Conocimiento (Saber) | G21: Tiempo Aproximado | H21: =D39+D40+D41+D42 -> 56
G22: No puede exceder los 60 minutos
A23: Competencia a desarrollar | B23: crea aplicaciones de realidad aumentada con contenido digital interactivo mediante el uso de bibliotecas y técnicas de diseño de experiencias para integrar información virtual en el mundo real de forma efectiva y funcional
A24: Competencia a desarrollar
A26: 2.1 Contenido
A27: No. | B27: Unidad | D27: Tema | F27: Sub Tema
A28: 1 | B28: =IFERROR(__xludf.DUMMYFUNCTION("FILTER('Diseño'!D:D,'Diseño'!H:H=$C$5)"),"Realidad Aumentada") -> Realidad Aumentada | D28: =IFERROR(__xludf.DUMMYFUNCTION("FILTER('Diseño'!E:E,'Diseño'!H:H=$C$5)"),"Plataformas de Desarrollo de AR") -> Plataformas de Desarrollo de AR | F28: =IFERROR(__xludf.DUMMYFUNCTION("FILTER('Diseño'!F:F,'Diseño'!H:H=$C$5)"),"Librerías de AR para entornos web") -> Librerías de AR para entornos web
A29: 2 | B29: =IFERROR(__xludf.DUMMYFUNCTION("""COMPUTED_VALUE"""),"Realidad Aumentada") -> Realidad Aumentada | D29: =IFERROR(__xludf.DUMMYFUNCTION("""COMPUTED_VALUE"""),"Diseño de Aplicaciones de Realidad Aumentada") -> Diseño de Aplicaciones de Realidad Aumentada | F29: =IFERROR(__xludf.DUMMYFUNCTION("""COMPUTED_VALUE"""),"Planeación de flujos de usuario en AR") -> Planeación de flujos de usuario en AR
A30: 3 | B30: =IFERROR(__xludf.DUMMYFUNCTION("""COMPUTED_VALUE"""),"Realidad Aumentada") -> Realidad Aumentada | D30: =IFERROR(__xludf.DUMMYFUNCTION("""COMPUTED_VALUE"""),"Diseño de Aplicaciones de Realidad Aumentada") -> Diseño de Aplicaciones de Realidad Aumentada | F30: =IFERROR(__xludf.DUMMYFUNCTION("""COMPUTED_VALUE"""),"Integración de interacción digital en entornos reales") -> Integración de interacción digital en entornos reales
A31: 4
A32: 5
A33: 6
A34: 7
A36: 2.2 Recursos Educativos
A38: Tipo de Recurso a utilizar | B38: Tipo | C38: Rango Aproximando | D38: Tiempo Aproximado
A39: Presentacion | B39: Obligatorio | D39: 30
A40: Video | B40: Obligatorio | C40: 3 a 6 minutos | D40: 3
A41: Lectura | B41: Optativo | D41: 3
A42: Ejercicio Demostrativo | B42: Obligatorio | D42: 20
A44: 3. Área de Habilidades (Saber Hacer) | G44: Tiempo Aproximado | H44: =B50+B61 -> 50
G45: Tiene que estar en un rango de 30 a 50 minutos
A46: Actividad 1 (Obligatoria)
A47: Competencia que predomina en la actividad | B47: crea aplicaciones de realidad aumentada con contenido digital interactivo mediante el uso de bibliotecas y técnicas de diseño de experiencias para integrar información virtual en el mundo real de forma efectiva y funcional
A48: Tipo de Actividad | B48: actividades
A49: Ponderación | B49: 2
A50: Tiempo Aproximado | B50: 50
A51: Coloca el tiempo que usar en la actividad, un tiempo sugerido 30 minutos
A52: Descripcion de la Actividad
A53: • Utilizando el ejemplo de FaceTracking con MindAR dado en clase, crear un filtro a su imaginación utilizando modelos 2D o 3D. • Crear una página web en la cual se pueda visualizar el filtro utilizando la cámara.
A57: Actividad 2 (Optativa puedes hacerla si lo consideras apropiado)
A58: Competencia que predomina en la actividad
A59: Tipo de Actividad
A60: Ponderación
A61: Tiempo Aproximado
A62: Coloca el tiempo que usar en la actividad, un tiempo sugerido 20 minutos
A63: Descripcion de la Actividad
A68: 3. Cierre | G68: Tiempo Aproximado | H68: 1
G69: Tiene que estar en un rango de 10 a 15 minutos
A70: Tiempo Aproximado
A71: Asignacion de Actividades
A74: Resuelve alguna duda, asigna las actividades que deben realizar, dudas de proyectos, etc

Sheet S.8
B2: Diseño de la Sesión de Laboratorio
B4: Curso | C4: ='Diseño'!C4 -> 972 - Inteligencia Artificial 1
B5: Semana | C5: 8
B6: Tiempo | C6: =H10+H21+H44+H68 -> 107
B7: Ponderación | C7: =B49+B60 -> 3
B8: Validación de Tiempo | C8: =IF(H44<=0, "❌ ERROR: La Actividad 1 debe tener un tiempo mayor a 0.", IF(H21>60, "❌ ERROR: El 'Área de Conocimiento' no puede exceder los 60 min.", IF((H10+H21+H44)<100, "❌ ERROR: El tiempo total debe ser de al menos 100 min.", "✅ VALIDACIÓN CORRECTA"))) -> ✅ VALIDACIÓN CORRECTA
A10: 1. Área Actitudinal (Saber Ser) | G10: Tiempo Aproximado | H10: =B13
G11: Tiene que estar en un rango de 3 a 5 minutos
A12: Nombre del Valor | B12: Estetica, funcionalidad, optimización
A13: Tiempo Aproximado
A14: Descripcion
A15: La estética se relaciona con la capacidad de presentar soluciones de manera clara, atractiva y ordenada, favoreciendo la comprensión y la experiencia visual. La funcionalidad implica que las soluciones propuestas cumplan con su propósito de manera efectiva y práctica. La optimización se centra en mejorar los procesos y soluciones para que sean más rápidos, eficientes y con menor uso de recursos.
A17: Como se relaciona con los conocimientos de la sesion y se aplicaria
A18: "Estética: Porque el modelado de objetos digitales debe ser visualmente atractivo. Funcionalidad: Porque los objetos deben ser no solo bonitos, sino útiles en su integración con AR. Optimización: Porque en AR el rendimiento es clave, y el contenido debe estar optimizado para funcionar bien."
A21: 2. Área Conocimiento (Saber) | G21: Tiempo Aproximado | H21: =D39+D40+D41+D42 -> 56
G22: No puede exceder los 60 minutos
A23: Competencia a desarrollar | B23: crea aplicaciones de realidad aumentada con contenido digital interactivo mediante el uso de bibliotecas y técnicas de diseño de experiencias para integrar información virtual en el mundo real de forma efectiva y funcional
A24: Competencia a desarrollar
A26: 2.1 Contenido
A27: No. | B27: Unidad | D27: Tema | F27: Sub Tema
A28: 1 | B28: =IFERROR(__xludf.DUMMYFUNCTION("FILTER('Diseño'!D:D,'Diseño'!H:H=$C$5)"),"Realidad Aumentada") -> Realidad Aumentada | D28: =IFERROR(__xludf.DUMMYFUNCTION("FILTER('Diseño'!E:E,'Diseño'!H:H=$C$5)"),"Creación de Contenido Digital para AR") -> Creación de Contenido Digital para AR | F28: =IFERROR(__xludf.DUMMYFUNCTION("FILTER('Diseño'!F:F,'Diseño'!H:H=$C$5)"),"Modelado de objetos 2D y 3D para AR") -> Modelado de objetos 2D y 3D para AR
A29: 2 | B29: =IFERROR(__xludf.DUMMYFUNCTION("""COMPUTED_VALUE"""),"Realidad Aumentada") -> Realidad Aumentada | D29: =IFERROR(__xludf.DUMMYFUNCTION("""COMPUTED_VALUE"""),"Creación de Contenido Digital para AR") -> Creación de Contenido Digital para AR | F29: =IFERROR(__xludf.DUMMYFUNCTION("""COMPUTED_VALUE"""),"Técnicas de optimización de contenido digital") -> Técnicas de optimización de contenido digital
A30: 3
A31: 4
A32: 5
A33: 6
A34: 7
A36: 2.2 Recursos Educativos
A38: Tipo de Recurso a utilizar | B38: Tipo | C38: Rango Aproximando | D38: Tiempo Aproximado
A39: Presentacion | B39: Obligatorio | D39: 30
A40: Video | B40: Obligatorio | C40: 3 a 6 minutos | D40: 3
A41: Lectura | B41: Optativo | D41: 3
A42: Ejercicio Demostrativo | B42: Obligatorio | D42: 20
A44: 3. Área de Habilidades (Saber Hacer) | G44: Tiempo Aproximado | H44: =B50+B61 -> 50
G45: Tiene que estar en un rango de 30 a 50 minutos
A46: Actividad 1 (Obligatoria)
A47: Competencia que predomina en la actividad | B47: crea aplicaciones de realidad aumentada con contenido digital interactivo mediante el uso de bibliotecas y técnicas de diseño de experiencias para integrar información virtual en el mundo real de forma efectiva y funcional
A48: Tipo de Actividad | B48: Cuestionario
A49: Ponderación | B49: 3
A50: Tiempo Aproximado | B50: 50
A51: Coloca el tiempo que usar en la actividad, un tiempo sugerido 30 minutos
A52: Descripcion de la Actividad
A53: Corto de clase
A57: Actividad 2 (Optativa puedes hacerla si lo consideras apropiado)
A58: Competencia que predomina en la actividad
A59: Tipo de Actividad
A60: Ponderación
A61: Tiempo Aproximado
A62: Coloca el tiempo que usar en la actividad, un tiempo sugerido 20 minutos
A63: Descripcion de la Actividad
A68: 3. Cierre | G68: Tiempo Aproximado | H68: 1
G69: Tiene que estar en un rango de 10 a 15 minutos
A70: Tiempo Aproximado
A71: Asignacion de Actividades
A74: Resuelve alguna duda, asigna las actividades que deben realizar, dudas de proyectos, etc

Sheet S.9
B2: Diseño de la Sesión de Laboratorio
B4: Curso | C4: ='Diseño'!C4 -> 972 - Inteligencia Artificial 1
B5: Semana | C5: 9
B6: Tiempo | C6: =H10+H21+H44+H68 -> 107
B7: Ponderación | C7: =B49+B60 -> 2
B8: Validación de Tiempo | C8: =IF(H44<=0, "❌ ERROR: La Actividad 1 debe tener un tiempo mayor a 0.", IF(H21>60, "❌ ERROR: El 'Área de Conocimiento' no puede exceder los 60 min.", IF((H10+H21+H44)<100, "❌ ERROR: El tiempo total debe ser de al menos 100 min.", "✅ VALIDACIÓN CORRECTA"))) -> ✅ VALIDACIÓN CORRECTA
A10: 1. Área Actitudinal (Saber Ser) | G10: Tiempo Aproximado | H10: =B13
G11: Tiene que estar en un rango de 3 a 5 minutos
A12: Nombre del Valor | B12: investigación, Iniciativa
A13: Tiempo Aproximado
A14: Descripcion
A15: La investigación impulsa a los estudiantes a indagar, buscar información y profundizar en nuevos conocimientos para comprender mejor un tema. La iniciativa fomenta la proactividad, motivando a los estudiantes a proponer ideas, experimentar soluciones y tomar acción sin esperar instrucciones.
A17: Como se relaciona con los conocimientos de la sesion y se aplicaria
A18: "Investigación: Porque conocer plataformas y bibliotecas de simulación exige indagar en documentación y ejemplos. Iniciativa: Porque construir simulaciones propias requiere tomar acción y experimentar."
A21: 2. Área Conocimiento (Saber) | G21: Tiempo Aproximado | H21: =D39+D40+D41+D42 -> 56
G22: No puede exceder los 60 minutos
A23: Competencia a desarrollar | B23: integra diseños 2D y 3D de robots la eficiencia y realismo en simulaciones robóticas para aumentar la precisión, eficiencia y realismo de entornos virtuales
A24: Competencia a desarrollar
A26: 2.1 Contenido
A27: No. | B27: Unidad | D27: Tema | F27: Sub Tema
A28: 1 | B28: =IFERROR(__xludf.DUMMYFUNCTION("FILTER('Diseño'!D:D,'Diseño'!H:H=$C$5)"),"Simulación de Robots") -> Simulación de Robots | D28: =IFERROR(__xludf.DUMMYFUNCTION("FILTER('Diseño'!E:E,'Diseño'!H:H=$C$5)"),"Introducción a la Simulación Robótica") -> Introducción a la Simulación Robótica | F28: =IFERROR(__xludf.DUMMYFUNCTION("FILTER('Diseño'!F:F,'Diseño'!H:H=$C$5)"),"Definición y aplicaciones de la simulación de robots") -> Definición y aplicaciones de la simulación de robots
A29: 2 | B29: =IFERROR(__xludf.DUMMYFUNCTION("""COMPUTED_VALUE"""),"Simulación de Robots") -> Simulación de Robots | D29: =IFERROR(__xludf.DUMMYFUNCTION("""COMPUTED_VALUE"""),"Introducción a la Simulación Robótica") -> Introducción a la Simulación Robótica | F29: =IFERROR(__xludf.DUMMYFUNCTION("""COMPUTED_VALUE"""),"Plataformas y bibliotecas de simulación 3D y 2D") -> Plataformas y bibliotecas de simulación 3D y 2D
A30: 3
A31: 4
A32: 5
A33: 6
A34: 7
A36: 2.2 Recursos Educativos
A38: Tipo de Recurso a utilizar | B38: Tipo | C38: Rango Aproximando | D38: Tiempo Aproximado
A39: Presentacion | B39: Obligatorio | D39: 30
A40: Video | B40: Obligatorio | C40: 3 a 6 minutos | D40: 3
A41: Lectura | B41: Optativo | D41: 3
A42: Ejercicio Demostrativo | B42: Obligatorio | D42: 20
A44: 3. Área de Habilidades (Saber Hacer) | G44: Tiempo Aproximado | H44: =B50+B61 -> 50
G45: Tiene que estar en un rango de 30 a 50 minutos
A46: Actividad 1 (Obligatoria)
A47: Competencia que predomina en la actividad | B47: integra diseños 2D y 3D de robots la eficiencia y realismo en simulaciones robóticas para aumentar la precisión, eficiencia y realismo de entornos virtuales
A48: Tipo de Actividad | B48: actividades
A49: Ponderación | B49: 2
A50: Tiempo Aproximado | B50: 50
A51: Coloca el tiempo que usar en la actividad, un tiempo sugerido 30 minutos
A52: Descripcion de la Actividad
A53: Tomando como base el ejemplo de Three.js brindado en clase, los estudiantes deben: o Crear una escena con al menos 3 objetos 3D diferentes (esfera, cubo, cilindro). o Aplicarles materiales distintos y animaciones individuales. o Modificar posiciones y escalas para distribuirlos en el espacio. o Visualizar la escena en el navegador.
A57: Actividad 2 (Optativa puedes hacerla si lo consideras apropiado)
A58: Competencia que predomina en la actividad
A59: Tipo de Actividad
A60: Ponderación
A61: Tiempo Aproximado
A62: Coloca el tiempo que usar en la actividad, un tiempo sugerido 20 minutos
A63: Descripcion de la Actividad
A68: 3. Cierre | G68: Tiempo Aproximado | H68: 1
G69: Tiene que estar en un rango de 10 a 15 minutos
A70: Tiempo Aproximado
A71: Asignacion de Actividades
A74: Resuelve alguna duda, asigna las actividades que deben realizar, dudas de proyectos, etc

Sheet S.10
B2: Diseño de la Sesión de Laboratorio
B4: Curso | C4: ='Diseño'!C4 -> 972 - Inteligencia Artificial 1
B5: Semana | C5: 10
B6: Tiempo | C6: =H10+H21+H44+H68 -> 105
B7: Ponderación | C7: =B49+B60 -> 2
B8: Validación de Tiempo | C8: =IF(H44<=0, "❌ ERROR: La Actividad 1 debe tener un tiempo mayor a 0.", IF(H21>60, "❌ ERROR: El 'Área de Conocimiento' no puede exceder los 60 min.", IF((H10+H21+H44)<100, "❌ ERROR: El tiempo total debe ser de al menos 100 min.", "✅ VALIDACIÓN CORRECTA"))) -> ✅ VALIDACIÓN CORRECTA
A10: 1. Área Actitudinal (Saber Ser) | G10: Tiempo Aproximado | H10: =B13 -> 5
G11: Tiene que estar en un rango de 3 a 5 minutos
A12: Nombre del Valor | B12: Creatividad técnica, Precisión espacial
A13: Tiempo Aproximado | B13: 5
A14: Descripcion
A15: Creatividad técnica: Capacidad de proponer soluciones innovadoras aplicando conocimientos científicos y tecnológicos. Precisión espacial: Habilidad para interpretar y representar con exactitud las relaciones entre objetos en el espacio.
A17: Como se relaciona con los conocimientos de la sesion y se aplicaria
A18: Porque modelar robots en 2D y 3D combina habilidades técnicas y creatividad visual. Porque diseñar robots funcionales en un entorno tridimensional requiere mucha exactitud en medidas y posiciones.
A21: 2. Área Conocimiento (Saber) | G21: Tiempo Aproximado | H21: =D39+D40+D41+D42 -> 55
G22: No puede exceder los 60 minutos
A23: Competencia a desarrollar | B23: integra diseños 2D y 3D de robots la eficiencia y realismo en simulaciones robóticas para aumentar la precisión, eficiencia y realismo de entornos virtuales
A24: Competencia a desarrollar
A26: 2.1 Contenido
A27: No. | B27: Unidad | D27: Tema | F27: Sub Tema
A28: 1 | B28: =IFERROR(__xludf.DUMMYFUNCTION("FILTER('Diseño'!D:D,'Diseño'!H:H=$C$5)"),"Simulación de Robots") -> Simulación de Robots | D28: =IFERROR(__xludf.DUMMYFUNCTION("FILTER('Diseño'!E:E,'Diseño'!H:H=$C$5)"),"Diseño de Robots en 2D") -> Diseño de Robots en 2D | F28: =IFERROR(__xludf.DUMMYFUNCTION("FILTER('Diseño'!F:F,'Diseño'!H:H=$C$5)"),"Modelado de robots en entornos bidimensionales") -> Modelado de robots en entornos bidimensionales
A29: 2 | B29: =IFERROR(__xludf.DUMMYFUNCTION("""COMPUTED_VALUE"""),"Simulación de Robots") -> Simulación de Robots | D29: =IFERROR(__xludf.DUMMYFUNCTION("""COMPUTED_VALUE"""),"Diseño de Robots en 2D") -> Diseño de Robots en 2D | F29: =IFERROR(__xludf.DUMMYFUNCTION("""COMPUTED_VALUE"""),"Definición de acciones básicas en 2D") -> Definición de acciones básicas en 2D
A30: 3 | B30: =IFERROR(__xludf.DUMMYFUNCTION("""COMPUTED_VALUE"""),"Simulación de Robots") -> Simulación de Robots | D30: =IFERROR(__xludf.DUMMYFUNCTION("""COMPUTED_VALUE"""),"Diseño de Robots en 3D") -> Diseño de Robots en 3D | F30: =IFERROR(__xludf.DUMMYFUNCTION("""COMPUTED_VALUE"""),"Creación de modelos tridimensionales de robots") -> Creación de modelos tridimensionales de robots
A31: 4 | B31: =IFERROR(__xludf.DUMMYFUNCTION("""COMPUTED_VALUE"""),"Simulación de Robots") -> Simulación de Robots | D31: =IFERROR(__xludf.DUMMYFUNCTION("""COMPUTED_VALUE"""),"Diseño de Robots en 3D") -> Diseño de Robots en 3D | F31: =IFERROR(__xludf.DUMMYFUNCTION("""COMPUTED_VALUE"""),"Implementación de texturas y materiales") -> Implementación de texturas y materiales
A32: 5
A33: 6
A34: 7
A36: 2.2 Recursos Educativos
A38: Tipo de Recurso a utilizar | B38: Tipo | C38: Rango Aproximando | D38: Tiempo Aproximado
A39: Presentacion | B39: Obligatorio | D39: 25
A40: Video | B40: Obligatorio | C40: 3 a 6 minutos | D40: 5
A41: Lectura | B41: Optativo
A42: Ejercicio Demostrativo | B42: Obligatorio | D42: 25
A44: 3. Área de Habilidades (Saber Hacer) | G44: Tiempo Aproximado | H44: =B50 -> 40
G45: Tiene que estar en un rango de 30 a 50 minutos
A46: Actividad 1 (Obligatoria)
A47: Competencia que predomina en la actividad | B47: integra diseños 2D y 3D de robots la eficiencia y realismo en simulaciones robóticas para aumentar la precisión, eficiencia y realismo de entornos virtuales
A48: Tipo de Actividad | B48: Ejercicio practico
A49: Ponderación | B49: 2
A50: Tiempo Aproximado | B50: 40
A51: Coloca el tiempo que usar en la actividad, un tiempo sugerido 30 minutos
A52: Descripcion de la Actividad
A53: Simulación de un ambiente en 3D con un objeto básico.
A57: Actividad 2 (Optativa puedes hacerla si lo consideras apropiado)
A58: Competencia que predomina en la actividad
A59: Tipo de Actividad
A60: Ponderación
A61: Tiempo Aproximado
A62: Coloca el tiempo que usar en la actividad, un tiempo sugerido 20 minutos
A63: Descripcion de la Actividad
A68: 3. Cierre | G68: Tiempo Aproximado | H68: =B70 -> 5
G69: Tiene que estar en un rango de 10 a 15 minutos
A70: Tiempo Aproximado | B70: 5
A71: Asignacion de Actividades
A74: Resuelve alguna duda, asigna las actividades que deben realizar, dudas de proyectos, etc

Sheet S.11
B2: Diseño de la Sesión de Laboratorio
B4: Curso | C4: ='Diseño'!C4 -> 972 - Inteligencia Artificial 1
B5: Semana | C5: 11
B6: Tiempo | C6: =H10+H21+H44+H68 -> 105
B7: Ponderación | C7: =B49+B60 -> 3
B8: Validación de Tiempo | C8: =IF(H44<=0, "❌ ERROR: La Actividad 1 debe tener un tiempo mayor a 0.", IF(H21>60, "❌ ERROR: El 'Área de Conocimiento' no puede exceder los 60 min.", IF((H10+H21+H44)<100, "❌ ERROR: El tiempo total debe ser de al menos 100 min.", "✅ VALIDACIÓN CORRECTA"))) -> ✅ VALIDACIÓN CORRECTA
A10: 1. Área Actitudinal (Saber Ser) | G10: Tiempo Aproximado | H10: =B13 -> 5
G11: Tiene que estar en un rango de 3 a 5 minutos
A12: Nombre del Valor | B12: Trabajo colaborativo, Mejora continua, Responsabilidad técnica
A13: Tiempo Aproximado | B13: 5
A14: Descripcion
A15: Trabajo colaborativo: Capacidad de coordinarse con otros para alcanzar objetivos comunes de manera eficiente. Mejora continua: Disposición a optimizar procesos mediante pruebas, ajustes y aprendizajes constantes. Responsabilidad técnica: Compromiso de ejecutar tareas con rigor, considerando el impacto en la calidad y eficiencia de los resultados.
A17: Como se relaciona con los conocimientos de la sesion y se aplicaria
A18: Trabajo colaborativo: Porque interactuar múltiples robots en simulaciones promueve la coordinación y el trabajo en equipo. Mejora continua: Porque optimizar simulaciones implica un proceso constante de prueba y ajuste. Responsabilidad técnica: Porque cada ajuste o programación impacta el realismo y eficiencia de la simulación.
A21: 2. Área Conocimiento (Saber) | G21: Tiempo Aproximado | H21: =D39+D40+D41+D42 -> 50
G22: No puede exceder los 60 minutos
A23: Competencia a desarrollar | B23: integra diseños 2D y 3D de robots la eficiencia y realismo en simulaciones robóticas para aumentar la precisión, eficiencia y realismo de entornos virtuales
A24: Competencia a desarrollar
A26: 2.1 Contenido
A27: No. | B27: Unidad | D27: Tema | F27: Sub Tema
A28: 1 | B28: =IFERROR(__xludf.DUMMYFUNCTION("FILTER('Diseño'!D:D,'Diseño'!H:H=$C$5)"),"Simulación de Robots") -> Simulación de Robots | D28: =IFERROR(__xludf.DUMMYFUNCTION("FILTER('Diseño'!E:E,'Diseño'!H:H=$C$5)"),"Programación de Acciones Robóticas") -> Programación de Acciones Robóticas | F28: =IFERROR(__xludf.DUMMYFUNCTION("FILTER('Diseño'!F:F,'Diseño'!H:H=$C$5)"),"Definición de trayectorias y movimientos") -> Definición de trayectorias y movimientos
A29: 2 | B29: =IFERROR(__xludf.DUMMYFUNCTION("""COMPUTED_VALUE"""),"Simulación de Robots") -> Simulación de Robots | D29: =IFERROR(__xludf.DUMMYFUNCTION("""COMPUTED_VALUE"""),"Programación de Acciones Robóticas") -> Programación de Acciones Robóticas | F29: =IFERROR(__xludf.DUMMYFUNCTION("""COMPUTED_VALUE"""),"Respuesta a eventos en simulaciones robóticas") -> Respuesta a eventos en simulaciones robóticas
A30: 3 | B30: =IFERROR(__xludf.DUMMYFUNCTION("""COMPUTED_VALUE"""),"Simulación de Robots") -> Simulación de Robots | D30: =IFERROR(__xludf.DUMMYFUNCTION("""COMPUTED_VALUE"""),"Simulación de Entornos Robóticos") -> Simulación de Entornos Robóticos | F30: =IFERROR(__xludf.DUMMYFUNCTION("""COMPUTED_VALUE"""),"Implementación de simuladores básicos (p5.js, Three.js)") -> Implementación de simuladores básicos (p5.js, Three.js)
A31: 4 | B31: =IFERROR(__xludf.DUMMYFUNCTION("""COMPUTED_VALUE"""),"Simulación de Robots") -> Simulación de Robots | D31: =IFERROR(__xludf.DUMMYFUNCTION("""COMPUTED_VALUE"""),"Simulación de Entornos Robóticos") -> Simulación de Entornos Robóticos | F31: =IFERROR(__xludf.DUMMYFUNCTION("""COMPUTED_VALUE"""),"Interacción de múltiples robots en un mismo entorno") -> Interacción de múltiples robots en un mismo entorno
A32: 5
A33: 6
A34: 7
A36: 2.2 Recursos Educativos
A38: Tipo de Recurso a utilizar | B38: Tipo | C38: Rango Aproximando | D38: Tiempo Aproximado
A39: Presentacion | B39: Obligatorio | D39: 25
A40: Video | B40: Obligatorio | C40: 3 a 6 minutos | D40: 5
A41: Lectura | B41: Optativo | D41: 10
A42: Ejercicio Demostrativo | B42: Obligatorio | D42: 10
A44: 3. Área de Habilidades (Saber Hacer) | G44: Tiempo Aproximado | H44: =B50+B61 -> 45
G45: Tiene que estar en un rango de 30 a 50 minutos
A46: Actividad 1 (Obligatoria)
A47: Competencia que predomina en la actividad | B47: crea aplicaciones de realidad aumentada con contenido digital interactivo mediante el uso de bibliotecas y técnicas de diseño de experiencias para integrar información virtual en el mundo real de forma efectiva y funcional
A48: Tipo de Actividad | B48: Cuestionario
A49: Ponderación | B49: 3
A50: Tiempo Aproximado | B50: 45
A51: Coloca el tiempo que usar en la actividad, un tiempo sugerido 30 minutos
A52: Descripcion de la Actividad
A53: Examen corto de la unidad 3
A57: Actividad 2 (Optativa puedes hacerla si lo consideras apropiado)
A58: Competencia que predomina en la actividad
A59: Tipo de Actividad
A60: Ponderación
A61: Tiempo Aproximado
A62: Coloca el tiempo que usar en la actividad, un tiempo sugerido 20 minutos
A63: Descripcion de la Actividad
A68: 3. Cierre | G68: Tiempo Aproximado | H68: =B70 -> 5
G69: Tiene que estar en un rango de 10 a 15 minutos
A70: Tiempo Aproximado | B70: 5
A71: Asignacion de Actividades
A74: Resuelve alguna duda, asigna las actividades que deben realizar, dudas de proyectos, etc

Sheet Proyectos
B2: Proyectos
B4: Curso | C4: ='Diseño'!C4 -> 972 - Inteligencia Artificial 1
B5: Tiempo | C5: =H9+H26+H43 -> 108
B6: Ponderación | C6: =F9+F26+F43 -> 70
B7: La sumatoria de los puntos de los proyectos debe superar el 70% del total de la nota, no puede ser un 100%
A9: 1. Primer Proyecto | E9: Ponderación | F9: 30 | G9: Horas para realizarlo | H9: 50
A10: Obligatorio
A11: Competencia a desarrollar | B11: Integra fundamentos de lógica, realidad aumentada y simulación robótica mediante el uso de entornos de desarrollo para resolver problemas relacionados a inferencia, interacción digital y simulación de comportamientos autónomos
A12: Competencia a desarrollar | B12: implementa soluciones de inteligencia artificial empleando técnicas de inferencia lógica, diseño de entornos virtuales y control de robots en distintos escenarios de optimización, clasificación y toma de decisiones
A13: Competencia a desarrollar | B13: desarrolla hechos, reglas, expresiones y predicados recursivos mediante el uso de cláusulas, ciclos, listas, unificación y cortes en Prolog para modelar bases de conocimiento y resolver problemas de inferencia lógica
A14: Titulo | B14: Lógica e Inferencia con Prolog
A15: Qué tecnologías, lenguajes de programación, plataformas, hardware o software se utilizaran
A16: Prolog (Python)
A19: Descripción de lo que se realizara
A20: Desarrollo de una aplicación que emplee lógica formal para modelar y resolver problemas mediante Prolog. El proyecto puede involucrar la creación de una base de conocimiento con hechos y reglas, y la implementación de inferencia lógica para realizar consultas. La resolución de un problema práctico, como un sistema de recomendaciones o diagnóstico basado en reglas lógicas, será el enfoque principal.
A26: 2. Segundo Proyecto | E26: Ponderación | F26: 40 | G26: Horas para realizarlo | H26: 58
A27: Obligatorio
A28: Competencia a desarrollar | B28: Integra fundamentos de lógica, realidad aumentada y simulación robótica mediante el uso de entornos de desarrollo para resolver problemas relacionados a inferencia, interacción digital y simulación de comportamientos autónomos
A29: Competencia a desarrollar | B29: implementa soluciones de inteligencia artificial empleando técnicas de inferencia lógica, diseño de entornos virtuales y control de robots en distintos escenarios de optimización, clasificación y toma de decisiones
A30: Competencia a desarrollar | B30: crea aplicaciones de realidad aumentada con contenido digital interactivo mediante el uso de bibliotecas y técnicas de diseño de experiencias para integrar información virtual en el mundo real de forma efectiva y funcional
A31: Titulo | B31: Aplicación de Realidad Aumentada
A32: Qué tecnologías, lenguajes de programación, plataformas, hardware o software se utilizaran
A33: AR (Raspberry y Python)
A36: Descripción de lo que se realizara
A37: Creación de una aplicación de realidad aumentada que permita interactuar con el entorno físico mediante contenido digital. El proyecto podría incluir el desarrollo de un sistema que integre modelos 3D en el mundo real o una experiencia de AR interactiva, donde el usuario pueda visualizar y manipular objetos virtuales en tiempo real.
A43: 3. Tercer Proyecto | E43: Ponderación | G43: Horas para realizarlo
A44: Optativa
A45: Competencia a desarrollar
A46: Competencia a desarrollar
A47: Competencia a desarrollar
A48: Titulo
A49: Qué tecnologías, lenguajes de programación, plataformas, hardware o software se utilizaran
A53: Descripción de lo que se realizara

Sheet Practicas
B2: Practicas
B4: Curso | C4: ='Diseño'!C4 -> 972 - Inteligencia Artificial 1
B5: Tiempo | C5: =H9+H26+H43+H60+H77+H94+H111 -> 0
B6: Ponderación | C6: =F9+F26+F43+F60+F77+F94+F111 -> 0
B7: La sumatoria de los puntos de los practicas debe no debe super el 20%
A9: 1. Primera Practica | E9: Ponderación | G9: Horas para realizarlo
A10: Obligatoria
A11: Competencia a desarrollar
A12: Competencia a desarrollar
A13: Competencia a desarrollar
A14: Titulo
A15: Qué tecnologías, lenguajes de programación, plataformas, hardware o software se utilizaran
A19: Descripción de lo que se realizara
A26: 2. Segunda Practica | E26: Ponderación | G26: Horas para realizarlo
A27: Optativa
A28: Competencia a desarrollar
A29: Competencia a desarrollar
A30: Competencia a desarrollar
A31: Titulo
A32: Qué tecnologías, lenguajes de programación, plataformas, hardware o software se utilizaran
A36: Descripción de lo que se realizara
A43: 3. Tercera Practica | E43: Ponderación | G43: Horas para realizarlo
A44: Optativa
A45: Competencia a desarrollar
A46: Competencia a desarrollar
A47: Competencia a desarrollar
A48: Titulo
A49: Qué tecnologías, lenguajes de programación, plataformas, hardware o software se utilizaran
A53: Descripción de lo que se realizara
A60: 4. Cuarta Practica | E60: Ponderación | G60: Horas para realizarlo
A61: Optativa
A62: Competencia a desarrollar
A63: Competencia a desarrollar
A64: Competencia a desarrollar
A65: Titulo
A66: Qué tecnologías, lenguajes de programación, plataformas, hardware o software se utilizaran
A70: Descripción de lo que se realizara
A77: 5. Quinta Practica | E77: Ponderación | G77: Horas para realizarlo
A78: Optativa
A79: Competencia a desarrollar
A80: Competencia a desarrollar
A81: Competencia a desarrollar
A82: Titulo
A83: Qué tecnologías, lenguajes de programación, plataformas, hardware o software se utilizaran
A87: Descripción de lo que se realizara
A94: 6. Sexta Practica | E94: Ponderación | G94: Horas para realizarlo
A95: Optativa
A96: Competencia a desarrollar
A97: Competencia a desarrollar
A98: Competencia a desarrollar
A99: Titulo
A100: Qué tecnologías, lenguajes de programación, plataformas, hardware o software se utilizaran
A104: Descripción de lo que se realizara
A111: 7. Septima Practica | E111: Ponderación | G111: Horas para realizarlo
A112: Optativa
A113: Competencia a desarrollar
A114: Competencia a desarrollar
A115: Competencia a desarrollar
A116: Titulo
A117: Qué tecnologías, lenguajes de programación, plataformas, hardware o software se utilizaran
A121: Descripción de lo que se realizara

Sheet Tareas
B2: Tareas
B4: Curso | C4: ='Diseño'!C4 -> 972 - Inteligencia Artificial 1
B5: Tiempo | C5: =H9+H26+H43+H60+H77+H94+H111 -> 0
B6: Ponderación | C6: =F9+F26+F43+F60+F77+F94+F111 -> 0
B7: La sumatoria de los puntos de los practicas debe no debe super el 20% de la nota
A9: 1. Primera Tarea | E9: Ponderación | G9: Horas para realizarlo
A10: Obligatoria
A11: Competencia a desarrollar
A12: Competencia a desarrollar
A13: Competencia a desarrollar
A14: Titulo
A15: Qué tecnologías, lenguajes de programación, plataformas, hardware o software se utilizaran
A19: Descripción de lo que se realizara
A26: 2. Segunda Tarea | E26: Ponderación | G26: Horas para realizarlo
A27: Obligatoria
A28: Competencia a desarrollar
A29: Competencia a desarrollar
A30: Competencia a desarrollar
A31: Titulo
A32: Qué tecnologías, lenguajes de programación, plataformas, hardware o software se utilizaran
A36: Descripción de lo que se realizara
A43: 3. Tercera Tarea | E43: Ponderación | G43: Horas para realizarlo
A44: Optativa
A45: Competencia a desarrollar
A46: Competencia a desarrollar
A47: Competencia a desarrollar
A48: Titulo
A49: Qué tecnologías, lenguajes de programación, plataformas, hardware o software se utilizaran
A53: Descripción de lo que se realizara
A60: 4. Cuarta Tarea | E60: Ponderación | G60: Horas para realizarlo
A61: Optativa
A62: Competencia a desarrollar
A63: Competencia a desarrollar
A64: Competencia a desarrollar
A65: Titulo
A66: Qué tecnologías, lenguajes de programación, plataformas, hardware o software se utilizaran
A70: Descripción de lo que se realizara
A77: 5. Quinta Tarea | E77: Ponderación | G77: Horas para realizarlo
A78: Optativa
A79: Competencia a desarrollar
A80: Competencia a desarrollar
A81: Competencia a desarrollar
A82: Titulo
A83: Qué tecnologías, lenguajes de programación, plataformas, hardware o software se utilizaran
A87: Descripción de lo que se realizara
A94: 6. Sexta Tarea | E94: Ponderación | G94: Horas para realizarlo
A95: Optativa
A96: Competencia a desarrollar
A97: Competencia a desarrollar
A98: Competencia a desarrollar
A99: Titulo
A100: Qué tecnologías, lenguajes de programación, plataformas, hardware o software se utilizaran
A104: Descripción de lo que se realizara
A111: 7. Septima Tarea | E111: Ponderación | G111: Horas para realizarlo
A112: Optativa
A113: Competencia a desarrollar
A114: Competencia a desarrollar
A115: Competencia a desarrollar
A116: Titulo
A117: Qué tecnologías, lenguajes de programación, plataformas, hardware o software se utilizaran
A121: Descripción de lo que se realizara

Sheet Resumen
B2: Resumen de Ponderacion y Horas para realizar las actividades
B4: Curso | C4: ='Diseño'!C4 -> 972 - Inteligencia Artificial 1
B5: Periodo al que aplica | C5: Primer Semestre 2026
B6: Total de Puntos del Laboratorio
A9: Actividades Formativas | B9: 8 | D9: Proyectos | E9: 2
A10: Debe abarcar entre el 20% y 30% de la Nota | D10: Debe abarcar entre el 60% y 70% de la Nota
A12: Tipo de Actividad | B12: Ponderacion | C12: Horas Aproximadas para realizarlo | D12: Observaciones
A13: Actividades durante el peridodo de laboratorio | B13: 30 | E13: Sumatoria de todas las semas
A14: Proyectos | B14: =Proyectos!C6 -> 70 | C14: =Proyectos!C5 -> 108
A15: Practicas | B15: =Practicas!C6 -> 0 | C15: =Practicas!C5 -> 0
A16: Tareas | B16: =Tareas!C6 -> 0 | C16: =Tareas!C5 -> 0
A17: Total | B17: =SUM(B13:B16) -> 100 | C17: =SUM(C13:C16) -> 108

Sheet METADATA
A1: =IFERROR(__xludf.DUMMYFUNCTION("IMPORTRANGE(""1j2lHEvOoZ_EPY086Qt7f7AFaZGVfiYKJxXlsnNfWCA0"",""Listado Cursos!H:L"")"),"Codigo-Nombre") -> Codigo-Nombre | B1: =IFERROR(__xludf.DUMMYFUNCTION("""COMPUTED_VALUE"""),"Diseño Curricular V01") -> Diseño Curricular V01 | C1: =IFERROR(__xludf.DUMMYFUNCTION("""COMPUTED_VALUE"""),"Analisis de Contexto V01") -> Analisis de Contexto V01 | D1: =IFERROR(__xludf.DUMMYFUNCTION("""COMPUTED_VALUE"""),"2_Analisis_Internacional_y_Local") -> 2_Analisis_Internacional_y_Local | E1: =IFERROR(__xludf.DUMMYFUNCTION("""COMPUTED_VALUE"""),"3_Diseño_Curricular") -> 3_Diseño_Curricular | H1: =IFERROR(__xludf.DUMMYFUNCTION("IMPORTRANGE(VLOOKUP('Diseño'!C4,A:E,4,FALSE), ""Competencias_1re_Sem_2026!B10:J23"")"),1.0) -> 1 | I1: =IFERROR(__xludf.DUMMYFUNCTION("""COMPUTED_VALUE"""),"General") -> General | J1: =IFERROR(__xludf.DUMMYFUNCTION("""COMPUTED_VALUE"""),"mejora") -> mejora | K1: =IFERROR(__xludf.DUMMYFUNCTION("""COMPUTED_VALUE"""),"la eficiencia y realismo en simulaciones robóticas") -> la eficiencia y realismo en simulaciones robóticas | M1: =IFERROR(__xludf.DUMMYFUNCTION("""COMPUTED_VALUE"""),"mediante ajuste de parámetros, uso de bibliotecas de control y pruebas iterativas") -> mediante ajuste de parámetros, uso de bibliotecas de control y pruebas iterativas | N1: =IFERROR(__xludf.DUMMYFUNCTION("""COMPUTED_VALUE"""),"para aumentar la precisión, eficiencia y realismo de entornos virtuales") -> para aumentar la precisión, eficiencia y realismo de entornos virtuales | P1: =IFERROR(__xludf.DUMMYFUNCTION("""COMPUTED_VALUE"""),"Crear") -> Crear
A2: =IFERROR(__xludf.DUMMYFUNCTION("""COMPUTED_VALUE"""),"17 - Área Social Humanística 1") -> 17 - Área Social Humanística 1 | I2: =IFERROR(__xludf.DUMMYFUNCTION("""COMPUTED_VALUE"""),"mejora la eficiencia y realismo en simulaciones robóticas mediante ajuste de parámetros, uso de bibliotecas de control y pruebas iterativas para aumentar la precisión, eficiencia y realismo de entornos virtuales ") -> mejora la eficiencia y realismo en simulaciones robóticas mediante ajuste de parámetros, uso de bibliotecas de control y pruebas iterativas para aumentar la precisión, eficiencia y realismo de entornos virtuales
A3: =IFERROR(__xludf.DUMMYFUNCTION("""COMPUTED_VALUE"""),"101 - Área Matemática Básica 1") -> 101 - Área Matemática Básica 1 | H3: =IFERROR(__xludf.DUMMYFUNCTION("""COMPUTED_VALUE"""),2.0) -> 2 | I3: =IFERROR(__xludf.DUMMYFUNCTION("""COMPUTED_VALUE"""),"General") -> General | J3: =IFERROR(__xludf.DUMMYFUNCTION("""COMPUTED_VALUE"""),"Integra") -> Integra | K3: =IFERROR(__xludf.DUMMYFUNCTION("""COMPUTED_VALUE"""),"fundamentos de lógica, realidad aumentada y simulación robótica") -> fundamentos de lógica, realidad aumentada y simulación robótica | M3: =IFERROR(__xludf.DUMMYFUNCTION("""COMPUTED_VALUE"""),"mediante el uso de entornos de desarrollo") -> mediante el uso de entornos de desarrollo | N3: =IFERROR(__xludf.DUMMYFUNCTION("""COMPUTED_VALUE"""),"para resolver problemas relacionados a inferencia, interacción digital y simulación de comportamientos autónomos") -> para resolver problemas relacionados a inferencia, interacción digital y simulación de comportamientos autónomos | P3: =IFERROR(__xludf.DUMMYFUNCTION("""COMPUTED_VALUE"""),"Analizar") -> Analizar
A4: =IFERROR(__xludf.DUMMYFUNCTION("""COMPUTED_VALUE"""),"5 - Técnicas de Estudio e Investigación") -> 5 - Técnicas de Estudio e Investigación | I4: =IFERROR(__xludf.DUMMYFUNCTION("""COMPUTED_VALUE"""),"Integra fundamentos de lógica, realidad aumentada y simulación robótica mediante el uso de entornos de desarrollo para resolver problemas relacionados a inferencia, interacción digital y simulación de comportamientos autónomos ") -> Integra fundamentos de lógica, realidad aumentada y simulación robótica mediante el uso de entornos de desarrollo para resolver problemas relacionados a inferencia, interacción digital y simulación de comportamientos autónomos
A5: =IFERROR(__xludf.DUMMYFUNCTION("""COMPUTED_VALUE"""),"39 - Deportes 1") -> 39 - Deportes 1 | H5: =IFERROR(__xludf.DUMMYFUNCTION("""COMPUTED_VALUE"""),3.0) -> 3 | I5: =IFERROR(__xludf.DUMMYFUNCTION("""COMPUTED_VALUE"""),"Especifica") -> Especifica | J5: =IFERROR(__xludf.DUMMYFUNCTION("""COMPUTED_VALUE"""),"implementa") -> implementa | K5: =IFERROR(__xludf.DUMMYFUNCTION("""COMPUTED_VALUE"""),"soluciones de inteligencia artificial") -> soluciones de inteligencia artificial | M5: =IFERROR(__xludf.DUMMYFUNCTION("""COMPUTED_VALUE"""),"empleando técnicas de inferencia lógica, diseño de entornos virtuales y control de robots") -> empleando técnicas de inferencia lógica, diseño de entornos virtuales y control de robots | N5: =IFERROR(__xludf.DUMMYFUNCTION("""COMPUTED_VALUE"""),"en distintos escenarios de optimización, clasificación y toma de decisiones") -> en distintos escenarios de optimización, clasificación y toma de decisiones | P5: =IFERROR(__xludf.DUMMYFUNCTION("""COMPUTED_VALUE"""),"Aplicar") -> Aplicar
A6: =IFERROR(__xludf.DUMMYFUNCTION("""COMPUTED_VALUE"""),"6 - Idioma Tecnico 1") -> 6 - Idioma Tecnico 1 | I6: =IFERROR(__xludf.DUMMYFUNCTION("""COMPUTED_VALUE"""),"implementa soluciones de inteligencia artificial empleando técnicas de inferencia lógica, diseño de entornos virtuales y control de robots en distintos escenarios de optimización, clasificación y toma de decisiones ") -> implementa soluciones de inteligencia artificial empleando técnicas de inferencia lógica, diseño de entornos virtuales y control de robots en distintos escenarios de optimización, clasificación y toma de decisiones
A7: =IFERROR(__xludf.DUMMYFUNCTION("""COMPUTED_VALUE"""),"19 - Área Social Humanística 2") -> 19 - Área Social Humanística 2 | H7: =IFERROR(__xludf.DUMMYFUNCTION("""COMPUTED_VALUE"""),4.0) -> 4 | I7: =IFERROR(__xludf.DUMMYFUNCTION("""COMPUTED_VALUE"""),"Especifica") -> Especifica | J7: =IFERROR(__xludf.DUMMYFUNCTION("""COMPUTED_VALUE"""),"desarrolla") -> desarrolla | K7: =IFERROR(__xludf.DUMMYFUNCTION("""COMPUTED_VALUE"""),"hechos, reglas, expresiones y predicados recursivos") -> hechos, reglas, expresiones y predicados recursivos | M7: =IFERROR(__xludf.DUMMYFUNCTION("""COMPUTED_VALUE"""),"mediante el uso de cláusulas, ciclos, listas, unificación y cortes en Prolog") -> mediante el uso de cláusulas, ciclos, listas, unificación y cortes en Prolog | N7: =IFERROR(__xludf.DUMMYFUNCTION("""COMPUTED_VALUE"""),"para modelar bases de conocimiento y resolver problemas de inferencia lógica") -> para modelar bases de conocimiento y resolver problemas de inferencia lógica | P7: =IFERROR(__xludf.DUMMYFUNCTION("""COMPUTED_VALUE"""),"Crear") -> Crear
A8: =IFERROR(__xludf.DUMMYFUNCTION("""COMPUTED_VALUE"""),"103 - Área Matemática Básica 2") -> 103 - Área Matemática Básica 2 | I8: =IFERROR(__xludf.DUMMYFUNCTION("""COMPUTED_VALUE"""),"desarrolla hechos, reglas, expresiones y predicados recursivos mediante el uso de cláusulas, ciclos, listas, unificación y cortes en Prolog para modelar bases de conocimiento y resolver problemas de inferencia lógica ") -> desarrolla hechos, reglas, expresiones y predicados recursivos mediante el uso de cláusulas, ciclos, listas, unificación y cortes en Prolog para modelar bases de conocimiento y resolver problemas de inferencia lógica
A9: =IFERROR(__xludf.DUMMYFUNCTION("""COMPUTED_VALUE"""),"960 - Matemática Para Computación 1") -> 960 - Matemática Para Computación 1 | H9: =IFERROR(__xludf.DUMMYFUNCTION("""COMPUTED_VALUE"""),5.0) -> 5 | I9: =IFERROR(__xludf.DUMMYFUNCTION("""COMPUTED_VALUE"""),"Especifica") -> Especifica | J9: =IFERROR(__xludf.DUMMYFUNCTION("""COMPUTED_VALUE"""),"evalúa") -> evalúa | K9: =IFERROR(__xludf.DUMMYFUNCTION("""COMPUTED_VALUE"""),"plataformas de realidad aumentada") -> plataformas de realidad aumentada | M9: =IFERROR(__xludf.DUMMYFUNCTION("""COMPUTED_VALUE"""),"usando criterios de compatibilidad, usabilidad y eficiencia") -> usando criterios de compatibilidad, usabilidad y eficiencia | N9: =IFERROR(__xludf.DUMMYFUNCTION("""COMPUTED_VALUE"""),"bajo escenarios de prueba en dispositivos móviles y navegadores web") -> bajo escenarios de prueba en dispositivos móviles y navegadores web | P9: =IFERROR(__xludf.DUMMYFUNCTION("""COMPUTED_VALUE"""),"Analizar") -> Analizar
A10: =IFERROR(__xludf.DUMMYFUNCTION("""COMPUTED_VALUE"""),"147 - Física Básica") -> 147 - Física Básica | I10: =IFERROR(__xludf.DUMMYFUNCTION("""COMPUTED_VALUE"""),"evalúa plataformas de realidad aumentada usando criterios de compatibilidad, usabilidad y eficiencia bajo escenarios de prueba en dispositivos móviles y navegadores web ") -> evalúa plataformas de realidad aumentada usando criterios de compatibilidad, usabilidad y eficiencia bajo escenarios de prueba en dispositivos móviles y navegadores web
A11: =IFERROR(__xludf.DUMMYFUNCTION("""COMPUTED_VALUE"""),"40 - Deportes 2") -> 40 - Deportes 2 | H11: =IFERROR(__xludf.DUMMYFUNCTION("""COMPUTED_VALUE"""),6.0) -> 6 | I11: =IFERROR(__xludf.DUMMYFUNCTION("""COMPUTED_VALUE"""),"Especifica") -> Especifica | J11: =IFERROR(__xludf.DUMMYFUNCTION("""COMPUTED_VALUE"""),"crea") -> crea | K11: =IFERROR(__xludf.DUMMYFUNCTION("""COMPUTED_VALUE"""),"aplicaciones de realidad aumentada con contenido digital interactivo") -> aplicaciones de realidad aumentada con contenido digital interactivo | M11: =IFERROR(__xludf.DUMMYFUNCTION("""COMPUTED_VALUE"""),"mediante el uso de bibliotecas y técnicas de diseño de experiencias") -> mediante el uso de bibliotecas y técnicas de diseño de experiencias | N11: =IFERROR(__xludf.DUMMYFUNCTION("""COMPUTED_VALUE"""),"para integrar información virtual en el mundo real de forma efectiva y funcional") -> para integrar información virtual en el mundo real de forma efectiva y funcional | P11: =IFERROR(__xludf.DUMMYFUNCTION("""COMPUTED_VALUE"""),"Crear") -> Crear
A12: =IFERROR(__xludf.DUMMYFUNCTION("""COMPUTED_VALUE"""),"8 - Idioma Técnico 2") -> 8 - Idioma Técnico 2 | I12: =IFERROR(__xludf.DUMMYFUNCTION("""COMPUTED_VALUE"""),"crea aplicaciones de realidad aumentada con contenido digital interactivo mediante el uso de bibliotecas y técnicas de diseño de experiencias para integrar información virtual en el mundo real de forma efectiva y funcional ") -> crea aplicaciones de realidad aumentada con contenido digital interactivo mediante el uso de bibliotecas y técnicas de diseño de experiencias para integrar información virtual en el mundo real de forma efectiva y funcional
A13: =IFERROR(__xludf.DUMMYFUNCTION("""COMPUTED_VALUE"""),"795 - Logica de Sitemas") -> 795 - Logica de Sitemas | B13: =IFERROR(__xludf.DUMMYFUNCTION("""COMPUTED_VALUE"""),"1tGblVNcAY7QU_u00ZUgf5GJjDZOK39vXt9FvZeMfPKg") -> 1tGblVNcAY7QU_u00ZUgf5GJjDZOK39vXt9FvZeMfPKg | C13: =IFERROR(__xludf.DUMMYFUNCTION("""COMPUTED_VALUE"""),"1olpUmnSmvTLYIIWFmjmPX_CYPTPOprpPEwh7xMvm2WM") -> 1olpUmnSmvTLYIIWFmjmPX_CYPTPOprpPEwh7xMvm2WM | D13: =IFERROR(__xludf.DUMMYFUNCTION("""COMPUTED_VALUE"""),"17agcDtIQgmVILM9RXVaUBYkv_J7pJleLEkxEkIyMJJM") -> 17agcDtIQgmVILM9RXVaUBYkv_J7pJleLEkxEkIyMJJM | E13: =IFERROR(__xludf.DUMMYFUNCTION("""COMPUTED_VALUE"""),"1w95w-5-FomsEx4h6E_6QIaFvwjWn3GpS") -> 1w95w-5-FomsEx4h6E_6QIaFvwjWn3GpS | H13: =IFERROR(__xludf.DUMMYFUNCTION("""COMPUTED_VALUE"""),7.0) -> 7 | I13: =IFERROR(__xludf.DUMMYFUNCTION("""COMPUTED_VALUE"""),"Especifica") -> Especifica | J13: =IFERROR(__xludf.DUMMYFUNCTION("""COMPUTED_VALUE"""),"integra") -> integra | K13: =IFERROR(__xludf.DUMMYFUNCTION("""COMPUTED_VALUE"""),"diseños 2D y 3D de robots") -> diseños 2D y 3D de robots | M13: =IFERROR(__xludf.DUMMYFUNCTION("""COMPUTED_VALUE"""),"la eficiencia y realismo en simulaciones robóticas") -> la eficiencia y realismo en simulaciones robóticas | N13: =IFERROR(__xludf.DUMMYFUNCTION("""COMPUTED_VALUE"""),"para aumentar la precisión, eficiencia y realismo de entornos virtuales") -> para aumentar la precisión, eficiencia y realismo de entornos virtuales | P13: =IFERROR(__xludf.DUMMYFUNCTION("""COMPUTED_VALUE"""),"Crear") -> Crear
A14: =IFERROR(__xludf.DUMMYFUNCTION("""COMPUTED_VALUE"""),"962 - Matemática Para Computación 2") -> 962 - Matemática Para Computación 2 | I14: =IFERROR(__xludf.DUMMYFUNCTION("""COMPUTED_VALUE"""),"integra diseños 2D y 3D de robots la eficiencia y realismo en simulaciones robóticas para aumentar la precisión, eficiencia y realismo de entornos virtuales ") -> integra diseños 2D y 3D de robots la eficiencia y realismo en simulaciones robóticas para aumentar la precisión, eficiencia y realismo de entornos virtuales
A15: =IFERROR(__xludf.DUMMYFUNCTION("""COMPUTED_VALUE"""),"770 - Introducción a ala programación y computación 1") -> 770 - Introducción a ala programación y computación 1 | B15: =IFERROR(__xludf.DUMMYFUNCTION("""COMPUTED_VALUE"""),"1hnCz3e7R539DMJA_6KBromYXyQWjR5cbX4eUFYyZB78") -> 1hnCz3e7R539DMJA_6KBromYXyQWjR5cbX4eUFYyZB78 | C15: =IFERROR(__xludf.DUMMYFUNCTION("""COMPUTED_VALUE"""),"13K0AQ2QyRJmkDL_B9YKTYVy3OKQyLCIBTe0sAqstrFI") -> 13K0AQ2QyRJmkDL_B9YKTYVy3OKQyLCIBTe0sAqstrFI | D15: =IFERROR(__xludf.DUMMYFUNCTION("""COMPUTED_VALUE"""),"1kT0U-6N_PfLXHZnMI7r4DBtAi8DedDHU4nlc6LJYNo0") -> 1kT0U-6N_PfLXHZnMI7r4DBtAi8DedDHU4nlc6LJYNo0 | E15: =IFERROR(__xludf.DUMMYFUNCTION("""COMPUTED_VALUE"""),"1ckY3kIc3clzV4xpXc56uv8KpfX4YxL-8") -> 1ckY3kIc3clzV4xpXc56uv8KpfX4YxL-8
A16: =IFERROR(__xludf.DUMMYFUNCTION("""COMPUTED_VALUE"""),"107 - Área Matemática Intermedia 1") -> 107 - Área Matemática Intermedia 1
A17: =IFERROR(__xludf.DUMMYFUNCTION("""COMPUTED_VALUE"""),"150 - Fisica 1") -> 150 - Fisica 1 | I17: =I2 -> mejora la eficiencia y realismo en simulaciones robóticas mediante ajuste de parámetros, uso de bibliotecas de control y pruebas iterativas para aumentar la precisión, eficiencia y realismo de entornos virtuales
A18: =IFERROR(__xludf.DUMMYFUNCTION("""COMPUTED_VALUE"""),"1 - Ética Profesional") -> 1 - Ética Profesional | I18: =I4 -> Integra fundamentos de lógica, realidad aumentada y simulación robótica mediante el uso de entornos de desarrollo para resolver problemas relacionados a inferencia, interacción digital y simulación de comportamientos autónomos
A19: =IFERROR(__xludf.DUMMYFUNCTION("""COMPUTED_VALUE"""),"9 - Idioma Técnico 3") -> 9 - Idioma Técnico 3 | I19: =I6 -> implementa soluciones de inteligencia artificial empleando técnicas de inferencia lógica, diseño de entornos virtuales y control de robots en distintos escenarios de optimización, clasificación y toma de decisiones
A20: =IFERROR(__xludf.DUMMYFUNCTION("""COMPUTED_VALUE"""),"796 - Lenguajes Formales y de Programación") -> 796 - Lenguajes Formales y de Programación | B20: =IFERROR(__xludf.DUMMYFUNCTION("""COMPUTED_VALUE"""),"1-dPQ2ZCWWgBi4gyaV8KmnDWxF063I-zfJutKPMwJjrw") -> 1-dPQ2ZCWWgBi4gyaV8KmnDWxF063I-zfJutKPMwJjrw | C20: =IFERROR(__xludf.DUMMYFUNCTION("""COMPUTED_VALUE"""),"14p5IrzE6q20i9mtWRrbgJgIQTyfVIS4RiO1JbrFY3Ng") -> 14p5IrzE6q20i9mtWRrbgJgIQTyfVIS4RiO1JbrFY3Ng | D20: =IFERROR(__xludf.DUMMYFUNCTION("""COMPUTED_VALUE"""),"1AGg7thSM78QT3j-XZKX-5O8_jS800m3f69bnsKDL7lw") -> 1AGg7thSM78QT3j-XZKX-5O8_jS800m3f69bnsKDL7lw | E20: =IFERROR(__xludf.DUMMYFUNCTION("""COMPUTED_VALUE"""),"1OmnbU2f0aXljqhgz4fTmiAjtEt-JJYai") -> 1OmnbU2f0aXljqhgz4fTmiAjtEt-JJYai | I20: =I8 -> desarrolla hechos, reglas, expresiones y predicados recursivos mediante el uso de cláusulas, ciclos, listas, unificación y cortes en Prolog para modelar bases de conocimiento y resolver problemas de inferencia lógica
A21: =IFERROR(__xludf.DUMMYFUNCTION("""COMPUTED_VALUE"""),"771 - Introducción a la Programación y Computación 2") -> 771 - Introducción a la Programación y Computación 2 | B21: =IFERROR(__xludf.DUMMYFUNCTION("""COMPUTED_VALUE"""),"1__RmanO4MiKBpppCFzGzdDC2fWb5cD2m02xjOur_6nk") -> 1__RmanO4MiKBpppCFzGzdDC2fWb5cD2m02xjOur_6nk | C21: =IFERROR(__xludf.DUMMYFUNCTION("""COMPUTED_VALUE"""),"1hwyEeHtTnYmAXwVixwCmwcQ_1S6x1ID8qghxNj_2les") -> 1hwyEeHtTnYmAXwVixwCmwcQ_1S6x1ID8qghxNj_2les | D21: =IFERROR(__xludf.DUMMYFUNCTION("""COMPUTED_VALUE"""),"1u-w0HNCWqujufP7pN3mFHcpWgitZrec1rkML6inpQK4") -> 1u-w0HNCWqujufP7pN3mFHcpWgitZrec1rkML6inpQK4 | E21: =IFERROR(__xludf.DUMMYFUNCTION("""COMPUTED_VALUE"""),"1cHaBQxjzhcYUkXb4b-PtA5PT2axoYWIL") -> 1cHaBQxjzhcYUkXb4b-PtA5PT2axoYWIL | I21: =I10 -> evalúa plataformas de realidad aumentada usando criterios de compatibilidad, usabilidad y eficiencia bajo escenarios de prueba en dispositivos móviles y navegadores web
A22: =IFERROR(__xludf.DUMMYFUNCTION("""COMPUTED_VALUE"""),"112 - Área Matemática Intermedia 2") -> 112 - Área Matemática Intermedia 2 | I22: =I12 -> crea aplicaciones de realidad aumentada con contenido digital interactivo mediante el uso de bibliotecas y técnicas de diseño de experiencias para integrar información virtual en el mundo real de forma efectiva y funcional
A23: =IFERROR(__xludf.DUMMYFUNCTION("""COMPUTED_VALUE"""),"114 - Área Matemática Intermedia 3") -> 114 - Área Matemática Intermedia 3 | I23: =I14 -> integra diseños 2D y 3D de robots la eficiencia y realismo en simulaciones robóticas para aumentar la precisión, eficiencia y realismo de entornos virtuales
A24: =IFERROR(__xludf.DUMMYFUNCTION("""COMPUTED_VALUE"""),"152 - Física 2") -> 152 - Física 2
A25: =IFERROR(__xludf.DUMMYFUNCTION("""COMPUTED_VALUE"""),"10 - Lógica") -> 10 - Lógica
A26: =IFERROR(__xludf.DUMMYFUNCTION("""COMPUTED_VALUE"""),"11 - Idioma Técnico 4") -> 11 - Idioma Técnico 4
A27: =IFERROR(__xludf.DUMMYFUNCTION("""COMPUTED_VALUE"""),"2025 - Prácticas Iniciales") -> 2025 - Prácticas Iniciales
A28: =IFERROR(__xludf.DUMMYFUNCTION("""COMPUTED_VALUE"""),"732 - Estadística 1") -> 732 - Estadística 1
A29: =IFERROR(__xludf.DUMMYFUNCTION("""COMPUTED_VALUE"""),"777 - Organización de Lenguajes y Compiladores 1") -> 777 - Organización de Lenguajes y Compiladores 1 | B29: =IFERROR(__xludf.DUMMYFUNCTION("""COMPUTED_VALUE"""),"1sMJr8kYIDF7fR6Jn6GMDZp8CdJCeGqxbVA5UTdBCrkM") -> 1sMJr8kYIDF7fR6Jn6GMDZp8CdJCeGqxbVA5UTdBCrkM | C29: =IFERROR(__xludf.DUMMYFUNCTION("""COMPUTED_VALUE"""),"1sznB5glJmAKD25Jh38PR_uvVmYLeupPdQfr5Z_cGdy0") -> 1sznB5glJmAKD25Jh38PR_uvVmYLeupPdQfr5Z_cGdy0 | D29: =IFERROR(__xludf.DUMMYFUNCTION("""COMPUTED_VALUE"""),"1kBA4IGrUYJDRe0Y1euEq_2KSZ_6qIOJf4ChyOoB7-bw") -> 1kBA4IGrUYJDRe0Y1euEq_2KSZ_6qIOJf4ChyOoB7-bw | E29: =IFERROR(__xludf.DUMMYFUNCTION("""COMPUTED_VALUE"""),"14tEUE8qfBh4CI8Qotf2UbaoJFzpnWz0r") -> 14tEUE8qfBh4CI8Qotf2UbaoJFzpnWz0r
A30: =IFERROR(__xludf.DUMMYFUNCTION("""COMPUTED_VALUE"""),"964 - Organización Computacional") -> 964 - Organización Computacional | B30: =IFERROR(__xludf.DUMMYFUNCTION("""COMPUTED_VALUE"""),"1daYmFoqU1khKZXb4p_ygv5jH4tkv8-tTjdTDSUh72F0") -> 1daYmFoqU1khKZXb4p_ygv5jH4tkv8-tTjdTDSUh72F0 | C30: =IFERROR(__xludf.DUMMYFUNCTION("""COMPUTED_VALUE"""),"1Iu2w--EUMRmqIHGvbgJsupMFeebEMTKXZFzhrwGZtOs") -> 1Iu2w--EUMRmqIHGvbgJsupMFeebEMTKXZFzhrwGZtOs | D30: =IFERROR(__xludf.DUMMYFUNCTION("""COMPUTED_VALUE"""),"1gqR4HPKEldyIGuEb4K6wpzCwLjthMqCU81C5lPPJfYo") -> 1gqR4HPKEldyIGuEb4K6wpzCwLjthMqCU81C5lPPJfYo | E30: =IFERROR(__xludf.DUMMYFUNCTION("""COMPUTED_VALUE"""),"168JiBG-dVAZLw3Z00Wh0GzOSNJ7yxpVe") -> 168JiBG-dVAZLw3Z00Wh0GzOSNJ7yxpVe
A31: =IFERROR(__xludf.DUMMYFUNCTION("""COMPUTED_VALUE"""),"772 - Estructuras de Datos") -> 772 - Estructuras de Datos | B31: =IFERROR(__xludf.DUMMYFUNCTION("""COMPUTED_VALUE"""),"1rTNY7hLmB5N26Z2z6EtF0axcaKKizdu0eLKqLiwUhto") -> 1rTNY7hLmB5N26Z2z6EtF0axcaKKizdu0eLKqLiwUhto | C31: =IFERROR(__xludf.DUMMYFUNCTION("""COMPUTED_VALUE"""),"1e8AAZ395NIODTRjmbwP3Bvdb1OJlsJawLywq7NixwcM") -> 1e8AAZ395NIODTRjmbwP3Bvdb1OJlsJawLywq7NixwcM | D31: =IFERROR(__xludf.DUMMYFUNCTION("""COMPUTED_VALUE"""),"1PVCPYoBYbA64z-ceE8HVIWfvtziNTX_CeNB1XrAFUmk") -> 1PVCPYoBYbA64z-ceE8HVIWfvtziNTX_CeNB1XrAFUmk | E31: =IFERROR(__xludf.DUMMYFUNCTION("""COMPUTED_VALUE"""),"1E0q2biUjzF_2MGRSFGlAtpUs_jiKeYCi") -> 1E0q2biUjzF_2MGRSFGlAtpUs_jiKeYCi
A32: =IFERROR(__xludf.DUMMYFUNCTION("""COMPUTED_VALUE"""),"116 - Matemática Aplicada 3") -> 116 - Matemática Aplicada 3
A33: =IFERROR(__xludf.DUMMYFUNCTION("""COMPUTED_VALUE"""),"118 - Matemática Aplicada 1") -> 118 - Matemática Aplicada 1
A34: =IFERROR(__xludf.DUMMYFUNCTION("""COMPUTED_VALUE"""),"18 - Filosofía de la Ciencia") -> 18 - Filosofía de la Ciencia
A35: =IFERROR(__xludf.DUMMYFUNCTION("""COMPUTED_VALUE"""),"722 - Teoría de Sistemas 1") -> 722 - Teoría de Sistemas 1 | B35: =IFERROR(__xludf.DUMMYFUNCTION("""COMPUTED_VALUE"""),"1npGvBttUX2JHkjnmDRQmNhZacltUudlNKCQsLV09BaU") -> 1npGvBttUX2JHkjnmDRQmNhZacltUudlNKCQsLV09BaU | C35: =IFERROR(__xludf.DUMMYFUNCTION("""COMPUTED_VALUE"""),"1hMUPf0qs2ca-iLxfgxe8cYMynK4MJCa34p7GqRHJXbE") -> 1hMUPf0qs2ca-iLxfgxe8cYMynK4MJCa34p7GqRHJXbE | D35: =IFERROR(__xludf.DUMMYFUNCTION("""COMPUTED_VALUE"""),"1ATHMFdf0XbWCqh2hcVgPbB3YAnr637GqzneY0kwZPXs") -> 1ATHMFdf0XbWCqh2hcVgPbB3YAnr637GqzneY0kwZPXs | E35: =IFERROR(__xludf.DUMMYFUNCTION("""COMPUTED_VALUE"""),"1me1nH7wLH9V0Y0D1dBAqO-cxBMvcPd1a") -> 1me1nH7wLH9V0Y0D1dBAqO-cxBMvcPd1a
A36: =IFERROR(__xludf.DUMMYFUNCTION("""COMPUTED_VALUE"""),"601 - Investigación de Operaciones 1") -> 601 - Investigación de Operaciones 1
A37: =IFERROR(__xludf.DUMMYFUNCTION("""COMPUTED_VALUE"""),"14 - Economía") -> 14 - Economía | B37: =IFERROR(__xludf.DUMMYFUNCTION("""COMPUTED_VALUE"""),"169ieOogZaXHMs_PddYQfqqWTOgqfbgT1NUf8dchmb4U") -> 169ieOogZaXHMs_PddYQfqqWTOgqfbgT1NUf8dchmb4U | C37: =IFERROR(__xludf.DUMMYFUNCTION("""COMPUTED_VALUE"""),"1aRV1pjb7CPc1NcugRe2l92I-OqNZYb_4YmhuHZtvXzs") -> 1aRV1pjb7CPc1NcugRe2l92I-OqNZYb_4YmhuHZtvXzs | D37: =IFERROR(__xludf.DUMMYFUNCTION("""COMPUTED_VALUE"""),"1pajOO3AWmOi1jPG43utDMvSL31e0t1UDzgvEQYveS28") -> 1pajOO3AWmOi1jPG43utDMvSL31e0t1UDzgvEQYveS28 | E37: =IFERROR(__xludf.DUMMYFUNCTION("""COMPUTED_VALUE"""),"1WqxKIBh1lpbr01vS0jn_ragnl3d_04zY") -> 1WqxKIBh1lpbr01vS0jn_ragnl3d_04zY
A38: =IFERROR(__xludf.DUMMYFUNCTION("""COMPUTED_VALUE"""),"781 - Organización de Lenguajes y Compiladores 2") -> 781 - Organización de Lenguajes y Compiladores 2 | B38: =IFERROR(__xludf.DUMMYFUNCTION("""COMPUTED_VALUE"""),"18dQYgiKWkpI2wogupgHf8u3PbCa0cKqMH6-ZsAIhLPw") -> 18dQYgiKWkpI2wogupgHf8u3PbCa0cKqMH6-ZsAIhLPw | C38: =IFERROR(__xludf.DUMMYFUNCTION("""COMPUTED_VALUE"""),"1FvDr2nu5sW0gxDkpPanB4sWbi78KZCAhc6wrywlrvlE") -> 1FvDr2nu5sW0gxDkpPanB4sWbi78KZCAhc6wrywlrvlE | D38: =IFERROR(__xludf.DUMMYFUNCTION("""COMPUTED_VALUE"""),"1vR-fd-_MbOLAfMSv4L0B7CMj6jdlTkOQCD95r1XcqZI") -> 1vR-fd-_MbOLAfMSv4L0B7CMj6jdlTkOQCD95r1XcqZI | E38: =IFERROR(__xludf.DUMMYFUNCTION("""COMPUTED_VALUE"""),"1OpTiDYbGu0wNKI3xw8Lxhx1c4euS0YR9") -> 1OpTiDYbGu0wNKI3xw8Lxhx1c4euS0YR9
A39: =IFERROR(__xludf.DUMMYFUNCTION("""COMPUTED_VALUE"""),"778 - Arquitectura de Computadoras y Ensambladores 1") -> 778 - Arquitectura de Computadoras y Ensambladores 1 | B39: =IFERROR(__xludf.DUMMYFUNCTION("""COMPUTED_VALUE"""),"13gNb-7XS_aMptaL1TLnLB5k06Y_okRzOgjzOxLHNuiI") -> 13gNb-7XS_aMptaL1TLnLB5k06Y_okRzOgjzOxLHNuiI | C39: =IFERROR(__xludf.DUMMYFUNCTION("""COMPUTED_VALUE"""),"1dlO25kugHQowRwF3LcOkrFuLGg-hP9mn9OW7x7GssMc") -> 1dlO25kugHQowRwF3LcOkrFuLGg-hP9mn9OW7x7GssMc | D39: =IFERROR(__xludf.DUMMYFUNCTION("""COMPUTED_VALUE"""),"1jMElka7Ve71KPvj9i1bHpM_BAVnEwEXLC-W_04LIFGg") -> 1jMElka7Ve71KPvj9i1bHpM_BAVnEwEXLC-W_04LIFGg | E39: =IFERROR(__xludf.DUMMYFUNCTION("""COMPUTED_VALUE"""),"1vPaqqtPi3QjCFIUp-K5im-qBz572iNPY") -> 1vPaqqtPi3QjCFIUp-K5im-qBz572iNPY
A40: =IFERROR(__xludf.DUMMYFUNCTION("""COMPUTED_VALUE"""),"773 - Manejo e Implementación de Archivos") -> 773 - Manejo e Implementación de Archivos | B40: =IFERROR(__xludf.DUMMYFUNCTION("""COMPUTED_VALUE"""),"1VDaIod2C3XfezxQfz50xvWZ9yVVdVvNIqd-1xbJmaD8") -> 1VDaIod2C3XfezxQfz50xvWZ9yVVdVvNIqd-1xbJmaD8 | C40: =IFERROR(__xludf.DUMMYFUNCTION("""COMPUTED_VALUE"""),"1MkqyTtzzzyQyC--twNt__AoC_Sd0UBC67j0f9nktivE") -> 1MkqyTtzzzyQyC--twNt__AoC_Sd0UBC67j0f9nktivE | D40: =IFERROR(__xludf.DUMMYFUNCTION("""COMPUTED_VALUE"""),"1TN3z_RT4NXTQfbj6qQEFc9gmXRHLB6-fy_oyWA0RHdU") -> 1TN3z_RT4NXTQfbj6qQEFc9gmXRHLB6-fy_oyWA0RHdU | E40: =IFERROR(__xludf.DUMMYFUNCTION("""COMPUTED_VALUE"""),"1Nn4F-GdSnEftvTXSfmVRSNkPuH0v1E3D") -> 1Nn4F-GdSnEftvTXSfmVRSNkPuH0v1E3D
A41: =IFERROR(__xludf.DUMMYFUNCTION("""COMPUTED_VALUE"""),"122 - Matemática Aplicada 4") -> 122 - Matemática Aplicada 4
A42: =IFERROR(__xludf.DUMMYFUNCTION("""COMPUTED_VALUE"""),"120 - Matemática Aplicada 2") -> 120 - Matemática Aplicada 2
A43: =IFERROR(__xludf.DUMMYFUNCTION("""COMPUTED_VALUE"""),"200 - Ingeniería Eléctrica 1") -> 200 - Ingeniería Eléctrica 1
A44: =IFERROR(__xludf.DUMMYFUNCTION("""COMPUTED_VALUE"""),"724 - Teoría de Sistemas 2") -> 724 - Teoría de Sistemas 2 | B44: =IFERROR(__xludf.DUMMYFUNCTION("""COMPUTED_VALUE"""),"1Oh-yJJ9oc8SdDPJao-u31YXfwOPrsifu2o1a7Sf2-9k") -> 1Oh-yJJ9oc8SdDPJao-u31YXfwOPrsifu2o1a7Sf2-9k | C44: =IFERROR(__xludf.DUMMYFUNCTION("""COMPUTED_VALUE"""),"1O2rxycdV4XrytI_g4llqenReY8-rYp3frKI7rd6fNMI") -> 1O2rxycdV4XrytI_g4llqenReY8-rYp3frKI7rd6fNMI | D44: =IFERROR(__xludf.DUMMYFUNCTION("""COMPUTED_VALUE"""),"1uWuKRV1yUDuRgCMclGBs18DlrkJbY-3RrPrV1PnXLeM") -> 1uWuKRV1yUDuRgCMclGBs18DlrkJbY-3RrPrV1PnXLeM | E44: =IFERROR(__xludf.DUMMYFUNCTION("""COMPUTED_VALUE"""),"1EQVlwt_Q14_MHhr3GeYfJvtnySQAorrC") -> 1EQVlwt_Q14_MHhr3GeYfJvtnySQAorrC
A45: =IFERROR(__xludf.DUMMYFUNCTION("""COMPUTED_VALUE"""),"603 - Investigación de Operaciones 2") -> 603 - Investigación de Operaciones 2
A46: =IFERROR(__xludf.DUMMYFUNCTION("""COMPUTED_VALUE"""),"734 - Estadística 2") -> 734 - Estadística 2
A47: =IFERROR(__xludf.DUMMYFUNCTION("""COMPUTED_VALUE"""),"281 - Sistemas Operativos 1") -> 281 - Sistemas Operativos 1 | B47: =IFERROR(__xludf.DUMMYFUNCTION("""COMPUTED_VALUE"""),"1RAzDRLQZEv8Ck7PxnFQbrklrekiw5bDJFX0wgP7vFSQ") -> 1RAzDRLQZEv8Ck7PxnFQbrklrekiw5bDJFX0wgP7vFSQ | C47: =IFERROR(__xludf.DUMMYFUNCTION("""COMPUTED_VALUE"""),"145JPmfq4pDEEE_ipNtWzYQNDVrAg9WOQ9ocmZu_NegE") -> 145JPmfq4pDEEE_ipNtWzYQNDVrAg9WOQ9ocmZu_NegE | D47: =IFERROR(__xludf.DUMMYFUNCTION("""COMPUTED_VALUE"""),"1HE-c5k7b7a4sV8kZRb8whPINiB0Q_xMq-7-LwYVSiEA") -> 1HE-c5k7b7a4sV8kZRb8whPINiB0Q_xMq-7-LwYVSiEA | E47: =IFERROR(__xludf.DUMMYFUNCTION("""COMPUTED_VALUE"""),"1n0J1NqUgfuTdZBYJs6ClPsEPAT-BsF53") -> 1n0J1NqUgfuTdZBYJs6ClPsEPAT-BsF53
A48: =IFERROR(__xludf.DUMMYFUNCTION("""COMPUTED_VALUE"""),"779 - Arquitectura de Computadoras y Ensambladores 2") -> 779 - Arquitectura de Computadoras y Ensambladores 2 | B48: =IFERROR(__xludf.DUMMYFUNCTION("""COMPUTED_VALUE"""),"1_uxBhWcRvgBlCjf2s6O-Hvly7rBvJyZdswUKwm6KP5Y") -> 1_uxBhWcRvgBlCjf2s6O-Hvly7rBvJyZdswUKwm6KP5Y | C48: =IFERROR(__xludf.DUMMYFUNCTION("""COMPUTED_VALUE"""),"1dqk67SNWBGb15fqe17ZBfmxUg9pla5H7nqVOrGHYEJ4") -> 1dqk67SNWBGb15fqe17ZBfmxUg9pla5H7nqVOrGHYEJ4 | D48: =IFERROR(__xludf.DUMMYFUNCTION("""COMPUTED_VALUE"""),"1I4Bx-1TpNE382Kclmp7qlhsORNllFJ6iza9or1MYlQM") -> 1I4Bx-1TpNE382Kclmp7qlhsORNllFJ6iza9or1MYlQM | E48: =IFERROR(__xludf.DUMMYFUNCTION("""COMPUTED_VALUE"""),"1fb6OBuOK__kn1iOUatpXGXqw-Xx2KUF3") -> 1fb6OBuOK__kn1iOUatpXGXqw-Xx2KUF3
A49: =IFERROR(__xludf.DUMMYFUNCTION("""COMPUTED_VALUE"""),"970 - Redes de Computadoras 1") -> 970 - Redes de Computadoras 1 | B49: =IFERROR(__xludf.DUMMYFUNCTION("""COMPUTED_VALUE"""),"1z_6lSkIcVZpEVQ4tR8c-eSvVvTxWsXwhmFojsLWeBGc") -> 1z_6lSkIcVZpEVQ4tR8c-eSvVvTxWsXwhmFojsLWeBGc | C49: =IFERROR(__xludf.DUMMYFUNCTION("""COMPUTED_VALUE"""),"18wRQLI8Pz51ZFEFWKE1SD6XVhlxOdJa1PpxDFo2dRT4") -> 18wRQLI8Pz51ZFEFWKE1SD6XVhlxOdJa1PpxDFo2dRT4 | D49: =IFERROR(__xludf.DUMMYFUNCTION("""COMPUTED_VALUE"""),"1i-Uona9IG1TfHaWeowvwDDQBbBF5rm-kKLnZwWQbchA") -> 1i-Uona9IG1TfHaWeowvwDDQBbBF5rm-kKLnZwWQbchA | E49: =IFERROR(__xludf.DUMMYFUNCTION("""COMPUTED_VALUE"""),"1MyEh58_aw-4JAg_UmiHarHdZJMAoZYFg") -> 1MyEh58_aw-4JAg_UmiHarHdZJMAoZYFg
A50: =IFERROR(__xludf.DUMMYFUNCTION("""COMPUTED_VALUE"""),"774 - Sistemas de Bases de Datos 1") -> 774 - Sistemas de Bases de Datos 1 | B50: =IFERROR(__xludf.DUMMYFUNCTION("""COMPUTED_VALUE"""),"1h1zzA1-Xq9ihet57bP4f0PLQnKeojJUanhgpuP67hKs") -> 1h1zzA1-Xq9ihet57bP4f0PLQnKeojJUanhgpuP67hKs | C50: =IFERROR(__xludf.DUMMYFUNCTION("""COMPUTED_VALUE"""),"1xYInTWRmhz45q5vjazDVsb1EGOCbYqibWRBgZMK1g2I") -> 1xYInTWRmhz45q5vjazDVsb1EGOCbYqibWRBgZMK1g2I | D50: =IFERROR(__xludf.DUMMYFUNCTION("""COMPUTED_VALUE"""),"1ab_tQ3tdHfx3wTYZggg6topYWfMdNDjc_9Pl6gMgeY0") -> 1ab_tQ3tdHfx3wTYZggg6topYWfMdNDjc_9Pl6gMgeY0 | E50: =IFERROR(__xludf.DUMMYFUNCTION("""COMPUTED_VALUE"""),"1a0bdit9CmOXEhJOXc35cohqfdNKmMAzD") -> 1a0bdit9CmOXEhJOXc35cohqfdNKmMAzD
A51: =IFERROR(__xludf.DUMMYFUNCTION("""COMPUTED_VALUE"""),"2036 - Prácticas Intermedias") -> 2036 - Prácticas Intermedias
A52: =IFERROR(__xludf.DUMMYFUNCTION("""COMPUTED_VALUE"""),"285 - Sistemas Operativos 2") -> 285 - Sistemas Operativos 2 | B52: =IFERROR(__xludf.DUMMYFUNCTION("""COMPUTED_VALUE"""),"1VCx3jdfVNJvtMfY5j_W624CAT1QxC-9qVw_ts_erFM8") -> 1VCx3jdfVNJvtMfY5j_W624CAT1QxC-9qVw_ts_erFM8 | C52: =IFERROR(__xludf.DUMMYFUNCTION("""COMPUTED_VALUE"""),"1ssmi68Gibgtkl07Zn0H_wQWjqhj_SfcpUhCdmyvVjb4") -> 1ssmi68Gibgtkl07Zn0H_wQWjqhj_SfcpUhCdmyvVjb4 | D52: =IFERROR(__xludf.DUMMYFUNCTION("""COMPUTED_VALUE"""),"1bIFK2VHNoCYqh3rnNBIgLzQpv40VUWzyYaRVu-gQbTI") -> 1bIFK2VHNoCYqh3rnNBIgLzQpv40VUWzyYaRVu-gQbTI | E52: =IFERROR(__xludf.DUMMYFUNCTION("""COMPUTED_VALUE"""),"1q8mN6aa9bhjGWUIaszZNHjuEk-b6qckg") -> 1q8mN6aa9bhjGWUIaszZNHjuEk-b6qckg
A53: =IFERROR(__xludf.DUMMYFUNCTION("""COMPUTED_VALUE"""),"975 - Redes de Computadoras 2") -> 975 - Redes de Computadoras 2 | B53: =IFERROR(__xludf.DUMMYFUNCTION("""COMPUTED_VALUE"""),"1JcTacSIMIoXQmOixc1cssvrK_MVzZYH-Yo4FFSny6Nk") -> 1JcTacSIMIoXQmOixc1cssvrK_MVzZYH-Yo4FFSny6Nk | C53: =IFERROR(__xludf.DUMMYFUNCTION("""COMPUTED_VALUE"""),"1JLgRGqqoVVNY2eFrI2m3ylhPGOUPiyZN7_tK8VnOywQ") -> 1JLgRGqqoVVNY2eFrI2m3ylhPGOUPiyZN7_tK8VnOywQ | D53: =IFERROR(__xludf.DUMMYFUNCTION("""COMPUTED_VALUE"""),"1IL8QCca0XDIN9zPNoVS7hKBCHZQ9eh42iA_U0q-_ktQ") -> 1IL8QCca0XDIN9zPNoVS7hKBCHZQ9eh42iA_U0q-_ktQ | E53: =IFERROR(__xludf.DUMMYFUNCTION("""COMPUTED_VALUE"""),"1gu0dvm6zoJE2RmJVBG6ZIV_BFoLoxJfB") -> 1gu0dvm6zoJE2RmJVBG6ZIV_BFoLoxJfB
A54: =IFERROR(__xludf.DUMMYFUNCTION("""COMPUTED_VALUE"""),"775 - Sistemas de Bases de Datos 2") -> 775 - Sistemas de Bases de Datos 2 | B54: =IFERROR(__xludf.DUMMYFUNCTION("""COMPUTED_VALUE"""),"1TCVGX95CGGMGYvyB2K8cDve9RSMthqD6Tc1-CrmctiM") -> 1TCVGX95CGGMGYvyB2K8cDve9RSMthqD6Tc1-CrmctiM | C54: =IFERROR(__xludf.DUMMYFUNCTION("""COMPUTED_VALUE"""),"1c8vA2_5i-ARXIPU3ZxB3bwcKRbWh46erGG5KH3wrJyU") -> 1c8vA2_5i-ARXIPU3ZxB3bwcKRbWh46erGG5KH3wrJyU | D54: =IFERROR(__xludf.DUMMYFUNCTION("""COMPUTED_VALUE"""),"17_WFCeqzOngZrZqB-G0qa2RVksxKYCq8VrQTxvdfvyg") -> 17_WFCeqzOngZrZqB-G0qa2RVksxKYCq8VrQTxvdfvyg | E54: =IFERROR(__xludf.DUMMYFUNCTION("""COMPUTED_VALUE"""),"d/1-KBylfOI9IIiZlF-l2dlJlM6PNNdjzFl") -> d/1-KBylfOI9IIiZlF-l2dlJlM6PNNdjzFl
A55: =IFERROR(__xludf.DUMMYFUNCTION("""COMPUTED_VALUE"""),"283 - Análisis y Diseño de Sistemas 1") -> 283 - Análisis y Diseño de Sistemas 1 | B55: =IFERROR(__xludf.DUMMYFUNCTION("""COMPUTED_VALUE"""),"1Y3HF-OxPbgEhNi6pNhbpImrQsH3btlYO6xtsnryrunY") -> 1Y3HF-OxPbgEhNi6pNhbpImrQsH3btlYO6xtsnryrunY | C55: =IFERROR(__xludf.DUMMYFUNCTION("""COMPUTED_VALUE"""),"12umvxFMZmSLGZenSQOXCnUePgu7-gug8FmFRz5MKlkE") -> 12umvxFMZmSLGZenSQOXCnUePgu7-gug8FmFRz5MKlkE | D55: =IFERROR(__xludf.DUMMYFUNCTION("""COMPUTED_VALUE"""),"1gwmb6_MjiG_JUXAI5JWT33vnYBsnPqtoeHWc1yoFWQQ") -> 1gwmb6_MjiG_JUXAI5JWT33vnYBsnPqtoeHWc1yoFWQQ | E55: =IFERROR(__xludf.DUMMYFUNCTION("""COMPUTED_VALUE"""),"1QXb23bY6W9aTRkpiCON7Q0ews5p7hatK") -> 1QXb23bY6W9aTRkpiCON7Q0ews5p7hatK
A56: =IFERROR(__xludf.DUMMYFUNCTION("""COMPUTED_VALUE"""),"797 - Seminario de Sistemas 1") -> 797 - Seminario de Sistemas 1 | B56: =IFERROR(__xludf.DUMMYFUNCTION("""COMPUTED_VALUE"""),"1VXfuZgL8iNYOe8XfW_5s4rVnIq-_Xurqk8xlOGGexqY") -> 1VXfuZgL8iNYOe8XfW_5s4rVnIq-_Xurqk8xlOGGexqY | C56: =IFERROR(__xludf.DUMMYFUNCTION("""COMPUTED_VALUE"""),"1eWOPuodcZlQ4YNCFI3CQ-Zpw7nxkVx7vi3XlMdj8he4") -> 1eWOPuodcZlQ4YNCFI3CQ-Zpw7nxkVx7vi3XlMdj8he4 | D56: =IFERROR(__xludf.DUMMYFUNCTION("""COMPUTED_VALUE"""),"13DUp9JOUZdD2C1BdD-os-W-bLO-jSufbMHC7eJ5PBSo") -> 13DUp9JOUZdD2C1BdD-os-W-bLO-jSufbMHC7eJ5PBSo | E56: =IFERROR(__xludf.DUMMYFUNCTION("""COMPUTED_VALUE"""),"1EnANLnqSuVktTF4SdlpIOuHPbefsIOnc") -> 1EnANLnqSuVktTF4SdlpIOuHPbefsIOnc
A57: =IFERROR(__xludf.DUMMYFUNCTION("""COMPUTED_VALUE"""),"700 - Ingeniería Económica 1") -> 700 - Ingeniería Económica 1
A58: =IFERROR(__xludf.DUMMYFUNCTION("""COMPUTED_VALUE"""),"729 - Modelación y Simulación 1") -> 729 - Modelación y Simulación 1 | B58: =IFERROR(__xludf.DUMMYFUNCTION("""COMPUTED_VALUE"""),"17u8GNz3HZ-i9KS-yxFiuJx9u7OawTwjyLcvLoG_x6W8") -> 17u8GNz3HZ-i9KS-yxFiuJx9u7OawTwjyLcvLoG_x6W8 | C58: =IFERROR(__xludf.DUMMYFUNCTION("""COMPUTED_VALUE"""),"1NFJSyWLsOrGAG7qFKpXyw79GRTTb4abmj-M6aBddS5U") -> 1NFJSyWLsOrGAG7qFKpXyw79GRTTb4abmj-M6aBddS5U | D58: =IFERROR(__xludf.DUMMYFUNCTION("""COMPUTED_VALUE"""),"1toY-3JEeuVBJwRbyxsqyquwh-orXIfZE8KB3e43PXok") -> 1toY-3JEeuVBJwRbyxsqyquwh-orXIfZE8KB3e43PXok | E58: =IFERROR(__xludf.DUMMYFUNCTION("""COMPUTED_VALUE"""),"15sfPZmXt41hGkttgpVICPuKozdPNEJ6A") -> 15sfPZmXt41hGkttgpVICPuKozdPNEJ6A
A59: =IFERROR(__xludf.DUMMYFUNCTION("""COMPUTED_VALUE"""),"786 - Sistemas Organizacionales y Gerenciales 1") -> 786 - Sistemas Organizacionales y Gerenciales 1 | B59: =IFERROR(__xludf.DUMMYFUNCTION("""COMPUTED_VALUE"""),"1VTtCckO64u9REDx8UoxNJrYiavZGQU_hh4HvsOUiqlc") -> 1VTtCckO64u9REDx8UoxNJrYiavZGQU_hh4HvsOUiqlc | C59: =IFERROR(__xludf.DUMMYFUNCTION("""COMPUTED_VALUE"""),"1dMwVEKpg3j4uCN3CqoVXOWkBQbHNw7DIhtU8Bhc5Mqc") -> 1dMwVEKpg3j4uCN3CqoVXOWkBQbHNw7DIhtU8Bhc5Mqc | D59: =IFERROR(__xludf.DUMMYFUNCTION("""COMPUTED_VALUE"""),"1eh447vkO2YeAmVFqKtzinqlk4a4Y1JJKjOtv9eVOlY0") -> 1eh447vkO2YeAmVFqKtzinqlk4a4Y1JJKjOtv9eVOlY0 | E59: =IFERROR(__xludf.DUMMYFUNCTION("""COMPUTED_VALUE"""),"1txIe6LugQ0CGgSIkqRY1UZvHL7CtMqgD") -> 1txIe6LugQ0CGgSIkqRY1UZvHL7CtMqgD
A60: =IFERROR(__xludf.DUMMYFUNCTION("""COMPUTED_VALUE"""),"972 - Inteligencia Artificial 1") -> 972 - Inteligencia Artificial 1 | B60: =IFERROR(__xludf.DUMMYFUNCTION("""COMPUTED_VALUE"""),"1C04a6qH3d2zJVb1hJwa6tsRQVM9LUb_nwyxMovG5tdI") -> 1C04a6qH3d2zJVb1hJwa6tsRQVM9LUb_nwyxMovG5tdI | C60: =IFERROR(__xludf.DUMMYFUNCTION("""COMPUTED_VALUE"""),"1CEh1GcUg3ntzgPT9yUocLDlrLJKmZCCl1MWUrEyfwzg") -> 1CEh1GcUg3ntzgPT9yUocLDlrLJKmZCCl1MWUrEyfwzg | D60: =IFERROR(__xludf.DUMMYFUNCTION("""COMPUTED_VALUE"""),"1oncZrzGawvfNWTdhWsLhXGKvrApliYXhCf81eUnkV20") -> 1oncZrzGawvfNWTdhWsLhXGKvrApliYXhCf81eUnkV20 | E60: =IFERROR(__xludf.DUMMYFUNCTION("""COMPUTED_VALUE"""),"1eMKEvvWQ4yFq38z3ks0ZmIZ43xAVGgyM") -> 1eMKEvvWQ4yFq38z3ks0ZmIZ43xAVGgyM
A61: =IFERROR(__xludf.DUMMYFUNCTION("""COMPUTED_VALUE"""),"966 - Seguridad y Auditoría de Redes de Computadoras") -> 966 - Seguridad y Auditoría de Redes de Computadoras
A62: =IFERROR(__xludf.DUMMYFUNCTION("""COMPUTED_VALUE"""),"785 - Análisis y Diseño de Sistemas 2") -> 785 - Análisis y Diseño de Sistemas 2 | B62: =IFERROR(__xludf.DUMMYFUNCTION("""COMPUTED_VALUE"""),"1_ufF1kvClwUUTsCz0V0fLuXjs_JRZWRSMCWkUEd8co4") -> 1_ufF1kvClwUUTsCz0V0fLuXjs_JRZWRSMCWkUEd8co4 | C62: =IFERROR(__xludf.DUMMYFUNCTION("""COMPUTED_VALUE"""),"1HaBdPkxZx1GRiw5WlqxQhbxPWuW-mZVFEoUho7tsLDY") -> 1HaBdPkxZx1GRiw5WlqxQhbxPWuW-mZVFEoUho7tsLDY
A63: =IFERROR(__xludf.DUMMYFUNCTION("""COMPUTED_VALUE"""),"798 - Seminario de Sistemas 2") -> 798 - Seminario de Sistemas 2 | B63: =IFERROR(__xludf.DUMMYFUNCTION("""COMPUTED_VALUE"""),"1v6hbJdWzxkj7s5D7oM894pu3kMAvhEZGXUMfRFv7yKQ") -> 1v6hbJdWzxkj7s5D7oM894pu3kMAvhEZGXUMfRFv7yKQ | C63: =IFERROR(__xludf.DUMMYFUNCTION("""COMPUTED_VALUE"""),"1LxPO_wuZRiAXrS1EicVG-gQWzjILKll8Nqvs3MS7G_k") -> 1LxPO_wuZRiAXrS1EicVG-gQWzjILKll8Nqvs3MS7G_k | D63: =IFERROR(__xludf.DUMMYFUNCTION("""COMPUTED_VALUE"""),"1BWLmO3asfl7g244aKrskvOVVUItkuDglmE1c2bmkR30") -> 1BWLmO3asfl7g244aKrskvOVVUItkuDglmE1c2bmkR30 | E63: =IFERROR(__xludf.DUMMYFUNCTION("""COMPUTED_VALUE"""),"1Aq8boJeyyodIKEdkrfe9fWB5RIGSLDb5") -> 1Aq8boJeyyodIKEdkrfe9fWB5RIGSLDb5
A64: =IFERROR(__xludf.DUMMYFUNCTION("""COMPUTED_VALUE"""),"788 - Sistemas Aplicados 1") -> 788 - Sistemas Aplicados 1
A65: =IFERROR(__xludf.DUMMYFUNCTION("""COMPUTED_VALUE"""),"776 - Bases de Datos Avanzadas") -> 776 - Bases de Datos Avanzadas | B65: =IFERROR(__xludf.DUMMYFUNCTION("""COMPUTED_VALUE"""),"1SZ2dJz29IsruB5vMYQ514xwGe6wyVx6cjMu_iwnHpFo") -> 1SZ2dJz29IsruB5vMYQ514xwGe6wyVx6cjMu_iwnHpFo
A66: =IFERROR(__xludf.DUMMYFUNCTION("""COMPUTED_VALUE"""),"2009 - Prácticas Finales Ingeniería Ciencias y Sistemas") -> 2009 - Prácticas Finales Ingeniería Ciencias y Sistemas
A67: =IFERROR(__xludf.DUMMYFUNCTION("""COMPUTED_VALUE"""),"720 - Modelación y Simulación 2") -> 720 - Modelación y Simulación 2 | B67: =IFERROR(__xludf.DUMMYFUNCTION("""COMPUTED_VALUE"""),"1ebc3-I4AbsLDHtzhtolQz7pqZDPvmSE0yZJu1xY6lLY") -> 1ebc3-I4AbsLDHtzhtolQz7pqZDPvmSE0yZJu1xY6lLY | C67: =IFERROR(__xludf.DUMMYFUNCTION("""COMPUTED_VALUE"""),"1VnSdYE6hCH1oAG4XdaAltDp-IuIjLZzv9KdrOGh2-0Y") -> 1VnSdYE6hCH1oAG4XdaAltDp-IuIjLZzv9KdrOGh2-0Y | D67: =IFERROR(__xludf.DUMMYFUNCTION("""COMPUTED_VALUE"""),"1LLT4wjh6eEkdi7y6_yd99pbR2Q8NPBHYmsciMZpRqUE") -> 1LLT4wjh6eEkdi7y6_yd99pbR2Q8NPBHYmsciMZpRqUE | E67: =IFERROR(__xludf.DUMMYFUNCTION("""COMPUTED_VALUE"""),"11D7BpB1NYAQLsl-xomWKo7ibetJ_b2JE") -> 11D7BpB1NYAQLsl-xomWKo7ibetJ_b2JE
A68: =IFERROR(__xludf.DUMMYFUNCTION("""COMPUTED_VALUE"""),"787 - Sistemas Organizacionales y Gerenciales 2") -> 787 - Sistemas Organizacionales y Gerenciales 2 | B68: =IFERROR(__xludf.DUMMYFUNCTION("""COMPUTED_VALUE"""),"1KpYHYX_EAJ-h4GLtSoCT8Rqz-xU4Qh5pUnEiPyxmEZA") -> 1KpYHYX_EAJ-h4GLtSoCT8Rqz-xU4Qh5pUnEiPyxmEZA | C68: =IFERROR(__xludf.DUMMYFUNCTION("""COMPUTED_VALUE"""),"106SYnPHxQ47_qT62NOXndjd6mPwE7LV7AXR9D4-euB8") -> 106SYnPHxQ47_qT62NOXndjd6mPwE7LV7AXR9D4-euB8 | D68: =IFERROR(__xludf.DUMMYFUNCTION("""COMPUTED_VALUE"""),"1uo3-u0rbLWUGIyMydUz-lOWpj7xdx2oKwNH9T1cU12A") -> 1uo3-u0rbLWUGIyMydUz-lOWpj7xdx2oKwNH9T1cU12A | E68: =IFERROR(__xludf.DUMMYFUNCTION("""COMPUTED_VALUE"""),"1wmyYrKnHpQJd0Iebc9cCHZwq93Te5Iq8") -> 1wmyYrKnHpQJd0Iebc9cCHZwq93Te5Iq8
A69: =IFERROR(__xludf.DUMMYFUNCTION("""COMPUTED_VALUE"""),"790 - Emprendedores de Negocios Informáticos") -> 790 - Emprendedores de Negocios Informáticos
A70: =IFERROR(__xludf.DUMMYFUNCTION("""COMPUTED_VALUE"""),"968 - Inteligencia Artificial 2") -> 968 - Inteligencia Artificial 2
A71: =IFERROR(__xludf.DUMMYFUNCTION("""COMPUTED_VALUE"""),"974 - Redes de Nueva Generación") -> 974 - Redes de Nueva Generación
A72: =IFERROR(__xludf.DUMMYFUNCTION("""COMPUTED_VALUE"""),"780 - Software Avanzado") -> 780 - Software Avanzado | B72: =IFERROR(__xludf.DUMMYFUNCTION("""COMPUTED_VALUE"""),"1SZ2dJz29IsruB5vMYQ514xwGe6wyVx6cjMu_iwnHpFo") -> 1SZ2dJz29IsruB5vMYQ514xwGe6wyVx6cjMu_iwnHpFo | C72: =IFERROR(__xludf.DUMMYFUNCTION("""COMPUTED_VALUE"""),"13JrqVT0c3I6SzCOF1sKpi1qJKOryNTT4TsCaNwuV-24") -> 13JrqVT0c3I6SzCOF1sKpi1qJKOryNTT4TsCaNwuV-24 | D72: =IFERROR(__xludf.DUMMYFUNCTION("""COMPUTED_VALUE"""),"1QVpX8zi83Rr6KfcUvSEKp9NqRCfEFmL1eZ88Oeeolto") -> 1QVpX8zi83Rr6KfcUvSEKp9NqRCfEFmL1eZ88Oeeolto | E72: =IFERROR(__xludf.DUMMYFUNCTION("""COMPUTED_VALUE"""),"1j6tUIPNPfK0lVrpQxNZKyB23LcXzn5Ge") -> 1j6tUIPNPfK0lVrpQxNZKyB23LcXzn5Ge
A73: =IFERROR(__xludf.DUMMYFUNCTION("""COMPUTED_VALUE"""),"789 - Sistemas Aplicados 2") -> 789 - Sistemas Aplicados 2
A74: =IFERROR(__xludf.DUMMYFUNCTION("""COMPUTED_VALUE"""),"735 - Auditoría de Proyectos de Software") -> 735 - Auditoría de Proyectos de Software
A75: =IFERROR(__xludf.DUMMYFUNCTION("""COMPUTED_VALUE"""),"7999 - Seminario de Investigación EPS Sistemas") -> 7999 - Seminario de Investigación EPS Sistemas
A76: =IFERROR(__xludf.DUMMYFUNCTION("""COMPUTED_VALUE"""),"799 - Seminario de Investigación") -> 799 - Seminario de Investigación
A77: =IFERROR(__xludf.DUMMYFUNCTION("""COMPUTED_VALUE"""),"90 - Programacion de Computadoras 1") -> 90 - Programacion de Computadoras 1 | B77: =IFERROR(__xludf.DUMMYFUNCTION("""COMPUTED_VALUE"""),"1qvDDGj5yCc7f5CzNszeAsW2HPXfptQjvWIcbjskCMYM") -> 1qvDDGj5yCc7f5CzNszeAsW2HPXfptQjvWIcbjskCMYM | C77: =IFERROR(__xludf.DUMMYFUNCTION("""COMPUTED_VALUE"""),"1YPGQg3r0TE0ZsibgKarHMDVR2FLaHLC0G5O84_GpNhw") -> 1YPGQg3r0TE0ZsibgKarHMDVR2FLaHLC0G5O84_GpNhw | D77: =IFERROR(__xludf.DUMMYFUNCTION("""COMPUTED_VALUE"""),"1A_jprbCHQlF7SUg-tly0Ak7hJtMh8U9qL3lUg0S2T4U") -> 1A_jprbCHQlF7SUg-tly0Ak7hJtMh8U9qL3lUg0S2T4U | E77: =IFERROR(__xludf.DUMMYFUNCTION("""COMPUTED_VALUE"""),"1QT0XgtJhS0WdXvrmJ9l5fhkQxyPS7eMI") -> 1QT0XgtJhS0WdXvrmJ9l5fhkQxyPS7eMI
A78: =IFERROR(__xludf.DUMMYFUNCTION("""COMPUTED_VALUE"""),"92 - Programacion de Computadoras 2") -> 92 - Programacion de Computadoras 2 | B78: =IFERROR(__xludf.DUMMYFUNCTION("""COMPUTED_VALUE"""),"1SCiXODhHsEGBVGnnYk9ZrO_gSOSvcGwu7lDEJBfLaEw") -> 1SCiXODhHsEGBVGnnYk9ZrO_gSOSvcGwu7lDEJBfLaEw | C78: =IFERROR(__xludf.DUMMYFUNCTION("""COMPUTED_VALUE"""),"1Bf3nWt47xcnM3VU3BvJaD4AcWQd-1GK4pJm4b69PzDk") -> 1Bf3nWt47xcnM3VU3BvJaD4AcWQd-1GK4pJm4b69PzDk | D78: =IFERROR(__xludf.DUMMYFUNCTION("""COMPUTED_VALUE"""),"1DHgSe2VDZ9KBUhl4_7NdyzagI7iar5NJSgD9rUtytdY") -> 1DHgSe2VDZ9KBUhl4_7NdyzagI7iar5NJSgD9rUtytdY | E78: =IFERROR(__xludf.DUMMYFUNCTION("""COMPUTED_VALUE"""),"1FHqe10A7z4kQFMWfvfI8tkxBkAgiF7u2e1XlqT1-63E") -> 1FHqe10A7z4kQFMWfvfI8tkxBkAgiF7u2e1XlqT1-63E
A79: =IFERROR(__xludf.DUMMYFUNCTION("""COMPUTED_VALUE"""),"667 - Programacion Comercial 1") -> 667 - Programacion Comercial 1 | B79: =IFERROR(__xludf.DUMMYFUNCTION("""COMPUTED_VALUE"""),"1q-0CM7N_hXOxknvTAL7P8U9-t9hqpm1-3l5E6r3G-qg") -> 1q-0CM7N_hXOxknvTAL7P8U9-t9hqpm1-3l5E6r3G-qg | C79: =IFERROR(__xludf.DUMMYFUNCTION("""COMPUTED_VALUE"""),"1R41rwbBQZrh9qjZ3XYjH5mTM9rwh34s58Htn787_YnY") -> 1R41rwbBQZrh9qjZ3XYjH5mTM9rwh34s58Htn787_YnY | D79: =IFERROR(__xludf.DUMMYFUNCTION("""COMPUTED_VALUE"""),"1s3J2CHGyPGSPwPm7T7m5o_7sQCrWwpQ5xqzAk04bgVA") -> 1s3J2CHGyPGSPwPm7T7m5o_7sQCrWwpQ5xqzAk04bgVA | E79: =IFERROR(__xludf.DUMMYFUNCTION("""COMPUTED_VALUE"""),"1VSynsMtKbK1ktIqRzKf6QEpnepidsJka") -> 1VSynsMtKbK1ktIqRzKf6QEpnepidsJka
A80: =IFERROR(__xludf.DUMMYFUNCTION("""COMPUTED_VALUE"""),"768 - Algoritmos") -> 768 - Algoritmos | B80: =IFERROR(__xludf.DUMMYFUNCTION("""COMPUTED_VALUE"""),"1SjAd6zUsLAnVyCAYH7AjoRBdaM836qJGVSbcpa5npcA") -> 1SjAd6zUsLAnVyCAYH7AjoRBdaM836qJGVSbcpa5npcA | C80: =IFERROR(__xludf.DUMMYFUNCTION("""COMPUTED_VALUE"""),"1afm0IKlaJOgHVN4bCH6AUAoNUqhq0_44_T5aENeyCWo") -> 1afm0IKlaJOgHVN4bCH6AUAoNUqhq0_44_T5aENeyCWo | D80: =IFERROR(__xludf.DUMMYFUNCTION("""COMPUTED_VALUE"""),"1G1fW33CrLmmI1Pxdgw_cAdUJKRHg8LpG4-p2vnoWUqw") -> 1G1fW33CrLmmI1Pxdgw_cAdUJKRHg8LpG4-p2vnoWUqw | E80: =IFERROR(__xludf.DUMMYFUNCTION("""COMPUTED_VALUE"""),"1ySU7wJA5-EonRSWzEsgL03LPoX0Yz7rw") -> 1ySU7wJA5-EonRSWzEsgL03LPoX0Yz7rw
A81: =IFERROR(__xludf.DUMMYFUNCTION("""COMPUTED_VALUE"""),"0089 - Comunicación Asertiva") -> 0089 - Comunicación Asertiva | D81: =IFERROR(__xludf.DUMMYFUNCTION("""COMPUTED_VALUE"""),"1_Ei-qZBLFjKXYNiETo-SLQ_i6LLtwBqz0DelGIPi31I") -> 1_Ei-qZBLFjKXYNiETo-SLQ_i6LLtwBqz0DelGIPi31I | E81: =IFERROR(__xludf.DUMMYFUNCTION("""COMPUTED_VALUE"""),"10NGlQjOf6PbS47vS9QrPsz0UIEnfLTPH") -> 10NGlQjOf6PbS47vS9QrPsz0UIEnfLTPH
